material_id,formula,n_pred_n0,n_target
mp-37381,SmOF,1.9386,1.9074
mp-10623,ThSbRh,4.7446,4.5044
mp-675511,Sm2PbS4,3.1447,3.1203
mp-38194,YOF,1.8852,1.8864
mp-7787,HfSO,2.477,2.6552
mp-2416,YF3,1.5709,1.6292
mp-11000,CaB4O7,1.8418,1.7758
mp-1095634,TeAsRu,4.7163,4.5333
mp-1317,CoSb3,5.5784,5.9232
mp-4627,CoAsS,5.2137,4.8776
mp-558781,ScTaO4,2.2565,2.2555
mp-28395,B6P,2.6699,2.7437
mp-1522,FeS2,4.6633,4.5891
mp-675620,Nd2PbS4,3.1136,3.1225
mp-556605,ZrO2,2.3345,2.3653
mp-4609,HfSiO4,2.0012,1.9819
mp-675977,AgBiS2,4.0028,5.7137
mp-1228724,AsRhSe,5.0899,4.6941
mp-27164,FeP4,4.5089,4.4414
mp-27888,Zr3GeO8,2.2916,2.3044
mp-31451,ZrCoBi,4.7977,4.5747
mp-568556,Mg2B24C,2.7263,2.8458
mp-16363,CoAsS,5.0149,4.9199
mp-1214793,AsOsS,4.1736,4.2015
mp-14232,LiBO2,1.6729,1.7113
mp-1639,BN,2.065,2.1486
mp-1103842,P4Os,4.0958,4.0711
mp-27985,YClO,2.0491,2.0633
mp-29644,GeBi4Te7,5.151,5.4892
mp-9270,SbIrS,4.7204,4.0562
mp-1778,BeO,1.6327,1.7644
mp-1217120,Ti2FeNiSb2,4.9309,4.7558
mp-5967,TiCoSb,4.9903,4.5234
mp-861979,Ir2S3,4.3544,4.3783
mp-685097,HfO2,2.2195,2.2389
mp-730,P2Pt,4.3721,4.4323
mp-752484,YbB4O7,1.8832,1.7818
mp-5853,LiSi2N3,2.1223,2.0989
mp-1030245,Ca3ReN4,2.2953,17.7923
mp-865713,Li2TlBi,5.7717,9.7692
mp-961711,ZrSiPt,4.2087,4.0566
mp-14983,Si4P4Ru,4.075,3.8919
mp-19886,ThSnPt,4.9989,5.0644
mp-691,SnSe,3.7732,4.1182
mp-624,B6As,2.7483,2.7702
mp-5540,SrB4O7,1.8411,1.7775
mp-2542,BeO,1.6342,1.7613
mp-181,KGa3,6.324,6.1209
mp-1095507,SbIrSe,4.8426,4.2903
mp-1100408,TaSnRh,4.5556,4.5367
mp-1206514,Mg3AsN,3.0194,3.2126
mp-1212441,Hf3Ni3Sb4,5.9367,5.6356
mp-7913,BeSiN2,2.138,2.1365
mp-1226003,CoPS,4.852,4.58
mp-1102531,PRhSe,4.7971,4.4799
mp-31493,RbGa3,6.4006,6.1981
mp-1207448,Zr3Sb4Pt3,5.3631,5.4991
mp-961673,TiFeTe,4.8361,4.6216
mvc-643,AlCo(WO4)2,2.1874,3.641
mp-35015,NaBiSe2,4.018,4.8289
mp-1228745,AsRhS,4.8248,4.4054
mp-15649,As2Ir,4.9093,4.6214
mp-2653,BN,2.0681,2.1505
mp-867169,Sr2SnHg,8.7558,8.3197
mp-19,Te,5.5383,6.6049
mp-862721,Sr2CdPb,6.9608,17.9457
mp-66,C,2.5602,2.4145
mp-8630,SbIrS,4.6565,4.0928
mp-29187,Co(SiP)3,4.3949,4.3456
mp-717,B2O3,1.8222,1.7476
mp-1219924,PRhS,4.6181,4.2204
mp-569571,Nb3Sb2Te5,4.3707,4.8778
mp-1228810,AsIrSe,4.647,4.1864
mp-1189451,BeCN2,2.2109,2.1793
mp-867149,Sr2CdSn,5.8894,19.2892
mp-1094088,NbCoSn,4.9591,4.9973
mp-1220004,PIrS,4.2195,3.8174
mp-19717,TePb,4.7906,5.1204
mp-567313,Te,5.5655,6.9493
mp-1029265,Mg2ZnN2,1.8605,15.7121
mp-1228823,AsIrS,4.4016,3.9648
mp-866229,Ca2SnHg,13.2521,15.0125
mp-559864,InSb2S4Br,2.8025,4.4116
mp-938,GeTe,4.5693,6.1444
mp-137,Ge,7.4674,6.2745
mp-14790,Ge(Te2As)2,5.216,7.004
mp-2693,SnSe,4.1418,6.7604
mp-14791,Ge2Te5As2,5.1503,8.0387
mp-1029619,Ba(ReN2)2,5.3186,9.5386
mp-655,Na3As,3.0346,31.0023
mp-35162,MnIn2O4,2.0594,8.469
mp-22880,FeBr2,2.276,12.8913
mp-1029978,KRuN2,4.8608,29.729
mp-4840,GaCuSe2,3.2728,14.2764
mp-1029569,Na3IrN2,2.2043,21.7892
mp-761269,Li2AgF4,1.7294,21.9119
mp-28691,TaTe4I,3.2364,22.1911
mp-18786,Ca2CoSi2O7,1.7859,11.2159
mp-1095603,YAsSe,3.9723,29.1881
mp-22205,InN,3.2728,38.6395
mp-767722,VFe(P2O7)2,2.0781,2.0706
mp-561622,Cs2AgAsS4,2.0271,2.0511
mp-643431,AgH4WS4N,1.9906,2.1994
mp-23850,NaH2N,1.495,1.5515
mp-541226,CsBrF6,1.4549,1.5285
mp-11643,K2Mg(PSe3)2,2.2039,2.18
mp-15794,LiYSe2,2.6634,2.6063
mp-616566,Li2VPO6,1.8069,1.8488
mp-27833,Tl2TeCl6,1.9623,1.9838
mp-27529,PI3,1.8531,1.908
mp-1019550,BeGeN2,2.267,2.3009
mp-1029921,Ca3Al3N5,2.3008,2.2916
mp-19799,BaPbF6,1.5981,1.6136
mp-13033,MgTe,2.3263,2.3465
mp-754658,TeO3,2.1073,2.0689
mp-1220821,NaBi3(BrO2)2,2.3209,2.3354
mp-15939,SrAl2B2O7,1.5952,1.5673
mp-757191,P4WO12,1.6308,1.5894
mp-568544,CsCdCl3,1.7585,1.846
mp-1013911,Na2CoP2O7,1.6659,1.6059
mp-754604,BaBePO4F,1.6365,1.6732
mp-9386,CsAu3Se2,2.2459,2.2713
mp-555223,Cs2MnF5,1.4763,1.5599
mp-1029850,K15Cr7N19,3.4561,2.69
mp-707226,H8Se2N2O5,1.63,1.6741
mp-505366,AuBr,2.3064,2.1923
mp-768573,Lu3AlO6,1.9925,1.9649
mp-22356,In2HgS4,2.8549,3.0277
mp-29174,SiCl2,1.5045,1.705
mp-1029943,Ca3GaN3,2.6027,2.566
mp-34501,Fe2CoO4,3.0048,2.8208
mp-34042,KY3F10,1.4922,1.5034
mp-4117,Li2Si2O5,1.5685,1.5793
mp-23486,RbNiCl3,1.7811,1.8712
mp-31116,LaScO3,2.2031,2.2382
mp-7752,Sr3SbN,3.2961,3.1375
mp-569790,BaAg2GeSe4,2.7499,2.8115
mp-6015,LiSiNO,1.8195,1.8309
mp-7012,KRb2YF6,1.3773,1.4225
mp-625857,Zn(HO)2,1.6669,1.6492
mp-22391,Sr3V2O7,2.21,2.3554
mp-560675,K6Cu(SiO4)2,1.6717,1.6456
mp-640889,Tm(CuTe)3,3.5247,3.593
mp-686129,Li5TiN3,2.2415,2.362
mp-23894,LiAs(HO2)2,1.576,1.5784
mp-3519,ZrSO,2.6586,2.7812
mp-557467,Li4Ca(BO3)2,1.614,1.6472
mp-779165,Li2MnF5,1.5387,1.5193
mp-753815,CaY2O4,1.9664,1.9315
mp-6999,ScPS4,2.3436,2.1848
mp-1219581,RbMgAlF6,1.3533,1.3958
mp-757075,Li2TiVO4,2.1248,2.7764
mp-1030153,Te4MoW3S4,0.5963,1.0
mp-23494,Ti(Bi3O5)4,2.5139,2.5038
mp-697139,PHN2,1.9148,1.9346
mp-555070,BaBe2(BO3)2,1.6246,1.7106
mp-602,Te2Mo,2.4657,3.7734
mp-11917,Mg(BeN)2,2.1517,2.1692
mp-19086,BaCoO2,2.1033,2.1612
mp-1228141,Ba3CaTa2O9,2.1101,2.1302
mvc-16044,Sr4MgCr2(SO3)2,2.092,2.1846
mp-754605,LiLuO2,1.9378,1.9243
mp-26982,MnP2O7,2.1842,2.2686
mp-8789,Ca4As2O,2.9231,2.8133
mp-35822,Li4SiO4,1.6191,1.6421
mp-569595,PbI2,2.2693,2.2787
mp-7456,SnF2,1.8149,1.8237
mp-706983,K3HPtS2(ClO3)2,1.6115,1.6401
mp-634,HgS,2.5895,2.5512
mp-644264,Ca4Mg4Fe3H22,2.1385,2.2047
mp-14437,RbYO2,1.9192,1.9179
mp-756696,Mg2Mn3O8,2.3475,2.3803
mp-776684,Li3FeF6,1.4673,1.5011
mp-756582,Li2CoGeO4,1.8684,1.8433
mp-8713,K2MnS2,1.9516,1.996
mp-11342,GaSe,2.6004,2.5564
mp-504723,Ba2NiWO6,2.1777,2.1832
mp-29598,NaP4N7,2.0374,2.0475
mp-625509,H3BrO,1.5401,1.6238
mp-625378,NaH9O5,1.4092,1.4453
mp-11660,Hf3N4,3.2962,3.3438
mp-989195,ScClO,2.0666,2.0604
mp-18147,LiGaSiO4,1.6781,1.6744
mp-1103152,CsBrF4,1.5026,1.5465
mp-5588,BaSiF6,1.4274,1.4801
mp-224,WS2,2.3538,3.042
mp-707249,H24C8S(NO2)2,1.5253,1.5126
mvc-6928,Ca(FeO2)2,2.0858,2.271
mp-758501,LiNiF3,1.4431,1.5193
mp-760333,Li5VCr3O8,2.0724,2.242
mp-36100,Ca(SmS2)2,2.7596,2.7785
mp-604429,NaFe3H6(SO7)2,1.8578,1.8217
mp-981511,Y3SbO7,2.0511,2.0677
mp-30068,CIN,1.4553,1.6621
mp-759283,FeOF,2.081,2.1197
mp-11327,Rb2Se,1.8035,1.8206
mp-16264,LiCaSb,3.4402,3.2547
mp-556525,BaNd2PtO5,2.3138,2.3797
mp-755756,Y2TeO2,2.5164,2.6569
mp-1943,GaSe,2.6006,2.5477
mp-14285,CoP2,4.9355,4.9939
mp-18311,BaTeW2O9,2.106,2.0884
mp-23063,Ba4Cl6O,1.7014,1.7502
mp-9751,Al2Ge2O7,1.7361,1.7711
mp-13843,Li2TeO4,1.8481,1.8399
mp-1540935,GeI2,2.4019,2.4795
mp-561511,FeAsS,4.9728,5.0018
mp-1213231,CsY(MoO4)2,1.6976,1.6864
mp-675926,LiBH4,1.676,1.7374
mp-756254,LiNiSbO4,1.9228,1.9176
mp-28237,RbLiBr2,1.6033,1.6577
mp-755260,Cd4B6O13,1.9141,1.859
mp-2659,LiN3,1.6912,1.6621
mp-1190487,Na2Zn(SnS3)2,2.2004,2.1782
mp-23059,Rb2SnCl6,1.5833,1.6532
mp-547792,KSbO3,1.8615,1.7899
mp-1542038,CsSnSe3,2.3733,2.3819
mp-1029851,Na2GeN2,2.1917,2.2273
mp-546552,KCrO2,1.962,2.0936
mp-510268,Cs2Pd3S4,2.4158,2.4769
mp-6870,KBe2BO3F2,1.4723,1.4705
mp-1206535,Cs2RbCuF6,1.5464,1.6213
mp-555867,BaNb2Bi2O9,2.3791,2.4489
mp-625455,NaH9O5,1.3809,1.4235
mp-7387,KAgF4,1.5875,1.5484
mp-638731,LaCO3F,1.8042,1.8167
mp-554383,Na2Si2O5,1.5151,1.5452
mp-1210128,NaCr(PS3)2,2.2404,2.265
mp-863731,InH4NCl4,1.6125,1.612
mp-18860,Li2VSiO5,1.937,1.8735
mp-36582,NaHS,1.7254,1.8203
mp-1191353,RbGaH4,1.5864,1.6248
mp-13820,Cd3SiO5,2.1866,2.1201
mp-1019595,Ce5Zr3O16,2.5718,2.6837
mp-10952,Cu2HgGeS4,3.3675,3.677
mp-8621,K2PtSe2,2.4279,2.4598
mp-9198,Fe(SiP)4,4.2464,4.1109
mp-3006,P2Pd3S8,2.5178,2.4199
mp-754153,LiH2BrO,1.6184,1.6948
mp-19926,La2Be2GeO7,1.9715,1.975
mp-12955,HoAgSe2,2.9125,2.9506
mp-1222404,LiBiS2,4.3891,3.0819
mp-4549,SrSiN2,2.2065,2.1831
mp-4632,Sr3(PO4)2,1.7459,1.7613
mp-1543286,MgCoF5,1.6494,1.6303
mp-1105700,TePb2O5,2.363,2.4283
mp-1247,Sb2Ir,4.895,4.986
mp-29060,Ba5(SiN3)2,2.4271,2.5891
mp-40189,BaLiLaTeO6,2.1034,2.1056
mp-4929,KBF4,1.3168,1.341
mp-28514,Ba(BrO3)2,1.642,1.6905
mp-1102430,SbTeIr,4.7788,4.5378
mp-768907,Sr3TeO6,1.9242,1.9013
mp-763609,Li4Mn5O10,2.4335,2.3701
mp-1209982,NaMoO3F,1.7621,1.8263
mp-626229,H4SO5,1.4741,1.5011
mp-28712,Si2Hg6O7,2.248,2.356
mp-3486,KSnSb,3.4416,3.552
mp-8207,Zn(PtO2)3,3.6742,3.9697
mp-16773,KTb(PO3)4,1.6233,1.6346
mp-20025,Mn(GaS2)2,2.421,2.4633
mp-7232,Cs2HgO2,1.8058,1.7795
mp-641,As2S3,2.0476,2.3508
mp-771909,Li4Mn2P4H3O16,1.7159,1.912
mp-1954,P3N5,2.1786,2.2703
mp-7206,TcAgO4,2.0318,2.2716
mp-1873,ZnF2,1.592,1.5984
mp-5724,AlPO4,1.4589,1.4576
mp-4974,La2Zr2O7,2.1779,2.2108
mp-1027443,Te2Mo3W(SeS2)2,0.9318,1.0
mp-545999,AgSbO3,2.388,4.1525
mp-557426,CaMnF5,1.5003,1.5307
mp-541911,HfNCl,2.1814,2.154
mp-752508,Cs2WO4,1.5845,1.636
mp-8195,Ba2GeAs2,3.3971,3.4464
mp-644129,KNiPH2O5,1.5919,1.6575
mp-18817,NiSeO4,1.9385,1.9046
mp-554650,LaH6(ClO3)3,1.6215,1.6925
mp-754916,Li4VCr(TeO6)2,2.4104,2.4622
mp-27949,Si2H6O,1.4477,1.4786
mp-1009894,ZrC,3.9607,5.1864
mp-766229,Li3VSiO5,1.7829,1.8383
mp-41414,BaLaMgBiO6,2.249,2.2643
mp-545500,BaSbClO2,1.9371,1.9823
mp-752463,NbNO,3.1335,3.0558
mp-766460,FePO4,1.7657,1.7283
mp-770192,Li2CrO3,2.3214,2.7154
mp-28741,CuSe3Br,2.6532,2.7548
mp-1104717,Na2AgF4,1.5863,1.5899
mp-1193963,Mg2SiS4,2.1941,2.2274
mp-777999,VOF2,1.899,1.9507
mp-677335,GaPO4,1.5595,1.5503
mp-753318,DyBO3,1.8642,1.851
mp-1212662,GaClO,1.734,1.6541
mp-4527,Li8SnO6,1.8045,1.8143
mp-555218,Ba4Br6O,1.7834,1.8484
mp-23571,KBa4Bi3O,3.1105,3.0324
mp-558838,NiPtF6,1.728,1.7947
mp-28109,SbAsO3,2.0336,2.0304
mp-1009084,BeSnAs2,3.8121,3.6645
mp-541097,Zr3Pb(O2F3)2,1.9922,2.0748
mp-4452,Cd(GaS2)2,2.3935,2.4091
mp-8613,MnPS3,2.473,2.3925
mp-16179,SrCu2GeSe4,3.106,3.1334
mp-778554,Li2MnF4,1.4187,1.4506
mp-541032,Te7As5I,4.5341,4.7642
mp-13335,Cd(BO2)2,1.9819,1.9122
mp-643371,K2Sn(H2N)6,1.6338,1.6189
mp-2920,LaAlO3,2.1868,2.1682
mp-7566,InPO4,1.8915,1.7938
mp-752623,LiCoSiO4,1.9809,1.9611
mp-13660,Ca4Sb2O,3.3257,3.023
mp-989606,CaReN3,2.4203,2.5198
mp-759764,W(OF)2,1.7353,1.7664
mp-1078186,KZn2BCl2O3,1.6584,1.5698
mp-27999,K5CuSb2,2.4517,2.6231
mp-1205541,NaScTl2F6,1.6874,1.7011
mp-4867,CaAl4O7,1.6561,1.6788
mp-924130,TiNiSn,4.8107,4.9266
mp-1029474,Ca7SiN6,2.3945,2.4546
mp-34116,Tm2MgS4,2.6535,2.7441
mp-685969,Ag8GeTe6,4.3453,7.0644
mp-560977,KTiPS5,2.2239,2.2371
mp-541582,ReSe2,3.8236,3.4175
mp-638009,RbPPbS4,2.4454,2.235
mp-29172,SeF4,1.435,1.5186
mp-3159,Al2CdSe4,2.4348,2.479
mp-706976,PH4N(OF)2,1.4166,1.4376
mvc-3677,MgFeF4,1.5256,1.5351
mp-774933,Li4NbFe(TeO6)2,2.3134,2.2763
mp-571558,HgBr2,1.9405,2.1314
mp-8708,Mg(AuF4)2,1.6056,1.6069
mp-28364,Rb2CdO2,1.98,1.9353
mp-14638,Rb2LiGaF6,1.4289,1.4729
mp-849504,Ta2CrNO5,2.5296,2.5966
mp-15833,Zn4P6SN12,2.087,2.119
mp-1029375,BaCN2,1.8302,1.7992
mp-643264,BaMg2FeH8,2.1609,2.1608
mp-9808,Rb3NbO8,1.6181,1.6477
mp-1194266,K3SbS3,1.9523,1.9351
mp-558042,Sm3CuSnS7,2.7869,2.8102
mp-642210,MgSiO3,1.5668,1.5806
mp-762649,Na3LiMn5O9,2.1385,2.6762
mp-2715,CoAs2,5.6547,5.8795
mp-4170,NaTaO3,2.2819,2.2817
mp-18310,Si3Ag3(SnP3)2,4.2736,1.0
mp-1101894,FeAsSe,5.378,5.2262
mp-560203,SiO2,1.5822,1.5863
mp-8212,Cd(PtO2)3,3.6227,4.1681
mp-22987,BiIO,2.6252,2.5778
mp-10341,SrGeTeO6,1.9102,1.8605
mp-752827,Ba2In2O5,2.1895,2.2392
mp-3748,AlCuO2,2.3083,2.359
mp-557387,Sr2TmNbO6,2.1483,2.1576
mp-15567,Na3AuS2,2.0522,2.0599
mp-3915,BaHgO2,1.9509,1.8871
mp-41734,Na8Al6Si6SO28,1.5007,1.4715
mp-677378,TiNbTl(O2F)2,2.1959,2.2417
mp-1078908,Ca2CdP2,3.1762,3.0554
mp-11902,Ba2GeSe4,2.354,2.4252
mp-504891,La3MnGaS7,2.5645,2.7628
mp-755709,LiFeO2,2.1528,2.2046
mp-24500,ZnH12SeO10,1.5335,1.5539
mp-6273,Ba4Na(SbO4)3,2.084,2.0959
mp-643101,Rb2H6Pt,1.6183,1.6351
mp-18498,Sr3YRhO6,2.1761,2.2048
mp-28683,Ta(ICl)2,2.031,2.0758
mp-570755,KTaN2,2.3331,2.3655
mp-1209072,SbSeBr,2.6561,2.7567
mp-850274,H2,1.2385,1.2459
mp-561641,Cs2Sn(AuS2)2,2.1068,2.0971
mp-9732,BaNaP,2.817,2.9495
mp-1214020,Ca4YB3O10,1.763,1.7837
mp-557631,AgAs(XeF5)2,1.5778,1.9273
mp-2604,MgTe2,3.3867,3.2294
mp-8876,Ca4Al6SO12,1.6655,1.6723
mp-985571,LiAg(CO2)2,1.7051,1.7369
mp-989643,LaCoN3,4.5127,3.5699
mp-1019524,Ba3P6(N4O3)2,1.9121,1.9357
mp-19052,K3VO4,1.5883,1.5981
mp-765466,Ga2CoO4,2.0891,2.0905
mp-11695,Rb2Pd3S4,2.5122,2.6896
mp-1191240,Sr2ZnSi2O7,1.7262,1.7232
mp-12855,Cu2HgGeSe4,2.1566,4.899
mp-8491,LiInP2O7,1.6579,1.6435
mp-16577,Li2CaHfF8,1.4571,1.5111
mp-13042,NaSr3TaO6,1.9342,1.9753
mp-764642,Li2CoSiO4,1.7797,1.7932
mp-1209234,RbCr(SO4)2,1.6823,1.6822
mp-22904,CaCl2,1.6047,1.6548
mp-23074,BiOF,2.3646,2.2187
mp-7756,SrLiSb,3.0787,3.1821
mp-989616,CaWN3,2.6179,2.9701
mp-19970,Li3CuO3,2.1394,2.2975
mp-39770,Zr2P3H4NO12,1.7632,1.7645
mp-7906,Al2HgS4,2.3932,2.3883
mp-1029510,Sr3(BN2)2,2.1619,2.2473
mp-1209302,Rb2TcCl6,1.6647,1.7548
mp-29209,Ba(MgBi)2,3.6321,4.1338
mp-557974,BaZn2(BO3)2,1.7716,1.7877
mp-17512,Zn(AuF4)2,1.6801,1.7095
mp-23145,Na4Al3Si3ClO12,1.4897,1.5095
mp-588,GaF3,1.5333,1.5162
mp-568264,SiSe2,1.8764,1.9611
mp-707009,BH2OF3,1.3249,1.329
mp-626088,FeHO2,2.0628,2.1612
mp-17095,CsCuSe4,2.6617,2.8079
mp-561786,Cs(TeO3)2,2.1689,3.2492
mp-8830,NaRhO2,2.6952,2.6312
mp-1595,Nb2O5,2.3182,2.2841
mvc-6291,Ca2YSnO5,2.0908,2.1072
mp-676464,Cd3AsI3,2.3928,2.3696
mp-1539101,TeSeO4,2.1248,2.1782
mp-17307,K2Hg3(GeSe4)2,2.4537,2.5045
mp-17696,Ba2VN3,2.7684,2.6706
mp-1009639,PrN,2.6758,2.845
mp-560614,KLiSO4,1.4653,1.4816
mp-755390,NbFeO4,2.407,2.4961
mp-682,NaF,1.3529,1.3664
mp-9066,NaLi2AsO4,1.6197,1.6438
mp-558836,MoF6,1.4097,1.3861
mp-863076,NbBiO4,2.3049,2.3317
mp-31488,Li3NbO4,1.9494,1.9912
mp-14092,AlAgTe2,2.9469,2.9596
mp-19260,Li2WO4,1.9404,1.9537
mp-30908,Ag3PSe4,3.0344,3.0722
mp-550300,RbNa7(CoO3)2,1.8167,1.8434
mp-1321,CdSb,6.1872,5.2753
mp-8224,CaSnF6,1.3819,1.3751
mp-669426,SiO2,1.4676,1.5261
mp-634466,HgH12(ClO7)2,1.567,1.5342
mp-13150,BN,1.9237,1.9278
mp-30533,KPt2S3,2.7247,2.8565
mp-3376,Sr2SnO4,2.0395,1.989
mp-17392,Sr2ZnGe2O7,1.8104,1.7971
mp-9579,AlTlSe2,2.675,2.8785
mp-33932,NbHO3,2.2145,2.2714
mp-542136,Na3PSO3,1.6325,1.6649
mp-20726,SrCaSn,4.4936,4.2555
mp-555207,BN(OF2)2,1.4318,1.3957
mp-19294,LiFeP2O7,1.7808,1.7732
mp-5795,CaMg2N2,2.3479,2.4175
mp-9791,Tl3AsS3,2.8549,2.9121
mp-554124,NaV(SO4)2,1.7061,1.7084
mp-556478,SrH2(CO2)2,1.573,1.5677
mp-1176640,LiMnCrO4,2.3584,2.402
mp-29829,LiAuS,2.5085,2.577
mp-643432,H3N,1.4554,1.549
mp-10246,Na2PtS2,2.5031,2.4987
mp-6766,CaMg(SiO3)2,1.6946,1.7284
mp-1205652,TlNiCl3,2.0505,2.1173
mp-632296,HF,1.2895,1.3192
mp-29305,Re2PbO8,1.7812,1.8813
mp-997089,NaAuO2,2.2184,2.1861
mp-541190,Cs2LiVO4,1.7009,1.7335
mp-1019743,Ga3BN4,2.3376,2.4279
mp-570324,Rb2TeBr6,1.8624,1.9199
mp-1193265,Na3SbSe3,2.3992,2.4649
mp-571093,BaAlSiH,3.6628,3.7896
mp-677191,BaLaZnRuO6,2.6122,2.6635
mp-546125,ScAsO4,2.0104,2.0518
mp-554845,Na2Zn2O3,1.9973,2.0179
mp-6450,K2LiAlP2,2.4156,2.4295
mp-5380,Ca4P2O,2.6766,2.7139
mp-1105201,Ba5In4Te4S7,2.442,2.5553
mp-149,Si,3.472,3.606
mp-639463,SiO2,1.4014,1.4187
mp-756117,Li2TiTeO6,2.1971,2.1463
mp-1539667,CsPbCl3,1.8132,1.9027
mp-15733,CaTaAlO5,1.9319,1.9818
mvc-662,Mo(WO4)2,2.0222,2.026
mp-768368,K4I2O,1.6644,1.7195
mp-760477,SmBO3,1.8767,1.8596
mp-697133,Cs2CaH4,1.7577,1.7877
mp-769218,Ni(PS3)2,2.7465,3.7824
mp-4152,Ga2CoS4,2.588,2.9146
mp-1105094,TlHgCl3,1.9663,1.9102
mp-4047,Cs2SiF6,1.3696,1.4021
mp-8724,K2TeO3,1.6246,1.663
mp-867507,TaGaFe2,6.7212,6.3476
mp-8351,NaAlSiO4,1.4992,1.5187
mp-1015076,CrN2,6.0046,1.0
mp-756810,Sr3Ta4(O6F)2,2.1091,2.135
mp-626835,H8PtO6,1.8551,1.9167
mp-625924,H5NO,1.3563,1.4319
mp-754974,CrSbO4,2.0946,2.055
mp-8281,Ba(CdAs)2,10.8699,9.8809
mp-1550,AlP,2.8411,2.8535
mp-8892,LiInF4,1.5028,1.5353
mp-23023,LaBrO,2.0748,2.0358
mp-14482,SrNb6O16,2.4506,2.5787
mp-696656,BH4O2F3,1.3591,1.3936
mp-770219,NbAsO4,2.4453,2.3782
mp-19417,TiFeO3,2.3118,2.4124
mp-778061,LiCoSiO4,1.9977,1.9708
mp-1190588,Ba2Cd(BO2)6,1.7097,1.7221
mp-556049,Sr4Br6O,1.8277,1.8541
mp-32884,Ag2S,2.9153,2.9448
mp-755190,TaVO4,2.49,2.4537
mp-29751,CsMgI3,1.8844,1.8724
mp-23052,ZrIN,2.4993,2.4216
mp-28013,MnI2,2.2863,2.2304
mp-10074,GeSe2,2.5731,2.6719
mp-20727,Sb2PbO6,2.0815,2.1087
mp-765493,Ba2Sb2O5,1.9699,1.9964
mp-614803,Cs2TeO3,1.6772,1.6928
mp-15218,Cs2TaAgS4,1.8645,1.9187
mp-29027,TaI2O,2.4706,2.4463
mp-7580,Hg3(SF)2,2.2682,2.3106
mp-15549,K2LiAlF6,1.3623,1.4167
mp-11020,GaAgO2,2.4561,2.4765
mp-1225894,CsLiMnS2,2.0747,2.1475
mp-1105775,Sc4OsCl4,3.0993,2.9036
mp-1020031,LiCaAlN2,2.2871,2.302
mp-1213703,Cs3Ca2Cl7,1.5456,1.6078
mp-5621,NbCu3S4,2.4138,2.5281
mp-28650,CsBr2F,1.6358,1.8703
mp-5693,NaCrS2,2.8535,2.9248
mp-558071,RbS,1.6817,1.6841
mp-752853,Li2FeSiO4,1.7971,1.7496
mp-567601,Sr4CN4,2.1679,2.3107
mp-972448,SmBS3,2.5086,2.6089
mp-989571,Cs2NaInCl6,1.6053,1.6775
mp-10547,RbAuO,1.8705,1.9302
mp-10851,SiO2,1.5299,1.5337
mp-720391,BH4NF4,1.3288,1.3661
mp-28873,CsBrO3,1.6302,1.6382
mp-8453,RbNaO,1.8339,1.8586
mp-40143,Cs2KZrOF5,1.4903,1.5351
mp-1111952,Cs2AlTlF6,1.5428,1.5809
mp-545552,SnO,2.4913,2.5613
mp-557997,CaSeO3,1.7876,1.8561
mp-30300,Cs3As5O9,1.6839,1.7265
mp-28567,LiBiF4,1.7142,1.6888
mp-9719,Na2LiAlP2,2.7005,2.6279
mp-21855,VCu3Se4,2.7754,2.8649
mp-4701,CuSnF6,1.7903,2.4114
mp-561048,K3VSO3,1.6572,1.7232
mp-23021,K2ReBr6,1.8075,1.8942
mp-21459,InAgS2,2.7733,2.6815
mp-18876,K3CrO8,1.7574,1.6984
mp-30952,GaCl3,1.4818,1.5337
mp-758074,LiVPO5,1.7045,1.67
mp-33775,La5AgSe8,3.1441,3.1111
mp-31110,Sm3GaO6,2.0552,2.0561
mp-753432,LiMnFeO4,2.4044,2.3666
mp-1079885,LiSbS2,3.3627,3.228
mp-18878,LiFeAs2O7,1.9471,1.9912
mp-29089,Sr2GeN2,3.0189,5.8984
mp-675418,BH6N,1.449,1.5128
mp-684770,Li2FeP2HO8,1.7456,1.7736
mp-3637,YOF,1.8381,1.8453
mp-867695,Li2WS4,1.7953,1.7992
mp-12878,Sr2YSbO6,1.9981,2.001
mp-28383,KNaS,1.8378,1.9034
mp-8263,KNa2BO3,1.5603,1.5813
mp-697047,Li3H4Rh,2.1311,3.36
mp-760375,Li3VS4,1.7521,1.7793
mp-30062,Cs2PtBr6,1.82,1.8765
mp-550998,TiZn(BiO3)2,2.5381,2.5031
mp-1219758,Rb2CrBrCl3,1.7558,3.0766
mp-13308,HoGeAu,4.8298,5.9321
mp-754237,LiTmO2,1.9616,1.9356
mp-11836,ErSbPd,4.6537,4.2829
mp-30959,LiHS,1.6996,1.7549
mp-978114,Sn5O6,2.3681,2.4476
mp-27841,VBrO,2.1465,2.0982
mp-7280,PPdS,3.6128,3.3278
mp-510011,La3CuGeSe7,2.9838,3.0028
mp-760137,Li7V(O2F)2,1.6854,1.729
mp-5874,TlAgTe,3.9638,4.2063
mp-974434,RuF4,2.2568,2.2255
mp-7470,RbCuO,1.8917,1.921
mp-22917,CuBr,2.2316,2.1907
mp-570744,Si3As4,3.572,4.0821
mp-20731,In2HgSe4,2.8335,2.9445
mp-770690,Mn3TeO6,2.3412,2.1513
mp-29863,AsCl3O,1.5976,1.5711
mp-5078,SrZnF4,1.4611,1.5073
mp-1188344,CsLiCl2,1.5383,1.5647
mp-1290803,YCr(WO4)2,2.1219,2.1689
mp-997002,KAuO2,1.8341,1.884
mp-570081,CuI,2.2082,2.3371
mp-551403,Ba2Fe2S2OF2,2.0892,2.1194
mp-556640,CuBi(WO4)2,2.416,2.4945
mp-762295,K2Mn3V2(HO5)2,1.8482,1.927
mp-561200,Na3MnF6,1.4476,1.4573
mp-19885,InGaS3,2.5215,2.6378
mp-1190619,Ca(BH4)2,1.609,1.6404
mp-1211745,K2RbScV2O8,1.8316,1.8791
mp-1000,BaTe,2.4039,2.4446
mp-7048,Al2O3,1.7266,1.7787
mp-1101340,SrCaI4,1.8115,1.7684
mp-20282,CsPbF3,1.637,1.6989
mp-753746,Rb2O,2.2052,2.0591
mp-759107,Li4Mn3P3O12F,1.6107,1.5877
mp-559931,VF3,1.6094,1.64
mp-10070,BaAg(PO3)3,1.7129,1.6537
mp-568557,RbTaN2,2.39,2.4037
mp-756746,Rb4PbO4,1.8796,1.7827
mp-762225,BaCO3,1.6553,1.6527
mp-696396,NaHCO3,1.4927,1.503
mp-1091384,NbTl3S4,2.5588,2.5766
mp-6951,RbCdF3,1.5245,1.5444
mp-626435,Al(HO)3,1.5839,1.62
mp-35208,NdOF,1.9109,1.9179
mp-989548,Rb2NaTlF6,1.4944,1.494
mp-766262,H20C3(N2O5)2,1.4829,1.5317
mp-570971,Sr3Ga3N5,2.4648,2.5145
mp-997394,NbAgF6,1.633,1.6396
mp-10155,P2Ir,4.5423,4.0944
mp-1213068,CuTeSeI,2.9618,2.973
mp-721896,H4CSN2,1.5726,1.7429
mp-771335,Na3SnPCO7,1.7247,1.7261
mp-28918,Sb2WO6,2.3805,2.5066
mp-753323,Li4Mn2OF7,1.5311,1.6078
mp-1213705,Cs2NaGaP2,2.5407,2.6034
mp-38511,Ag2S,3.1327,3.9453
mp-29689,Nb3TeI7,3.0443,2.9364
mp-560515,K4Ru2Cl10O,1.7883,1.9126
mp-754943,ErBiO3,2.3541,2.3652
mp-24468,H8S(NO2)2,1.4588,1.5147
mp-27851,Hg3(SeCl)2,2.2987,2.3733
mp-10621,RbSbS2,2.2413,2.2651
mp-17909,SiO2,1.4157,1.3335
mp-626259,H3NO4,1.6005,1.5433
mp-1747,K2Te,1.8207,1.8641
mp-38162,Sm5CuSe8,3.3426,3.328
mp-1218926,SnPtSe,4.9204,5.1708
mp-1295909,Mn2V2O7,2.4695,2.5948
mp-541899,CsCdBr3,1.7836,1.8099
mp-1029627,Mg2ReN3,4.2988,3.2485
mp-1029139,Te4MoW3S4,0.6617,1.0
mp-541155,VS4,2.103,2.4806
mp-760307,Li7Mn(OF)3,1.6571,1.6258
mp-23866,H2SeO4,1.6129,1.5938
mp-8279,Ba(CdP)2,3.3518,3.5981
mp-28891,Li7TaO6,1.8246,1.8581
mp-2176,ZnTe,2.9345,3.0029
mp-1188089,K2Ni3Se4,2.9404,2.9286
mp-9783,Ba3(AsO4)2,1.8494,1.8622
mp-776397,LiMn2PO5,1.8149,1.8031
mp-673245,CuI,2.398,2.521
mp-13985,Li2PdF6,1.6592,1.7221
mp-1102961,AlCdCl4,1.6302,1.616
mp-867336,K2SrCdSb2,2.9653,3.2652
mp-756912,LiZnBO3,1.7476,1.7414
mp-22874,PBr5,2.0831,2.2679
mp-7643,K2AgSb,2.658,2.7143
mp-9911,K3SbS4,1.8784,1.9529
mp-20337,ZrPbO3,2.4316,2.4756
mp-27897,Ba(NO2)2,1.6495,1.6265
mp-754967,BaTeO4,1.8602,1.8383
mp-568662,BaCl2,1.663,1.6937
mp-635425,AlF3,1.3925,1.453
mp-989562,Cs2LiTlF6,1.5851,1.5973
mp-779539,Li2CuPO4,1.7705,1.7824
mp-22661,InAg(PS3)2,2.4262,2.3454
mp-626721,RbHO,1.5404,1.5814
mp-556604,BaCuPClO4,1.942,1.9668
mp-23535,K2ZnBr4,1.6172,1.659
mp-9576,KSbSe2,2.4977,2.5141
mp-867339,CsK2Bi,3.1628,3.402
mp-1020615,Y2SiP4O15,1.6245,1.6115
mp-23450,RbIO4,1.6074,1.6054
mp-3536,MgAl2O4,1.7578,1.7547
mp-768223,Cs2CeO3,1.8628,2.0298
mp-31045,KAuI3,2.4396,2.5664
mp-675180,ErCuSe2,3.0822,3.1859
mp-24292,Sr2H6Ru,2.0863,2.0703
mp-1190809,Li8TeN2,2.352,2.5046
mp-18274,Ba4LiNb3O12,2.1869,2.2452
mp-696736,RbBe2F5,1.3006,1.3547
mp-997036,CdAuO2,2.79,2.745
mp-850878,Fe4O5F3,2.3996,3.1364
mp-675918,Li9CrN5,2.2379,2.4451
mp-11737,Li4SiO4,1.6271,1.6503
mp-996956,CuHO2,3.0069,3.1405
mp-1023926,Te2W,2.8511,2.4232
mp-29894,Hg2WO4,2.2819,2.4588
mp-22903,RbI,1.5867,1.6459
mp-768152,NaZrPCO7,1.6318,1.5885
mp-41472,Ca5P3HO13,1.6988,1.7131
mp-8884,ZnTe,2.9358,2.969
mp-755436,Na3VO4,1.6111,1.6264
mp-697044,Ba2H6Os,1.9908,2.1054
mp-996983,AgAuO2,3.2043,3.1974
mp-1185571,CsAs(HO2)2,1.6113,1.5767
mp-1219132,Re2MoSe4,3.4223,3.6467
mp-8258,BaAl4S7,2.2375,2.2096
mp-36775,SrAl2O4,1.7069,1.7108
mp-23202,InI,2.523,2.9083
mp-580554,CsLi3Br4,1.6773,1.6665
mp-8127,K2Mg(CO3)2,1.5665,1.587
mp-510566,La3CuSnS7,2.6875,2.7463
mp-757388,PH6NO4,1.4915,1.4865
mp-29703,BaSi7N10,2.1206,2.0859
mp-17350,La2TeO6,2.0721,2.0378
mp-556859,HgO,2.3502,2.3731
mp-28423,Ga2TeSe2,2.6049,2.6112
mp-569578,NbI5,2.2265,2.4446
mp-30927,CsAs4F13,1.4873,1.5095
mp-771648,RbCrO2,2.0372,2.1481
mp-757199,Li4MnNb2WO12,2.5434,2.6293
mp-567744,SrBr2,1.7367,1.7554
mp-15703,BeCN2,2.2429,2.1918
mp-570044,NbI4,2.4613,2.6154
mp-9747,B4PbO7,2.0237,1.9688
mp-558731,Li2TeS3,2.5203,2.8004
mp-4385,CdCO3,1.8641,1.8223
mp-1029331,LiHf2N3,2.6617,2.8858
mp-17244,Ba2ZnGe2S6O,2.2091,2.176
mp-29584,K4BeAs2,2.1236,2.162
mp-37722,KBH4,1.4087,1.51
mp-23907,H2,0.9984,1.1229
mp-613910,BaNiF6,1.7098,1.9786
mp-867615,Ca2Tl2O5,2.403,2.4065
mp-1019105,KMgBi,3.2604,3.2188
mp-36248,H4BrN,1.7082,1.749
mp-35647,Zn2PtO4,2.4824,2.4285
mp-2150,BaTe2,3.0832,2.9721
mp-567907,P3N5,2.0217,2.0045
mp-33569,Sr(LaSe2)2,2.9026,2.8842
mp-696231,H4CN5Cl,1.5655,1.6097
mp-28980,K3BiSe3,2.1032,2.1398
mp-29877,K2ReH9,1.6432,1.6563
mp-632480,Ag3SI,2.9042,2.9032
mp-556653,Cd2BiAsO6,2.205,2.1184
mp-9462,CsTeSe3,2.691,2.9533
mp-772778,KHfPCO7,1.5656,1.552
mp-1080625,Sr2LiReO6,2.0956,2.184
mp-676300,Sc3NbO7,2.3573,2.4304
mp-551905,OsO4,1.5209,1.574
mp-772753,Li3ZnPCO7,1.634,1.6448
mp-571084,MnBr2,1.9282,2.0105
mp-753756,FePO4,1.7618,1.6787
mp-27912,Ni(HO)2,1.6211,1.8155
mp-574040,K2SnBr6,1.7308,1.78
mp-8754,NaLiTe,2.2403,2.3192
mp-758389,LiNb(TeO4)3,2.1586,2.1055
mp-4666,CdSiP2,3.2368,3.2845
mp-2114,YN,2.8009,3.9278
mp-15988,Li2CuSb,4.2509,4.2875
mp-1205906,KMnIO6,1.9717,2.0216
mp-12418,SrCaGe,4.2138,4.1538
mp-752498,Li2VOF5,1.4753,1.501
mp-8208,Mg(PtO2)3,3.5402,3.8749
mp-583071,CaAlH5,2.1464,2.2025
mp-1079726,Zr2SeN2,3.241,3.2729
mp-753401,Sc2TiO5,2.2016,2.1897
mp-19163,SrWO4,1.901,1.8716
mp-1019791,K2Zn(PO3)4,1.571,1.5832
mp-570238,P10Au7I,3.629,3.9376
mp-773864,TiSnO4,2.2597,2.3298
mp-1029922,RbRuN2,5.0245,15.4801
mp-626543,H3NO,1.3629,1.3529
mp-573316,CsPt2Se3,2.9024,3.0204
mp-755811,Na3CoO3,1.8333,1.7791
mp-33985,Ba(InTe2)2,2.8686,2.9143
mp-1208807,Sr3SbI3,2.0442,2.1543
mp-754243,Cr4OF11,1.7595,1.8528
mp-998613,KGeCl3,1.7047,1.7989
mp-560394,AsPbClO2,2.0945,2.1108
mp-36988,Ca(AlSe2)2,2.3957,2.4297
mp-1223893,InAgGeSe4,3.0352,2.9906
mp-20261,Mn(GaSe2)2,2.7991,2.7819
mp-24461,H12OsN5Cl3O,1.8897,1.6915
mp-541771,Bi4RuI2,3.1935,3.2464
mp-22939,BiClO,2.3986,2.3792
mp-27724,BPS4,1.8436,1.8068
mp-23655,Na4Al3Si3IO12,1.5097,1.5592
mp-752471,Li7FeO6,2.0526,2.6539
mp-557437,KBi(PS3)2,2.3569,2.3771
mp-33024,H2S,1.5568,1.5947
mp-1220908,NaSO3F,1.4187,1.4141
mp-29432,NaScCl4,1.6154,1.7118
mp-15571,K3AuSe2,1.8667,1.9324
mp-34022,Mg2SnO4,1.902,1.8673
mp-5770,AgNO2,1.8519,1.8903
mp-29910,Sr4I6O,1.9819,2.0242
mp-28408,KTcCl3,1.8032,1.8704
mp-23807,AlHO2,1.8133,1.7856
mp-555976,Na2TiSiO5,1.769,1.806
mp-17245,Na3TaF8,1.4266,1.4722
mp-505511,CoAsSe,5.4911,5.3843
mp-3982,KCuO2,1.9831,2.0346
mp-865427,KSrCO3F,1.4945,1.5199
mp-12626,K2SrBe2F8,1.3596,1.429
mp-753816,Na6MgO4,1.7625,1.7705
mp-753525,VOF3,1.716,1.6896
mp-1066131,YTlS2,2.5891,2.656
mp-1086652,BaAgSF,2.1397,2.2493
mp-989622,BaWN3,2.4668,2.8418
mp-638061,AlInCl4,1.6749,1.7361
mp-11321,Y3TaO7,2.1035,2.1285
mp-561189,Rb6Si10O23,1.5077,1.5419
mp-1434,MoS2,2.6789,3.1727
mp-31114,Ho3GaO6,2.0555,2.032
mp-758977,LiFeSiO4,1.8521,1.9102
mp-5076,SrZrO3,2.1433,2.1507
mp-558369,K2LiVO4,1.6629,1.6844
mp-14794,K6CoS4,1.9375,2.0675
mp-3919,KBO2,1.5015,1.5333
mp-767556,NaTiPCO7,1.6767,1.715
mp-37430,Na4S2O5,1.5594,1.6523
mp-1019323,Th2HN3,2.9742,2.8354
mp-11715,MgSn(BO3)2,1.8519,1.8379
mp-13992,Cs2Pt3S4,2.3847,2.4207
mp-6507,Na2Zn2Si2O7,1.674,1.6849
mp-561710,CsSnS3,2.0801,2.1283
mp-555147,SiO2,1.5483,1.5719
mp-1225916,CsCNO,1.4895,1.539
mp-754639,FeSeO4,1.9566,1.8683
mp-1542940,TiTlPS5,2.4344,2.417
mp-644285,KAlH2CO5,1.5428,1.569
mp-3540,Li2SnO3,2.0423,1.9188
mp-6667,CaBPO5,1.7019,1.7033
mp-7885,AlAgS2,2.8786,2.7694
mp-1040443,KBaBiTeO6,2.1605,2.3297
mp-1102077,NaAlF4,1.3339,1.3668
mp-2136,Sb2O3,2.2216,2.2376
mp-559151,BaSrTa2O7,2.1194,2.1526
mp-760492,Na4PtO4,2.0758,2.2478
mp-23237,BiF3,1.8613,1.8817
mp-760367,VOF3,1.7285,1.7538
mp-23849,Li2H2SO5,1.4435,1.4937
mp-774243,LiCrSnO4,2.213,2.1957
mp-22889,ZnCl2,1.6735,1.6776
mp-10492,Rb2SiF6,1.3322,1.3715
mp-9172,Li4TiO4,1.7922,1.8018
mp-759014,Li4MnO2F3,1.7234,1.8539
mp-8890,Cs(SbS2)2,2.372,2.5036
mp-19426,CaWO4,1.9904,1.9533
mp-866883,Ca2SnS4,2.378,2.5921
mp-697408,H10C2N2O5,1.4877,1.5395
mp-19422,Na3VS3O,1.9042,1.9947
mp-758131,VPH7N2O5,1.685,1.6915
mp-2706,SnF4,1.551,1.5441
mp-567677,GeI2,2.4179,2.3826
mp-2918,YCuO2,2.2132,2.2082
mp-1284741,Ca2V3O8,2.1636,2.272
mp-1008492,BrCl,1.8302,1.9332
mp-1221101,NaBiSe2,3.1666,3.2116
mp-7848,AlPO4,1.4359,1.4616
mp-1189227,NaAl(PS3)2,2.0404,2.1052
mp-1065514,YTlTe2,3.1622,3.1025
mp-9922,HfS3,2.5256,2.5429
mp-989627,SrTcN3,2.9618,2.6158
mp-1672,CaS,2.2471,2.2334
mp-30373,RbAu,2.1587,2.3007
mp-11007,CaPSe3,2.6342,2.638
mp-19447,Cs2NaVO4,1.7063,1.7314
mp-1207082,LiMgSb,2.9174,3.0298
mp-691106,MnSnO3,2.2889,2.237
mp-2672,K2O2,1.5939,1.5925
mp-1214080,Ca3SbI3,2.1419,2.2459
mp-18779,Na2CrO4,1.6341,1.6786
mp-34330,MgAl2O4,1.7592,1.7731
mp-676020,BaCO3,1.6429,1.6476
mp-34078,H3ClO,1.4733,1.5322
mp-984107,K3IO5,1.6517,1.6457
mp-643727,HPbBrO,2.2433,2.2181
mp-752844,Li2MnSiO4,1.8234,1.749
mp-27630,CrCl3,1.9797,2.0057
mp-23484,CsAuCl3,2.2141,2.6562
mp-1018100,AlSb,3.3778,3.3946
mp-559286,Na4Al3Ge3ClO12,1.5593,1.5586
mp-23184,BCl3,1.3708,1.4252
mp-1223853,K2Zr(PO4)2,1.6198,1.6374
mp-6955,KGeNO,1.8683,1.8898
mp-540997,FeTeCl7,1.742,1.8368
mp-644097,BaAlH5,2.0736,2.1761
mp-5377,YTaO4,2.1439,2.1516
mp-989558,Cs2TlGaF6,1.5695,1.6087
mp-12535,K2ZnTe2,2.3036,2.211
mp-5860,K2HgO2,1.7274,1.7453
mp-27655,Te2I,3.4052,3.4856
mp-29468,Rb6Cl4O,1.5443,1.5851
mp-9212,NaAlO2,1.5666,1.6207
mp-555874,LiAsS2,2.7722,2.9209
mp-35751,Zn(CN)2,1.3994,1.4893
mp-615138,MnF2,1.5161,1.5903
mp-755203,Li4NbFe(WO6)2,2.285,2.3631
mp-23550,KBrF4,1.5095,1.4981
mp-9634,Na3AgS2,1.9977,2.0166
mp-7331,Cs2MgFe(CN)6,1.6906,1.7126
mp-31306,C2O3F2,1.4087,1.3699
mp-757002,KZrPCO7,1.5954,1.5747
mp-555903,Al(IO3)3,1.9977,2.0089
mp-556503,LiH3CO3,1.4367,1.4647
mp-1205397,Ba2YInSe5,2.5049,2.633
mp-971,K2O,1.7488,1.7838
mp-1029536,MgZrN2,2.7228,2.6423
mp-1071955,AlPS4,1.755,1.7586
mp-23719,BeAlH5,1.8217,1.8788
mp-642735,Rb2H4Pt,1.6198,1.6685
mp-27255,Ga2TeS2,2.3486,2.5066
mp-9047,RbBS3,1.9806,1.9435
mp-23778,H4CN2O,1.4561,1.5327
mp-997088,KAgO2,1.9968,2.0257
mp-1078746,Sr2FeH6,2.0758,2.0931
mp-550433,BeZnO2,1.9355,1.964
mp-14324,K2Na4Be2O5,1.5988,1.6771
mp-756591,Sm3NbO7,2.1707,2.235
mp-28538,SiH3I,1.7066,1.6558
mp-160,B,2.6686,3.0629
mp-543040,Ga2Te3(HO2)6,1.9779,1.9317
mp-13634,Cs2LiAl3F12,1.3814,1.4486
mp-625111,H8PtO6,1.8494,1.9902
mp-998778,RbSnBr3,1.889,1.9923
mp-9569,Ca(ZnP)2,3.278,3.3345
mp-27336,CsCuBr3,1.9937,2.6109
mp-28529,KInBr3,1.6727,1.8461
mp-27996,H2SeO3,1.6815,1.6846
mp-29009,Li2MgBr4,1.739,1.8482
mp-547017,LiAlAs2O7,1.8221,1.8295
mp-2371,Ga2Te5,3.3741,3.7223
mp-9819,RbAsF6,1.3416,1.3964
mp-27488,Ta3N5,2.9975,3.291
mp-754450,Li2CrWO6,2.6353,2.9391
mp-4124,CaCN2,1.7626,1.8297
mp-5679,CdSO4,1.7105,1.7521
mp-998762,MnTlF3,1.7051,1.7798
mp-23046,SrIF,1.759,1.833
mp-672,CdS,2.4801,2.4647
mp-31455,VSbRu,4.8897,5.6677
mp-6983,NaAgO,2.1096,2.1129
mp-581303,NaCuPO4,2.2611,2.0313
mp-22881,CdCl2,1.7819,1.736
mp-13589,CuB(CN)4,1.6434,1.7785
mp-1078410,Ba2ZnTeO6,2.1393,2.2364
mp-1095151,BaCdAsF,4.0285,2.8186
mp-13456,ZnS,2.4046,2.4289
mp-11607,Si3N4,2.107,2.1663
mp-999052,Ti2MnAl,6.2678,13.3484
mp-11725,CO2,1.3262,1.3749
mp-1188875,Te6IrI3,2.859,2.9859
mp-19449,NaVCdO4,1.9388,1.9625
mp-571242,Rb2CoCl4,1.6046,1.6474
mp-754009,ScBiO3,2.4751,2.4406
mp-558430,BaB2F8,1.3896,1.4193
mp-567583,CsSbCl6,1.6078,1.6622
mp-1029625,LiTaN2,3.0524,3.3077
mp-30298,KAsO2,1.6736,1.7479
mp-568656,SiC,2.6515,2.6677
mp-7908,Al2ZnTe4,2.8281,2.8741
mp-754596,RbGaO2,1.7244,1.7582
mp-1029857,Rb3W2N5,2.1984,2.2466
mp-568269,TmNiBi,5.0021,5.2534
mp-13252,SnB4O7,2.0547,1.983
mp-23011,RbClO3,1.4826,1.5277
mp-4182,CrAgS2,3.5956,3.5372
mp-3443,Cd(GaO2)2,2.1589,2.1475
mp-504276,FePO4,1.764,1.7319
mp-559366,PBrNF,1.5941,1.5586
mp-561190,NaAu(SO4)2,1.7436,1.8376
mp-504769,N2O5,1.5409,1.7416
mp-29136,Sr6Cu3N5,3.0567,2.7087
mp-2858,ZrO2,2.2606,2.3125
mp-571306,Ca2Zn2CuP3,3.3541,3.4566
mp-555763,ZnS,2.4045,2.4249
mp-753212,LiVF6,1.4098,1.4314
mp-30311,Zn3(PS4)2,2.3428,2.3531
mp-28146,LiGa5O8,1.9985,2.0239
mp-1207629,YRhO3,2.5558,3.2816
mp-5488,LiInO2,2.1146,2.0989
mp-30993,LaIO,2.113,2.114
mp-2697,SrO2,1.7605,1.8091
mp-1205774,Cs2ReF6,1.5059,1.5363
mp-28921,Tl5Se2Br,3.3666,3.3643
mp-675645,Tb2PbS4,3.1307,3.1125
mp-984055,Ca7(H6Cl)2,1.9855,2.0551
mp-8278,Ba(MgP)2,2.8183,2.9011
mp-19387,CdWO4,2.1833,2.197
mp-722832,PH3NF5,1.3954,1.4101
mp-504952,InGaSe3,2.7343,2.6778
mp-27499,BaTeS3,2.4631,2.4979
mp-6253,KLiBeF4,1.3217,1.3426
mp-18780,K2WO4,1.551,1.5995
mp-510338,Cs2LiVS4,1.8421,1.8914
mp-3785,TlGaTe2,3.4622,3.6498
mp-754739,CaBe3O4,1.7711,1.7756
mp-984872,CsPb2Cl5,1.9386,1.9158
mp-1012551,BaBrCl,1.7848,1.8518
mp-28128,SCl2,1.5825,1.6447
mp-26910,Cr(PO3)3,1.7445,1.6483
mp-5709,Tl3PO4,1.9824,2.0084
mp-1078443,As2Se3,3.5809,4.1384
mp-1213869,CaVSiO5,2.0601,2.1933
mp-1029633,CaSnN2,2.9517,2.4515
mp-29423,TlFeBr4,2.0141,2.0111
mp-8891,K2Zr(BO3)2,1.7185,1.791
mp-759972,VF4,1.5326,1.5606
mp-1104411,Hg3Bi2(SCl4)2,2.0402,2.194
mp-6968,Cs2KCuF6,1.5426,1.6141
mp-7891,Mg3As2,3.0659,3.3593
mp-1206444,Cs3IO,1.6954,1.8379
mp-1113588,Cs2InAgF6,1.5846,1.6038
mp-7492,LaBO3,1.9438,1.9193
mp-28901,AlFeF5,1.4597,1.4593
