Bi2Zr2O7,Bi2Zr2O7,Bi2Zr2O7,CsTaTeO6,CsTaTeO6,CsTaTeO6
energy (eV),(F(R)-E)^1/2,Fit,energy (eV),(F(R)-E)^1/2,Fit
0.62,0.04471,-4.89081,0.62,0.15081,-1.09495
0.62031,0.04495,-4.88989,0.62031,0.15103,-1.09417
0.62062,0.04502,-4.88897,0.62062,0.1512,-1.09339
0.62093,0.04509,-4.88804,0.62093,0.15136,-1.09261
0.62124,0.04539,-4.88712,0.62124,0.15151,-1.09183
0.62155,0.04548,-4.8862,0.62155,0.15183,-1.09105
0.62187,0.04565,-4.88527,0.62187,0.15192,-1.09027
0.62218,0.04582,-4.88435,0.62218,0.15208,-1.08948
0.62249,0.04582,-4.88342,0.62249,0.15223,-1.0887
0.6228,0.046,-4.8825,0.6228,0.15249,-1.08792
0.62312,0.04608,-4.88157,0.62312,0.15257,-1.08713
0.62343,0.04623,-4.88064,0.62343,0.15266,-1.08635
0.62374,0.04636,-4.87971,0.62374,0.1529,-1.08556
0.62406,0.04663,-4.87878,0.62406,0.153,-1.08477
0.62437,0.0467,-4.87785,0.62437,0.1532,-1.08398
0.62469,0.04676,-4.87691,0.62469,0.15347,-1.08319
0.625,0.04683,-4.87598,0.625,0.15342,-1.08241
0.62532,0.04716,-4.87505,0.62532,0.15371,-1.08161
0.62563,0.04723,-4.87411,0.62563,0.15396,-1.08082
0.62595,0.04737,-4.87317,0.62595,0.154,-1.08003
0.62626,0.04743,-4.87224,0.62626,0.15423,-1.07924
0.62658,0.04758,-4.8713,0.62658,0.15434,-1.07844
0.6269,0.04771,-4.87036,0.6269,0.1545,-1.07765
0.62721,0.04786,-4.86942,0.62721,0.15466,-1.07685
0.62753,0.04799,-4.86848,0.62753,0.15475,-1.07606
0.62785,0.04803,-4.86754,0.62785,0.15486,-1.07526
0.62817,0.04825,-4.86659,0.62817,0.1551,-1.07446
0.62848,0.04828,-4.86565,0.62848,0.15514,-1.07366
0.6288,0.04846,-4.8647,0.6288,0.15529,-1.07286
0.62912,0.04853,-4.86376,0.62912,0.15551,-1.07206
0.62944,0.04854,-4.86281,0.62944,0.15556,-1.07126
0.62976,0.04876,-4.86186,0.62976,0.15575,-1.07046
0.63008,0.04893,-4.86092,0.63008,0.15592,-1.06966
0.6304,0.04902,-4.85997,0.6304,0.15603,-1.06886
0.63072,0.04908,-4.85902,0.63072,0.15618,-1.06805
0.63104,0.04912,-4.85806,0.63104,0.15628,-1.06725
0.63136,0.04934,-4.85711,0.63136,0.15653,-1.06644
0.63169,0.04932,-4.85616,0.63169,0.15653,-1.06563
0.63201,0.04961,-4.8552,0.63201,0.15679,-1.06483
0.63233,0.04966,-4.85425,0.63233,0.15679,-1.06402
0.63265,0.04966,-4.85329,0.63265,0.15692,-1.06321
0.63298,0.0498,-4.85233,0.63298,0.1571,-1.0624
0.6333,0.04989,-4.85137,0.6333,0.15714,-1.06159
0.63362,0.05003,-4.85042,0.63362,0.1573,-1.06077
0.63395,0.05007,-4.84945,0.63395,0.15736,-1.05996
0.63427,0.05013,-4.84849,0.63427,0.15745,-1.05915
0.6346,0.05023,-4.84753,0.6346,0.15771,-1.05833
0.63492,0.05034,-4.84657,0.63492,0.15769,-1.05752
0.63525,0.05042,-4.8456,0.63525,0.15784,-1.0567
0.63557,0.05048,-4.84464,0.63557,0.158,-1.05589
0.6359,0.05047,-4.84367,0.6359,0.15799,-1.05507
0.63622,0.05069,-4.8427,0.63622,0.15821,-1.05425
0.63655,0.05072,-4.84174,0.63655,0.15827,-1.05343
0.63688,0.0508,-4.84077,0.63688,0.15823,-1.05261
0.6372,0.05093,-4.8398,0.6372,0.15838,-1.05179
0.63753,0.05098,-4.83882,0.63753,0.15854,-1.05097
0.63786,0.05102,-4.83785,0.63786,0.1586,-1.05015
0.63819,0.05115,-4.83688,0.63819,0.15881,-1.04932
0.63852,0.0511,-4.8359,0.63852,0.15875,-1.0485
0.63885,0.05125,-4.83493,0.63885,0.15892,-1.04767
0.63918,0.05138,-4.83395,0.63918,0.15904,-1.04685
0.6395,0.05136,-4.83298,0.6395,0.15898,-1.04602
0.63983,0.05141,-4.832,0.63983,0.15906,-1.04519
0.64017,0.05149,-4.83102,0.64017,0.15919,-1.04436
0.6405,0.05149,-4.83004,0.6405,0.15922,-1.04353
0.64083,0.05151,-4.82906,0.64083,0.15924,-1.0427
0.64116,0.0515,-4.82807,0.64116,0.15924,-1.04187
0.64149,0.05158,-4.82709,0.64149,0.15937,-1.04104
0.64182,0.05162,-4.82611,0.64182,0.15941,-1.04021
0.64215,0.05163,-4.82512,0.64215,0.1596,-1.03937
0.64249,0.05168,-4.82413,0.64249,0.15963,-1.03854
0.64282,0.05173,-4.82315,0.64282,0.15976,-1.0377
0.64315,0.05169,-4.82216,0.64315,0.15962,-1.03687
0.64349,0.05165,-4.82117,0.64349,0.15964,-1.03603
0.64382,0.05177,-4.82018,0.64382,0.15979,-1.03519
0.64416,0.05167,-4.81919,0.64416,0.15982,-1.03435
0.64449,0.0517,-4.81819,0.64449,0.15985,-1.03351
0.64483,0.05168,-4.8172,0.64483,0.15986,-1.03267
0.64516,0.05166,-4.8162,0.64516,0.15996,-1.03183
0.6455,0.05168,-4.81521,0.6455,0.16003,-1.03099
0.64583,0.0517,-4.81421,0.64583,0.15989,-1.03015
0.64617,0.05157,-4.81321,0.64617,0.15992,-1.0293
0.64651,0.0515,-4.81222,0.64651,0.15996,-1.02846
0.64684,0.05149,-4.81122,0.64684,0.16,-1.02761
0.64718,0.05143,-4.81021,0.64718,0.16008,-1.02676
0.64752,0.05136,-4.80921,0.64752,0.15998,-1.02592
0.64786,0.05127,-4.80821,0.64786,0.15998,-1.02507
0.6482,0.05117,-4.80721,0.6482,0.16003,-1.02422
0.64854,0.05106,-4.8062,0.64854,0.15999,-1.02337
0.64887,0.05105,-4.80519,0.64887,0.15998,-1.02252
0.64921,0.05096,-4.80419,0.64921,0.16027,-1.02166
0.64955,0.05077,-4.80318,0.64955,0.16012,-1.02081
0.6499,0.05074,-4.80217,0.6499,0.16013,-1.01996
0.65024,0.05071,-4.80116,0.65024,0.16025,-1.0191
0.65058,0.05058,-4.80015,0.65058,0.16022,-1.01825
0.65092,0.05073,-4.79913,0.65092,0.16047,-1.01739
0.65126,0.05054,-4.79812,0.65126,0.16041,-1.01653
0.6516,0.05047,-4.79711,0.6516,0.16036,-1.01567
0.65195,0.05044,-4.79609,0.65195,0.16044,-1.01481
0.65229,0.05028,-4.79507,0.65229,0.16039,-1.01395
0.65263,0.05029,-4.79406,0.65263,0.16045,-1.01309
0.65298,0.05026,-4.79304,0.65298,0.16052,-1.01223
0.65332,0.05011,-4.79202,0.65332,0.16043,-1.01137
0.65366,0.05014,-4.791,0.65366,0.16052,-1.0105
0.65401,0.0501,-4.78997,0.65401,0.16053,-1.00964
0.65435,0.05007,-4.78895,0.65435,0.16059,-1.00877
0.6547,0.05005,-4.78793,0.6547,0.16067,-1.00791
0.65504,0.05015,-4.7869,0.65504,0.16072,-1.00704
0.65539,0.05005,-4.78587,0.65539,0.16065,-1.00617
0.65574,0.05003,-4.78485,0.65574,0.16072,-1.0053
0.65608,0.05005,-4.78382,0.65608,0.16085,-1.00443
0.65643,0.05004,-4.78279,0.65643,0.16075,-1.00356
0.65678,0.05002,-4.78176,0.65678,0.16073,-1.00269
0.65713,0.04993,-4.78073,0.65713,0.16074,-1.00181
0.65748,0.04984,-4.77969,0.65748,0.16062,-1.00094
0.65782,0.04975,-4.77866,0.65782,0.16059,-1.00007
0.65817,0.04972,-4.77762,0.65817,0.1607,-0.99919
0.65852,0.04958,-4.77659,0.65852,0.16072,-0.99831
0.65887,0.04941,-4.77555,0.65887,0.16076,-0.99744
0.65922,0.04926,-4.77451,0.65922,0.16082,-0.99656
0.65957,0.04906,-4.77347,0.65957,0.16087,-0.99568
0.65993,0.04892,-4.77243,0.65993,0.16101,-0.9948
0.66028,0.04881,-4.77139,0.66028,0.16116,-0.99392
0.66063,0.04855,-4.77035,0.66063,0.16131,-0.99303
0.66098,0.04839,-4.7693,0.66098,0.16151,-0.99215
0.66133,0.04801,-4.76826,0.66133,0.16153,-0.99127
0.66169,0.04788,-4.76721,0.66169,0.16162,-0.99038
0.66204,0.04761,-4.76616,0.66204,0.16175,-0.98949
0.66239,0.04742,-4.76511,0.66239,0.16179,-0.98861
0.66275,0.04725,-4.76406,0.66275,0.16187,-0.98772
0.6631,0.04706,-4.76301,0.6631,0.16206,-0.98683
0.66346,0.0467,-4.76196,0.66346,0.16204,-0.98594
0.66381,0.04641,-4.76091,0.66381,0.16192,-0.98505
0.66417,0.04629,-4.75985,0.66417,0.16199,-0.98416
0.66452,0.04613,-4.7588,0.66452,0.16218,-0.98326
0.66488,0.04601,-4.75774,0.66488,0.16239,-0.98237
0.66524,0.04587,-4.75668,0.66524,0.16255,-0.98148
0.66559,0.04578,-4.75563,0.66559,0.16272,-0.98058
0.66595,0.04568,-4.75457,0.66595,0.16282,-0.97968
0.66631,0.04551,-4.75351,0.66631,0.1627,-0.97879
0.66667,0.04561,-4.75244,0.66667,0.16276,-0.97789
0.66703,0.0455,-4.75138,0.66703,0.16285,-0.97699
0.66738,0.04544,-4.75032,0.66738,0.16307,-0.97609
0.66774,0.04538,-4.74925,0.66774,0.163,-0.97519
0.6681,0.0454,-4.74818,0.6681,0.16305,-0.97428
0.66846,0.04544,-4.74712,0.66846,0.16308,-0.97338
0.66882,0.04534,-4.74605,0.66882,0.16303,-0.97247
0.66919,0.04534,-4.74498,0.66919,0.16324,-0.97157
0.66955,0.0453,-4.74391,0.66955,0.16346,-0.97066
0.66991,0.0453,-4.74283,0.66991,0.16363,-0.96976
0.67027,0.04532,-4.74176,0.67027,0.16356,-0.96885
0.67063,0.0453,-4.74068,0.67063,0.16376,-0.96794
0.671,0.04523,-4.73961,0.671,0.16375,-0.96703
0.67136,0.04528,-4.73853,0.67136,0.16399,-0.96612
0.67172,0.04528,-4.73745,0.67172,0.16416,-0.9652
0.67209,0.04532,-4.73637,0.67209,0.16432,-0.96429
0.67245,0.04521,-4.73529,0.67245,0.16438,-0.96338
0.67282,0.04524,-4.73421,0.67282,0.16447,-0.96246
0.67318,0.04523,-4.73313,0.67318,0.16455,-0.96155
0.67355,0.04518,-4.73204,0.67355,0.16474,-0.96063
0.67391,0.04523,-4.73096,0.67391,0.16484,-0.95971
0.67428,0.04528,-4.72987,0.67428,0.16493,-0.95879
0.67465,0.04526,-4.72878,0.67465,0.16503,-0.95787
0.67501,0.04522,-4.7277,0.67501,0.16516,-0.95695
0.67538,0.0453,-4.72661,0.67538,0.16532,-0.95603
0.67575,0.04518,-4.72551,0.67575,0.1654,-0.9551
0.67612,0.04532,-4.72442,0.67612,0.16551,-0.95418
0.67649,0.04525,-4.72333,0.67649,0.16557,-0.95325
0.67686,0.04522,-4.72223,0.67686,0.16571,-0.95233
0.67723,0.04532,-4.72114,0.67723,0.1658,-0.9514
0.6776,0.0453,-4.72004,0.6776,0.16589,-0.95047
0.67797,0.04533,-4.71894,0.67797,0.16602,-0.94954
0.67834,0.04532,-4.71784,0.67834,0.16611,-0.94861
0.67871,0.04536,-4.71674,0.67871,0.16622,-0.94768
0.67908,0.04543,-4.71564,0.67908,0.16632,-0.94675
0.67945,0.04539,-4.71454,0.67945,0.1664,-0.94582
0.67982,0.04536,-4.71343,0.67982,0.1664,-0.94488
0.6802,0.04543,-4.71233,0.6802,0.16652,-0.94395
0.68057,0.04541,-4.71122,0.68057,0.1667,-0.94301
0.68094,0.04557,-4.71011,0.68094,0.16687,-0.94207
0.68132,0.04554,-4.709,0.68132,0.16678,-0.94113
0.68169,0.04564,-4.70789,0.68169,0.16705,-0.94019
0.68207,0.04562,-4.70678,0.68207,0.16713,-0.93925
0.68244,0.04568,-4.70567,0.68244,0.16737,-0.93831
0.68282,0.04566,-4.70455,0.68282,0.16735,-0.93737
0.6832,0.04575,-4.70344,0.6832,0.16743,-0.93642
0.68357,0.04568,-4.70232,0.68357,0.16753,-0.93548
0.68395,0.04579,-4.7012,0.68395,0.16771,-0.93453
0.68433,0.04576,-4.70008,0.68433,0.16771,-0.93359
0.6847,0.0459,-4.69896,0.6847,0.16793,-0.93264
0.68508,0.04584,-4.69784,0.68508,0.16799,-0.93169
0.68546,0.04583,-4.69672,0.68546,0.1681,-0.93074
0.68584,0.04583,-4.69559,0.68584,0.16821,-0.92979
0.68622,0.04589,-4.69447,0.68622,0.1683,-0.92884
0.6866,0.04593,-4.69334,0.6866,0.16837,-0.92788
0.68698,0.04595,-4.69221,0.68698,0.16858,-0.92693
0.68736,0.046,-4.69109,0.68736,0.16874,-0.92598
0.68774,0.046,-4.68995,0.68774,0.16871,-0.92502
0.68812,0.04597,-4.68882,0.68812,0.16871,-0.92406
0.68851,0.04607,-4.68769,0.68851,0.1689,-0.9231
0.68889,0.0461,-4.68656,0.68889,0.16899,-0.92214
0.68927,0.04611,-4.68542,0.68927,0.16914,-0.92118
0.68966,0.04616,-4.68428,0.68966,0.16929,-0.92022
0.69004,0.04606,-4.68315,0.69004,0.1693,-0.91926
0.69042,0.04616,-4.68201,0.69042,0.16942,-0.91829
0.69081,0.04608,-4.68087,0.69081,0.1695,-0.91733
0.69119,0.0462,-4.67973,0.69119,0.16966,-0.91636
0.69158,0.04618,-4.67858,0.69158,0.16967,-0.9154
0.69196,0.04624,-4.67744,0.69196,0.16985,-0.91443
0.69235,0.04622,-4.67629,0.69235,0.16988,-0.91346
0.69274,0.0463,-4.67515,0.69274,0.1701,-0.91249
0.69312,0.04623,-4.674,0.69312,0.1701,-0.91152
0.69351,0.04624,-4.67285,0.69351,0.1702,-0.91055
0.6939,0.04628,-4.6717,0.6939,0.17027,-0.90957
0.69429,0.04629,-4.67055,0.69429,0.17044,-0.9086
0.69468,0.04637,-4.66939,0.69468,0.17058,-0.90762
0.69507,0.04634,-4.66824,0.69507,0.17072,-0.90665
0.69546,0.04636,-4.66708,0.69546,0.17083,-0.90567
0.69585,0.04634,-4.66593,0.69585,0.17091,-0.90469
0.69624,0.04639,-4.66477,0.69624,0.17106,-0.90371
0.69663,0.04639,-4.66361,0.69663,0.17114,-0.90273
0.69702,0.04636,-4.66245,0.69702,0.17121,-0.90175
0.69741,0.04638,-4.66128,0.69741,0.17133,-0.90076
0.69781,0.04634,-4.66012,0.69781,0.17139,-0.89978
0.6982,0.0463,-4.65896,0.6982,0.17148,-0.89879
0.69859,0.04638,-4.65779,0.69859,0.1716,-0.89781
0.69899,0.04637,-4.65662,0.69899,0.17172,-0.89682
0.69938,0.04633,-4.65545,0.69938,0.1717,-0.89583
0.69977,0.04631,-4.65428,0.69977,0.17179,-0.89484
0.70017,0.04634,-4.65311,0.70017,0.17195,-0.89385
0.70056,0.04631,-4.65194,0.70056,0.17201,-0.89285
0.70096,0.04633,-4.65076,0.70096,0.17212,-0.89186
0.70136,0.04628,-4.64959,0.70136,0.17215,-0.89087
0.70175,0.04628,-4.64841,0.70175,0.1722,-0.88987
0.70215,0.04625,-4.64723,0.70215,0.17234,-0.88887
0.70255,0.04622,-4.64605,0.70255,0.17247,-0.88788
0.70295,0.04622,-4.64487,0.70295,0.1725,-0.88688
0.70335,0.04617,-4.64369,0.70335,0.17261,-0.88588
0.70375,0.04614,-4.64251,0.70375,0.17265,-0.88488
0.70415,0.04613,-4.64132,0.70415,0.1727,-0.88387
0.70455,0.04617,-4.64014,0.70455,0.1728,-0.88287
0.70495,0.04618,-4.63895,0.70495,0.17292,-0.88187
0.70535,0.04608,-4.63776,0.70535,0.17288,-0.88086
0.70575,0.04604,-4.63657,0.70575,0.17305,-0.87985
0.70615,0.04606,-4.63538,0.70615,0.17309,-0.87884
0.70655,0.04605,-4.63418,0.70655,0.17322,-0.87783
0.70696,0.04602,-4.63299,0.70696,0.1733,-0.87682
0.70736,0.04609,-4.63179,0.70736,0.17342,-0.87581
0.70776,0.04607,-4.6306,0.70776,0.17358,-0.8748
0.70817,0.04612,-4.6294,0.70817,0.17373,-0.87379
0.70857,0.04609,-4.6282,0.70857,0.17384,-0.87277
0.70898,0.04601,-4.627,0.70898,0.17386,-0.87175
0.70938,0.04613,-4.6258,0.70938,0.17411,-0.87074
0.70979,0.04618,-4.62459,0.70979,0.17435,-0.86972
0.71019,0.04621,-4.62339,0.71019,0.17438,-0.8687
0.7106,0.04606,-4.62218,0.7106,0.17455,-0.86768
0.71101,0.04593,-4.62097,0.71101,0.17478,-0.86666
0.71142,0.04591,-4.61976,0.71142,0.17475,-0.86563
0.71183,0.04589,-4.61855,0.71183,0.17479,-0.86461
0.71223,0.04603,-4.61734,0.71223,0.17496,-0.86358
0.71264,0.04603,-4.61613,0.71264,0.1751,-0.86256
0.71305,0.04585,-4.61491,0.71305,0.17507,-0.86153
0.71346,0.04584,-4.61369,0.71346,0.17489,-0.8605
0.71387,0.04577,-4.61248,0.71387,0.17484,-0.85947
0.71429,0.04572,-4.61126,0.71429,0.17495,-0.85844
0.7147,0.04563,-4.61004,0.7147,0.17485,-0.8574
0.71511,0.04571,-4.60881,0.71511,0.17506,-0.85637
0.71552,0.04574,-4.60759,0.71552,0.1752,-0.85534
0.71594,0.04571,-4.60637,0.71594,0.17513,-0.8543
0.71635,0.04565,-4.60514,0.71635,0.17519,-0.85326
0.71676,0.04583,-4.60391,0.71676,0.17527,-0.85222
0.71718,0.04596,-4.60268,0.71718,0.1755,-0.85118
0.71759,0.04575,-4.60145,0.71759,0.1755,-0.85014
0.71801,0.04574,-4.60022,0.71801,0.1754,-0.8491
0.71842,0.0458,-4.59899,0.71842,0.1755,-0.84806
0.71884,0.04587,-4.59775,0.71884,0.17574,-0.84701
0.71926,0.04573,-4.59652,0.71926,0.17574,-0.84597
0.71967,0.04577,-4.59528,0.71967,0.17594,-0.84492
0.72009,0.0459,-4.59404,0.72009,0.17598,-0.84387
0.72051,0.04588,-4.5928,0.72051,0.1759,-0.84282
0.72093,0.04579,-4.59156,0.72093,0.17603,-0.84177
0.72135,0.04597,-4.59031,0.72135,0.17617,-0.84072
0.72177,0.04586,-4.58907,0.72177,0.17616,-0.83966
0.72219,0.04576,-4.58782,0.72219,0.17624,-0.83861
0.72261,0.04588,-4.58657,0.72261,0.17626,-0.83755
0.72303,0.04602,-4.58532,0.72303,0.17639,-0.8365
0.72345,0.046,-4.58407,0.72345,0.17659,-0.83544
0.72388,0.04597,-4.58282,0.72388,0.1765,-0.83438
0.7243,0.04608,-4.58157,0.7243,0.17659,-0.83332
0.72472,0.0459,-4.58031,0.72472,0.17668,-0.83226
0.72515,0.04586,-4.57906,0.72515,0.17668,-0.83119
0.72557,0.04585,-4.5778,0.72557,0.17663,-0.83013
0.726,0.04602,-4.57654,0.726,0.17694,-0.82906
0.72642,0.04599,-4.57528,0.72642,0.17697,-0.828
0.72685,0.04584,-4.57402,0.72685,0.17681,-0.82693
0.72727,0.04614,-4.57275,0.72727,0.17707,-0.82586
0.7277,0.04594,-4.57149,0.7277,0.17708,-0.82479
0.72813,0.04584,-4.57022,0.72813,0.17706,-0.82372
0.72855,0.04598,-4.56895,0.72855,0.1772,-0.82264
0.72898,0.04603,-4.56768,0.72898,0.17725,-0.82157
0.72941,0.04588,-4.56641,0.72941,0.17737,-0.82049
0.72984,0.04596,-4.56514,0.72984,0.17759,-0.81942
0.73027,0.04602,-4.56386,0.73027,0.17744,-0.81834
0.7307,0.04582,-4.56259,0.7307,0.17743,-0.81726
0.73113,0.04592,-4.56131,0.73113,0.17761,-0.81618
0.73156,0.04587,-4.56003,0.73156,0.17762,-0.8151
0.732,0.04604,-4.55875,0.732,0.17772,-0.81401
0.73243,0.046,-4.55747,0.73243,0.17783,-0.81293
0.73286,0.0459,-4.55618,0.73286,0.17776,-0.81184
0.73329,0.046,-4.5549,0.73329,0.17792,-0.81076
0.73373,0.04593,-4.55361,0.73373,0.17798,-0.80967
0.73416,0.04598,-4.55233,0.73416,0.17808,-0.80858
0.7346,0.04609,-4.55104,0.7346,0.17821,-0.80749
0.73503,0.04585,-4.54974,0.73503,0.17801,-0.80639
0.73547,0.04607,-4.54845,0.73547,0.17846,-0.8053
0.73591,0.0461,-4.54716,0.73591,0.17846,-0.80421
0.73634,0.04605,-4.54586,0.73634,0.17841,-0.80311
0.73678,0.04624,-4.54456,0.73678,0.17859,-0.80201
0.73722,0.04623,-4.54327,0.73722,0.1788,-0.80091
0.73766,0.04623,-4.54197,0.73766,0.17874,-0.79981
0.7381,0.0463,-4.54066,0.7381,0.17883,-0.79871
0.73853,0.04647,-4.53936,0.73853,0.17909,-0.79761
0.73897,0.04645,-4.53806,0.73897,0.17938,-0.79651
0.73942,0.04646,-4.53675,0.73942,0.17935,-0.7954
0.73986,0.04657,-4.53544,0.73986,0.17939,-0.79429
0.7403,0.04659,-4.53413,0.7403,0.1795,-0.79319
0.74074,0.0467,-4.53282,0.74074,0.17973,-0.79208
0.74118,0.04671,-4.53151,0.74118,0.17971,-0.79097
0.74163,0.04675,-4.53019,0.74163,0.17988,-0.78985
0.74207,0.04683,-4.52888,0.74207,0.17998,-0.78874
0.74251,0.04697,-4.52756,0.74251,0.18022,-0.78763
0.74296,0.04702,-4.52624,0.74296,0.18038,-0.78651
0.74341,0.04706,-4.52492,0.74341,0.18047,-0.78539
0.74385,0.04694,-4.5236,0.74385,0.18034,-0.78427
0.7443,0.04723,-4.52227,0.7443,0.18076,-0.78315
0.74474,0.04717,-4.52095,0.74474,0.18082,-0.78203
0.74519,0.04725,-4.51962,0.74519,0.18096,-0.78091
0.74564,0.04748,-4.51829,0.74564,0.18113,-0.77979
0.74609,0.04742,-4.51696,0.74609,0.18118,-0.77866
0.74654,0.04741,-4.51563,0.74654,0.18133,-0.77753
0.74699,0.04752,-4.5143,0.74699,0.18147,-0.77641
0.74744,0.04749,-4.51296,0.74744,0.18154,-0.77528
0.74789,0.04768,-4.51163,0.74789,0.18188,-0.77415
0.74834,0.0476,-4.51029,0.74834,0.18186,-0.77301
0.74879,0.04763,-4.50895,0.74879,0.18194,-0.77188
0.74924,0.04777,-4.50761,0.74924,0.18219,-0.77074
0.7497,0.0478,-4.50626,0.7497,0.18226,-0.76961
0.75015,0.04778,-4.50492,0.75015,0.18232,-0.76847
0.75061,0.04795,-4.50357,0.75061,0.18256,-0.76733
0.75106,0.04783,-4.50222,0.75106,0.18258,-0.76619
0.75152,0.048,-4.50088,0.75152,0.18277,-0.76505
0.75197,0.04808,-4.49952,0.75197,0.18302,-0.76391
0.75243,0.04816,-4.49817,0.75243,0.18315,-0.76276
0.75288,0.04817,-4.49682,0.75288,0.18321,-0.76162
0.75334,0.04794,-4.49546,0.75334,0.18306,-0.76047
0.7538,0.04825,-4.4941,0.7538,0.18352,-0.75932
0.75426,0.04835,-4.49274,0.75426,0.18376,-0.75817
0.75472,0.0483,-4.49138,0.75472,0.18368,-0.75702
0.75518,0.04849,-4.49002,0.75518,0.18388,-0.75586
0.75564,0.04834,-4.48865,0.75564,0.18403,-0.75471
0.7561,0.04838,-4.48729,0.7561,0.18403,-0.75355
0.75656,0.04835,-4.48592,0.75656,0.18412,-0.7524
0.75702,0.04836,-4.48455,0.75702,0.18429,-0.75124
0.75748,0.04858,-4.48318,0.75748,0.18455,-0.75008
0.75795,0.04848,-4.48181,0.75795,0.18469,-0.74892
0.75841,0.04847,-4.48043,0.75841,0.18458,-0.74775
0.75887,0.04854,-4.47906,0.75887,0.18475,-0.74659
0.75934,0.04851,-4.47768,0.75934,0.18485,-0.74542
0.7598,0.04839,-4.4763,0.7598,0.18488,-0.74426
0.76027,0.04847,-4.47492,0.76027,0.18496,-0.74309
0.76074,0.04853,-4.47354,0.76074,0.18521,-0.74192
0.7612,0.0484,-4.47215,0.7612,0.18516,-0.74075
0.76167,0.04861,-4.47076,0.76167,0.18538,-0.73957
0.76214,0.04848,-4.46938,0.76214,0.1854,-0.7384
0.76261,0.04847,-4.46799,0.76261,0.18557,-0.73722
0.76308,0.04845,-4.4666,0.76308,0.18561,-0.73605
0.76355,0.04837,-4.4652,0.76355,0.18562,-0.73487
0.76402,0.04841,-4.46381,0.76402,0.18573,-0.73369
0.76449,0.04856,-4.46241,0.76449,0.18612,-0.73251
0.76496,0.04854,-4.46101,0.76496,0.18618,-0.73132
0.76543,0.04848,-4.45961,0.76543,0.18612,-0.73014
0.7659,0.04869,-4.45821,0.7659,0.18637,-0.72895
0.76638,0.04852,-4.45681,0.76638,0.18644,-0.72777
0.76685,0.04864,-4.4554,0.76685,0.18659,-0.72658
0.76733,0.04871,-4.454,0.76733,0.18674,-0.72539
0.7678,0.0487,-4.45259,0.7678,0.1869,-0.7242
0.76828,0.04883,-4.45118,0.76828,0.1871,-0.723
0.76875,0.04893,-4.44976,0.76875,0.18734,-0.72181
0.76923,0.04878,-4.44835,0.76923,0.18738,-0.72061
0.76971,0.04902,-4.44693,0.76971,0.18752,-0.71941
0.77019,0.04901,-4.44552,0.77019,0.18777,-0.71821
0.77067,0.04905,-4.4441,0.77067,0.18787,-0.71701
0.77114,0.04911,-4.44268,0.77114,0.18813,-0.71581
0.77162,0.04921,-4.44125,0.77162,0.18824,-0.71461
0.7721,0.04922,-4.43983,0.7721,0.18831,-0.7134
0.77259,0.04918,-4.4384,0.77259,0.18846,-0.7122
0.77307,0.04944,-4.43697,0.77307,0.1888,-0.71099
0.77355,0.0494,-4.43555,0.77355,0.18896,-0.70978
0.77403,0.04939,-4.43411,0.77403,0.18903,-0.70857
0.77452,0.04945,-4.43268,0.77452,0.18912,-0.70735
0.775,0.0493,-4.43124,0.775,0.18908,-0.70614
0.77548,0.04951,-4.42981,0.77548,0.18936,-0.70492
0.77597,0.0496,-4.42837,0.77597,0.18965,-0.70371
0.77646,0.04949,-4.42693,0.77646,0.18969,-0.70249
0.77694,0.04969,-4.42549,0.77694,0.18979,-0.70127
0.77743,0.04977,-4.42404,0.77743,0.19006,-0.70004
0.77792,0.04964,-4.4226,0.77792,0.19017,-0.69882
0.77841,0.04958,-4.42115,0.77841,0.19019,-0.6976
0.77889,0.04968,-4.4197,0.77889,0.19038,-0.69637
0.77938,0.04974,-4.41825,0.77938,0.19045,-0.69514
0.77987,0.04975,-4.41679,0.77987,0.19062,-0.69391
0.78037,0.04979,-4.41534,0.78037,0.19102,-0.69268
0.78086,0.04986,-4.41388,0.78086,0.19104,-0.69145
0.78135,0.04985,-4.41242,0.78135,0.19103,-0.69021
0.78184,0.04982,-4.41096,0.78184,0.19119,-0.68898
0.78233,0.04981,-4.4095,0.78233,0.19144,-0.68774
0.78283,0.04984,-4.40803,0.78283,0.19152,-0.6865
0.78332,0.04991,-4.40657,0.78332,0.19169,-0.68526
0.78382,0.0499,-4.4051,0.78382,0.19175,-0.68402
0.78431,0.05006,-4.40363,0.78431,0.19208,-0.68278
0.78481,0.05012,-4.40216,0.78481,0.19212,-0.68153
0.78531,0.05007,-4.40068,0.78531,0.19221,-0.68028
0.7858,0.05005,-4.39921,0.7858,0.19241,-0.67904
0.7863,0.04995,-4.39773,0.7863,0.19241,-0.67779
0.7868,0.05011,-4.39625,0.7868,0.19273,-0.67653
0.7873,0.0502,-4.39477,0.7873,0.19289,-0.67528
0.7878,0.05008,-4.39329,0.7878,0.19289,-0.67403
0.7883,0.05022,-4.3918,0.7883,0.19316,-0.67277
0.7888,0.05032,-4.39032,0.7888,0.19328,-0.67151
0.78931,0.0502,-4.38883,0.78931,0.1934,-0.67025
0.78981,0.05024,-4.38734,0.78981,0.19357,-0.66899
0.79031,0.0503,-4.38585,0.79031,0.19371,-0.66773
0.79082,0.05033,-4.38435,0.79082,0.1938,-0.66646
0.79132,0.05038,-4.38285,0.79132,0.19394,-0.6652
0.79183,0.05042,-4.38136,0.79183,0.19421,-0.66393
0.79233,0.05035,-4.37986,0.79233,0.19439,-0.66266
0.79284,0.05044,-4.37835,0.79284,0.19449,-0.66139
0.79335,0.05047,-4.37685,0.79335,0.19458,-0.66012
0.79385,0.05063,-4.37534,0.79385,0.19478,-0.65884
0.79436,0.05045,-4.37384,0.79436,0.19484,-0.65757
0.79487,0.05054,-4.37233,0.79487,0.19511,-0.65629
0.79538,0.05064,-4.37081,0.79538,0.19522,-0.65501
0.79589,0.05059,-4.3693,0.79589,0.19535,-0.65373
0.7964,0.05071,-4.36779,0.7964,0.19566,-0.65245
0.79692,0.05083,-4.36627,0.79692,0.19577,-0.65117
0.79743,0.05081,-4.36475,0.79743,0.19585,-0.64988
0.79794,0.05076,-4.36323,0.79794,0.19598,-0.64859
0.79845,0.05074,-4.3617,0.79845,0.19617,-0.6473
0.79897,0.05078,-4.36018,0.79897,0.19619,-0.64601
0.79948,0.05081,-4.35865,0.79948,0.19647,-0.64472
0.8,0.05087,-4.35712,0.8,0.19666,-0.64343
0.80052,0.05091,-4.35559,0.80052,0.19679,-0.64213
0.80103,0.05103,-4.35406,0.80103,0.19699,-0.64084
0.80155,0.05124,-4.35252,0.80155,0.19713,-0.63954
0.80207,0.05096,-4.35099,0.80207,0.19715,-0.63824
0.80259,0.05108,-4.34945,0.80259,0.19753,-0.63693
0.80311,0.05118,-4.3479,0.80311,0.19757,-0.63563
0.80363,0.05115,-4.34636,0.80363,0.19765,-0.63432
0.80415,0.05119,-4.34482,0.80415,0.19786,-0.63302
0.80467,0.05126,-4.34327,0.80467,0.19813,-0.63171
0.80519,0.05123,-4.34172,0.80519,0.19831,-0.6304
0.80572,0.05125,-4.34017,0.80572,0.1983,-0.62908
0.80624,0.05137,-4.33862,0.80624,0.19848,-0.62777
0.80677,0.05134,-4.33706,0.80677,0.19881,-0.62645
0.80729,0.05148,-4.3355,0.80729,0.19881,-0.62514
0.80782,0.05141,-4.33394,0.80782,0.1989,-0.62382
0.80834,0.05144,-4.33238,0.80834,0.19919,-0.6225
0.80887,0.05144,-4.33082,0.80887,0.19923,-0.62117
0.8094,0.05154,-4.32925,0.8094,0.19945,-0.61985
0.80993,0.05163,-4.32769,0.80993,0.19968,-0.61852
0.81046,0.05171,-4.32612,0.81046,0.19987,-0.6172
0.81099,0.05169,-4.32454,0.81099,0.20005,-0.61587
0.81152,0.05176,-4.32297,0.81152,0.20017,-0.61453
0.81205,0.05175,-4.3214,0.81205,0.20027,-0.6132
0.81258,0.05163,-4.31982,0.81258,0.20036,-0.61187
0.81311,0.05186,-4.31824,0.81311,0.20068,-0.61053
0.81365,0.05185,-4.31666,0.81365,0.2009,-0.60919
0.81418,0.05189,-4.31507,0.81418,0.20106,-0.60785
0.81472,0.05197,-4.31349,0.81472,0.20113,-0.60651
0.81525,0.05211,-4.3119,0.81525,0.20136,-0.60517
0.81579,0.05205,-4.31031,0.81579,0.20154,-0.60382
0.81633,0.05203,-4.30872,0.81633,0.20163,-0.60247
0.81686,0.05208,-4.30712,0.81686,0.20187,-0.60112
0.8174,0.05214,-4.30552,0.8174,0.20195,-0.59977
0.81794,0.05225,-4.30393,0.81794,0.20217,-0.59842
0.81848,0.05228,-4.30232,0.81848,0.2024,-0.59707
0.81902,0.05224,-4.30072,0.81902,0.20254,-0.59571
0.81956,0.05237,-4.29912,0.81956,0.20275,-0.59435
0.82011,0.05239,-4.29751,0.82011,0.20289,-0.59299
0.82065,0.05245,-4.2959,0.82065,0.20302,-0.59163
0.82119,0.05243,-4.29429,0.82119,0.20319,-0.59027
0.82174,0.05246,-4.29268,0.82174,0.20339,-0.5889
0.82228,0.05253,-4.29106,0.82228,0.20352,-0.58754
0.82283,0.05267,-4.28944,0.82283,0.20376,-0.58617
0.82337,0.05258,-4.28782,0.82337,0.20383,-0.5848
0.82392,0.05276,-4.2862,0.82392,0.20413,-0.58343
0.82447,0.05279,-4.28458,0.82447,0.20427,-0.58205
0.82502,0.05275,-4.28295,0.82502,0.20442,-0.58068
0.82557,0.05278,-4.28132,0.82557,0.20462,-0.5793
0.82612,0.05295,-4.27969,0.82612,0.20482,-0.57792
0.82667,0.05295,-4.27806,0.82667,0.20489,-0.57654
0.82722,0.0529,-4.27642,0.82722,0.20503,-0.57515
0.82777,0.0528,-4.27479,0.82777,0.20513,-0.57377
0.82832,0.05306,-4.27315,0.82832,0.2056,-0.57238
0.82888,0.05321,-4.2715,0.82888,0.20574,-0.57099
0.82943,0.0531,-4.26986,0.82943,0.20574,-0.5696
0.82999,0.05322,-4.26821,0.82999,0.20596,-0.56821
0.83054,0.05335,-4.26657,0.83054,0.20619,-0.56681
0.8311,0.05339,-4.26492,0.8311,0.20632,-0.56542
0.83166,0.05334,-4.26326,0.83166,0.20645,-0.56402
0.83221,0.05328,-4.26161,0.83221,0.20653,-0.56262
0.83277,0.05359,-4.25995,0.83277,0.20695,-0.56122
0.83333,0.05347,-4.25829,0.83333,0.20704,-0.55981
0.83389,0.05357,-4.25663,0.83389,0.20713,-0.55841
0.83445,0.0535,-4.25497,0.83445,0.20725,-0.557
0.83502,0.05366,-4.2533,0.83502,0.20755,-0.55559
0.83558,0.05372,-4.25163,0.83558,0.20774,-0.55418
0.83614,0.05373,-4.24996,0.83614,0.20791,-0.55277
0.83671,0.05381,-4.24829,0.83671,0.2081,-0.55135
0.83727,0.05391,-4.24661,0.83727,0.20833,-0.54993
0.83784,0.05389,-4.24494,0.83784,0.2084,-0.54851
0.8384,0.05399,-4.24326,0.8384,0.20851,-0.54709
0.83897,0.054,-4.24157,0.83897,0.20881,-0.54567
0.83954,0.05396,-4.23989,0.83954,0.20891,-0.54425
0.84011,0.05409,-4.2382,0.84011,0.20918,-0.54282
0.84068,0.05413,-4.23652,0.84068,0.20925,-0.54139
0.84125,0.05425,-4.23482,0.84125,0.20957,-0.53996
0.84182,0.05426,-4.23313,0.84182,0.20973,-0.53853
0.84239,0.05436,-4.23144,0.84239,0.20996,-0.53709
0.84296,0.05439,-4.22974,0.84296,0.21014,-0.53566
0.84354,0.05434,-4.22804,0.84354,0.21018,-0.53422
0.84411,0.05448,-4.22633,0.84411,0.21044,-0.53278
0.84469,0.05466,-4.22463,0.84469,0.21079,-0.53133
0.84526,0.05466,-4.22292,0.84526,0.21095,-0.52989
0.84584,0.0547,-4.22121,0.84584,0.21109,-0.52844
0.84642,0.05457,-4.2195,0.84642,0.21109,-0.527
0.84699,0.05472,-4.21779,0.84699,0.21143,-0.52555
0.84757,0.05479,-4.21607,0.84757,0.2117,-0.52409
0.84815,0.05485,-4.21435,0.84815,0.21174,-0.52264
0.84873,0.05479,-4.21263,0.84873,0.21188,-0.52118
0.84932,0.05498,-4.21091,0.84932,0.21211,-0.51972
0.8499,0.05503,-4.20918,0.8499,0.21233,-0.51826
0.85048,0.05502,-4.20745,0.85048,0.21239,-0.5168
0.85106,0.05503,-4.20572,0.85106,0.21257,-0.51534
0.85165,0.05506,-4.20399,0.85165,0.21277,-0.51387
0.85223,0.0551,-4.20225,0.85223,0.2129,-0.5124
0.85282,0.05516,-4.20052,0.85282,0.21312,-0.51093
0.85341,0.05524,-4.19878,0.85341,0.21319,-0.50946
0.85399,0.05522,-4.19703,0.85399,0.21345,-0.50799
0.85458,0.05521,-4.19529,0.85458,0.21362,-0.50651
0.85517,0.05519,-4.19354,0.85517,0.21376,-0.50503
0.85576,0.05525,-4.19179,0.85576,0.21395,-0.50355
0.85635,0.05523,-4.19004,0.85635,0.21402,-0.50207
0.85695,0.05524,-4.18828,0.85695,0.21429,-0.50058
0.85754,0.0553,-4.18653,0.85754,0.21455,-0.4991
0.85813,0.05526,-4.18477,0.85813,0.21455,-0.49761
0.85873,0.0553,-4.18301,0.85873,0.21481,-0.49612
0.85932,0.0553,-4.18124,0.85932,0.21496,-0.49463
0.85992,0.05527,-4.17947,0.85992,0.21517,-0.49313
0.86051,0.05523,-4.1777,0.86051,0.21536,-0.49163
0.86111,0.0553,-4.17593,0.86111,0.21553,-0.49013
0.86171,0.05528,-4.17416,0.86171,0.21566,-0.48863
0.86231,0.05536,-4.17238,0.86231,0.21588,-0.48713
0.86291,0.0553,-4.1706,0.86291,0.21613,-0.48562
0.86351,0.05531,-4.16882,0.86351,0.2162,-0.48412
0.86411,0.05531,-4.16704,0.86411,0.21636,-0.48261
0.86471,0.05538,-4.16525,0.86471,0.21652,-0.4811
0.86532,0.05536,-4.16346,0.86532,0.21669,-0.47958
0.86592,0.05533,-4.16167,0.86592,0.21691,-0.47807
0.86653,0.05534,-4.15988,0.86653,0.21707,-0.47655
0.86713,0.05527,-4.15808,0.86713,0.21723,-0.47503
0.86774,0.05532,-4.15628,0.86774,0.21736,-0.47351
0.86835,0.05527,-4.15448,0.86835,0.21746,-0.47198
0.86896,0.05534,-4.15267,0.86896,0.21768,-0.47046
0.86957,0.05534,-4.15087,0.86957,0.21783,-0.46893
0.87018,0.05535,-4.14906,0.87018,0.21804,-0.4674
0.87079,0.05534,-4.14725,0.87079,0.21806,-0.46586
0.8714,0.05528,-4.14543,0.8714,0.21825,-0.46433
0.87201,0.05524,-4.14362,0.87201,0.21835,-0.46279
0.87262,0.05524,-4.1418,0.87262,0.21858,-0.46125
0.87324,0.05527,-4.13997,0.87324,0.21865,-0.45971
0.87385,0.05507,-4.13815,0.87385,0.21867,-0.45817
0.87447,0.05513,-4.13632,0.87447,0.21889,-0.45662
0.87509,0.05519,-4.13449,0.87509,0.21902,-0.45507
0.87571,0.05508,-4.13266,0.87571,0.2192,-0.45352
0.87633,0.05504,-4.13082,0.87633,0.21914,-0.45197
0.87694,0.05528,-4.12899,0.87694,0.21994,-0.45042
0.87757,0.05496,-4.12715,0.87757,0.21954,-0.44886
0.87819,0.05495,-4.1253,0.87819,0.2195,-0.4473
0.87881,0.05494,-4.12346,0.87881,0.21944,-0.44574
0.87943,0.05454,-4.12161,0.87943,0.21959,-0.44418
0.88006,0.05447,-4.11976,0.88006,0.21958,-0.44261
0.88068,0.05441,-4.11791,0.88068,0.21981,-0.44104
0.88131,0.05439,-4.11605,0.88131,0.22002,-0.43947
0.88193,0.05414,-4.11419,0.88193,0.21974,-0.4379
0.88256,0.05422,-4.11233,0.88256,0.22015,-0.43633
0.88319,0.05386,-4.11047,0.88319,0.22002,-0.43475
0.88382,0.05372,-4.1086,0.88382,0.22021,-0.43317
0.88445,0.05347,-4.10673,0.88445,0.2201,-0.43159
0.88508,0.05349,-4.10486,0.88508,0.22016,-0.43
0.88571,0.05353,-4.10299,0.88571,0.22061,-0.42842
0.88635,0.05319,-4.10111,0.88635,0.22036,-0.42683
0.88698,0.05298,-4.09923,0.88698,0.22011,-0.42524
0.88762,0.05299,-4.09735,0.88762,0.22045,-0.42365
0.88825,0.05263,-4.09546,0.88825,0.2205,-0.42205
0.88889,0.05299,-4.09357,0.88889,0.22047,-0.42046
0.88953,0.05266,-4.09168,0.88953,0.22025,-0.41886
0.89017,0.05229,-4.08979,0.89017,0.22011,-0.41725
0.8908,0.05244,-4.08789,0.8908,0.22052,-0.41565
0.89145,0.05188,-4.086,0.89145,0.22016,-0.41404
0.89209,0.05169,-4.08409,0.89209,0.22017,-0.41243
0.89273,0.05185,-4.08219,0.89273,0.22034,-0.41082
0.89337,0.05177,-4.08028,0.89337,0.22055,-0.40921
0.89402,0.05154,-4.07837,0.89402,0.22065,-0.40759
0.89466,0.05156,-4.07646,0.89466,0.22106,-0.40598
0.89531,0.05169,-4.07455,0.89531,0.22146,-0.40436
0.89595,0.0517,-4.07263,0.89595,0.22187,-0.40273
0.8966,0.05167,-4.07071,0.8966,0.22228,-0.40111
0.89725,0.05185,-4.06878,0.89725,0.22229,-0.39948
0.8979,0.05195,-4.06686,0.8979,0.22291,-0.39785
0.89855,0.05215,-4.06493,0.89855,0.22358,-0.39622
0.8992,0.05232,-4.063,0.8992,0.22405,-0.39458
0.89985,0.05255,-4.06106,0.89985,0.22463,-0.39295
0.90051,0.05272,-4.05912,0.90051,0.22521,-0.39131
0.90116,0.05316,-4.05718,0.90116,0.22589,-0.38967
0.90182,0.05348,-4.05524,0.90182,0.22646,-0.38802
0.90247,0.0536,-4.05329,0.90247,0.22681,-0.38638
0.90313,0.0538,-4.05135,0.90313,0.2272,-0.38473
0.90379,0.054,-4.04939,0.90379,0.22764,-0.38308
0.90445,0.05419,-4.04744,0.90445,0.22798,-0.38142
0.90511,0.05433,-4.04548,0.90511,0.22836,-0.37977
0.90577,0.05462,-4.04352,0.90577,0.22882,-0.37811
0.90643,0.0546,-4.04156,0.90643,0.22911,-0.37645
0.9071,0.05453,-4.03959,0.9071,0.22919,-0.37478
0.90776,0.05477,-4.03762,0.90776,0.22978,-0.37312
0.90842,0.05502,-4.03565,0.90842,0.23042,-0.37145
0.90909,0.05498,-4.03368,0.90909,0.23095,-0.36978
0.90976,0.0552,-4.0317,0.90976,0.23116,-0.36811
0.91043,0.05515,-4.02972,0.91043,0.23195,-0.36643
0.91109,0.05533,-4.02774,0.91109,0.23238,-0.36475
0.91176,0.05543,-4.02575,0.91176,0.23293,-0.36307
0.91244,0.05543,-4.02376,0.91244,0.23319,-0.36139
0.91311,0.05568,-4.02177,0.91311,0.23369,-0.3597
0.91378,0.05558,-4.01977,0.91378,0.23399,-0.35802
0.91445,0.05585,-4.01778,0.91445,0.23449,-0.35633
0.91513,0.05593,-4.01577,0.91513,0.23496,-0.35463
0.91581,0.05604,-4.01377,0.91581,0.23527,-0.35294
0.91648,0.05587,-4.01176,0.91648,0.23536,-0.35124
0.91716,0.05627,-4.00975,0.91716,0.23587,-0.34954
0.91784,0.05637,-4.00774,0.91784,0.23629,-0.34784
0.91852,0.05638,-4.00573,0.91852,0.23632,-0.34613
0.9192,0.05653,-4.00371,0.9192,0.23656,-0.34442
0.91988,0.05668,-4.00168,0.91988,0.23691,-0.34271
0.92056,0.05673,-3.99966,0.92056,0.23708,-0.341
0.92125,0.05679,-3.99763,0.92125,0.23746,-0.33928
0.92193,0.05689,-3.9956,0.92193,0.23767,-0.33757
0.92262,0.05705,-3.99357,0.92262,0.23789,-0.33585
0.92331,0.05707,-3.99153,0.92331,0.23804,-0.33412
0.92399,0.05712,-3.98949,0.92399,0.23829,-0.3324
0.92468,0.05705,-3.98745,0.92468,0.23851,-0.33067
0.92537,0.05727,-3.9854,0.92537,0.2389,-0.32894
0.92606,0.05732,-3.98335,0.92606,0.23896,-0.3272
0.92676,0.05728,-3.9813,0.92676,0.23945,-0.32547
0.92745,0.05732,-3.97925,0.92745,0.23954,-0.32373
0.92814,0.05748,-3.97719,0.92814,0.23981,-0.32199
0.92884,0.05755,-3.97513,0.92884,0.24015,-0.32024
0.92954,0.05754,-3.97306,0.92954,0.24063,-0.3185
0.93023,0.0575,-3.97099,0.93023,0.24066,-0.31675
0.93093,0.05755,-3.96892,0.93093,0.24093,-0.315
0.93163,0.05765,-3.96685,0.93163,0.24137,-0.31324
0.93233,0.05773,-3.96477,0.93233,0.24164,-0.31148
0.93303,0.05772,-3.96269,0.93303,0.24189,-0.30972
0.93373,0.0578,-3.96061,0.93373,0.24219,-0.30796
0.93444,0.05783,-3.95852,0.93444,0.2425,-0.3062
0.93514,0.05792,-3.95643,0.93514,0.24282,-0.30443
0.93585,0.05792,-3.95434,0.93585,0.24321,-0.30266
0.93656,0.05791,-3.95225,0.93656,0.24337,-0.30089
0.93726,0.05794,-3.95015,0.93726,0.24364,-0.29911
0.93797,0.05805,-3.94805,0.93797,0.24405,-0.29733
0.93868,0.05818,-3.94594,0.93868,0.24443,-0.29555
0.93939,0.05818,-3.94383,0.93939,0.24468,-0.29377
0.94011,0.05819,-3.94172,0.94011,0.24489,-0.29198
0.94082,0.05825,-3.93961,0.94082,0.24523,-0.29019
0.94153,0.05819,-3.93749,0.94153,0.24547,-0.2884
0.94225,0.05821,-3.93537,0.94225,0.24579,-0.2866
0.94297,0.05834,-3.93324,0.94297,0.24621,-0.28481
0.94368,0.05839,-3.93111,0.94368,0.24654,-0.28301
0.9444,0.05841,-3.92898,0.9444,0.24683,-0.2812
0.94512,0.05844,-3.92685,0.94512,0.24711,-0.2794
0.94584,0.0585,-3.92471,0.94584,0.24746,-0.27759
0.94656,0.05848,-3.92257,0.94656,0.24777,-0.27578
0.94729,0.05864,-3.92043,0.94729,0.24815,-0.27396
0.94801,0.05871,-3.91828,0.94801,0.24864,-0.27215
0.94874,0.05856,-3.91613,0.94874,0.24878,-0.27033
0.94946,0.05855,-3.91397,0.94946,0.24916,-0.26851
0.95019,0.05865,-3.91182,0.95019,0.24955,-0.26668
0.95092,0.05879,-3.90966,0.95092,0.25001,-0.26485
0.95165,0.05882,-3.90749,0.95165,0.2503,-0.26302
0.95238,0.05873,-3.90533,0.95238,0.25054,-0.26119
0.95311,0.05881,-3.90316,0.95311,0.2509,-0.25935
0.95385,0.05899,-3.90098,0.95385,0.25132,-0.25751
0.95458,0.05913,-3.8988,0.95458,0.25172,-0.25567
0.95532,0.05905,-3.89662,0.95532,0.25191,-0.25383
0.95605,0.05899,-3.89444,0.95605,0.25236,-0.25198
0.95679,0.05917,-3.89225,0.95679,0.25279,-0.25013
0.95753,0.0592,-3.89006,0.95753,0.25301,-0.24828
0.95827,0.05916,-3.88787,0.95827,0.25334,-0.24642
0.95901,0.05921,-3.88567,0.95901,0.25363,-0.24456
0.95975,0.05925,-3.88347,0.95975,0.25403,-0.2427
0.9605,0.05938,-3.88127,0.9605,0.25446,-0.24083
0.96124,0.05944,-3.87906,0.96124,0.25469,-0.23897
0.96199,0.05951,-3.87685,0.96199,0.25522,-0.2371
0.96273,0.0594,-3.87463,0.96273,0.25558,-0.23522
0.96348,0.05945,-3.87242,0.96348,0.25596,-0.23335
0.96423,0.05954,-3.87019,0.96423,0.25621,-0.23147
0.96498,0.05963,-3.86797,0.96498,0.2566,-0.22958
0.96573,0.05964,-3.86574,0.96573,0.25693,-0.2277
0.96648,0.05966,-3.86351,0.96648,0.25736,-0.22581
0.96724,0.0597,-3.86127,0.96724,0.25769,-0.22392
0.96799,0.05971,-3.85904,0.96799,0.25799,-0.22203
0.96875,0.05974,-3.85679,0.96875,0.25848,-0.22013
0.96951,0.05989,-3.85455,0.96951,0.25882,-0.21823
0.97027,0.05984,-3.8523,0.97027,0.25918,-0.21633
0.97103,0.05993,-3.85005,0.97103,0.25963,-0.21442
0.97179,0.05987,-3.84779,0.97179,0.25987,-0.21251
0.97255,0.05999,-3.84553,0.97255,0.26041,-0.2106
0.97331,0.06004,-3.84327,0.97331,0.26077,-0.20868
0.97408,0.06006,-3.841,0.97408,0.26115,-0.20677
0.97484,0.0601,-3.83873,0.97484,0.26157,-0.20485
0.97561,0.0601,-3.83645,0.97561,0.26185,-0.20292
0.97638,0.06018,-3.83418,0.97638,0.26235,-0.20099
0.97715,0.06025,-3.8319,0.97715,0.26268,-0.19906
0.97792,0.06034,-3.82961,0.97792,0.26317,-0.19713
0.97869,0.06033,-3.82732,0.97869,0.2636,-0.1952
0.97946,0.06033,-3.82503,0.97946,0.26393,-0.19326
0.98024,0.06037,-3.82274,0.98024,0.26423,-0.19131
0.98101,0.06042,-3.82044,0.98101,0.26478,-0.18937
0.98179,0.06035,-3.81813,0.98179,0.26501,-0.18742
0.98257,0.06042,-3.81583,0.98257,0.26538,-0.18547
0.98335,0.06051,-3.81352,0.98335,0.26582,-0.18351
0.98413,0.06048,-3.8112,0.98413,0.26629,-0.18156
0.98491,0.06062,-3.80888,0.98491,0.26674,-0.1796
0.98569,0.06057,-3.80656,0.98569,0.26711,-0.17763
0.98648,0.06066,-3.80424,0.98648,0.26759,-0.17566
0.98726,0.06067,-3.80191,0.98726,0.26793,-0.17369
0.98805,0.06064,-3.79958,0.98805,0.26828,-0.17172
0.98884,0.06068,-3.79724,0.98884,0.26879,-0.16974
0.98962,0.06078,-3.7949,0.98962,0.26927,-0.16777
0.99042,0.06077,-3.79256,0.99042,0.26962,-0.16578
0.99121,0.06088,-3.79021,0.99121,0.27006,-0.1638
0.992,0.06094,-3.78786,0.992,0.2705,-0.16181
0.99279,0.06099,-3.7855,0.99279,0.27098,-0.15982
0.99359,0.06101,-3.78315,0.99359,0.27142,-0.15782
0.99439,0.06091,-3.78078,0.99439,0.27179,-0.15582
0.99518,0.06091,-3.77842,0.99518,0.27219,-0.15382
0.99598,0.06106,-3.77605,0.99598,0.27279,-0.15181
0.99678,0.06119,-3.77367,0.99678,0.27327,-0.14981
0.99759,0.06115,-3.7713,0.99759,0.27366,-0.14779
0.99839,0.06125,-3.76891,0.99839,0.27413,-0.14578
0.99919,0.06127,-3.76653,0.99919,0.27462,-0.14376
1,0.06127,-3.76414,1,0.27506,-0.14174
1.00081,0.06133,-3.76175,1.00081,0.27557,-0.13972
1.00162,0.06136,-3.75935,1.00162,0.27606,-0.13769
1.00243,0.06145,-3.75695,1.00243,0.2765,-0.13566
1.00324,0.06154,-3.75454,1.00324,0.27714,-0.13362
1.00405,0.06152,-3.75214,1.00405,0.27758,-0.13158
1.00486,0.06159,-3.74972,1.00486,0.27802,-0.12954
1.00568,0.06168,-3.74731,1.00568,0.2785,-0.1275
1.00649,0.06177,-3.74489,1.00649,0.27908,-0.12545
1.00731,0.06178,-3.74246,1.00731,0.27952,-0.1234
1.00813,0.0618,-3.74004,1.00813,0.28006,-0.12135
1.00895,0.06183,-3.7376,1.00895,0.2806,-0.11929
1.00977,0.06186,-3.73517,1.00977,0.28104,-0.11723
1.01059,0.06189,-3.73273,1.01059,0.28155,-0.11516
1.01142,0.06197,-3.73028,1.01142,0.28197,-0.1131
1.01224,0.06198,-3.72783,1.01224,0.28254,-0.11102
1.01307,0.06207,-3.72538,1.01307,0.28306,-0.10895
1.0139,0.06213,-3.72293,1.0139,0.2837,-0.10687
1.01473,0.06216,-3.72047,1.01473,0.28415,-0.10479
1.01556,0.06209,-3.718,1.01556,0.28456,-0.10271
1.01639,0.06212,-3.71553,1.01639,0.28509,-0.10062
1.01723,0.0622,-3.71306,1.01723,0.28565,-0.09853
1.01806,0.06228,-3.71059,1.01806,0.28618,-0.09643
1.0189,0.0623,-3.70811,1.0189,0.28666,-0.09433
1.01974,0.06235,-3.70562,1.01974,0.28732,-0.09223
1.02058,0.06236,-3.70313,1.02058,0.28782,-0.09013
1.02142,0.06235,-3.70064,1.02142,0.28835,-0.08802
1.02226,0.06234,-3.69814,1.02226,0.28879,-0.0859
1.0231,0.06249,-3.69564,1.0231,0.28943,-0.08379
1.02395,0.06257,-3.69314,1.02395,0.29001,-0.08167
1.02479,0.06262,-3.69063,1.02479,0.29062,-0.07955
1.02564,0.06261,-3.68812,1.02564,0.29113,-0.07742
1.02649,0.06257,-3.6856,1.02649,0.29161,-0.07529
1.02734,0.06266,-3.68308,1.02734,0.29224,-0.07316
1.02819,0.06275,-3.68055,1.02819,0.29284,-0.07102
1.02905,0.06272,-3.67802,1.02905,0.29332,-0.06888
1.0299,0.06273,-3.67549,1.0299,0.29391,-0.06674
1.03076,0.06282,-3.67295,1.03076,0.29461,-0.06459
1.03161,0.06279,-3.67041,1.03161,0.29507,-0.06244
1.03247,0.06283,-3.66786,1.03247,0.29564,-0.06028
1.03333,0.06287,-3.66531,1.03333,0.29628,-0.05813
1.0342,0.06251,-3.66275,1.0342,0.29775,-0.05596
1.03506,0.06244,-3.66019,1.03506,0.29794,-0.0538
1.03592,0.06248,-3.65763,1.03592,0.29861,-0.05163
1.03679,0.06259,-3.65506,1.03679,0.2993,-0.04946
1.03766,0.06277,-3.65249,1.03766,0.29989,-0.04728
1.03853,0.06268,-3.64991,1.03853,0.3004,-0.0451
1.0394,0.06276,-3.64733,1.0394,0.301,-0.04292
1.04027,0.06277,-3.64475,1.04027,0.30169,-0.04073
1.04114,0.06271,-3.64216,1.04114,0.30226,-0.03854
1.04202,0.06274,-3.63956,1.04202,0.30293,-0.03634
1.04289,0.06281,-3.63697,1.04289,0.30352,-0.03415
1.04377,0.06282,-3.63436,1.04377,0.30416,-0.03194
1.04465,0.06289,-3.63176,1.04465,0.30486,-0.02974
1.04553,0.06293,-3.62914,1.04553,0.30544,-0.02753
1.04641,0.06283,-3.62653,1.04641,0.30604,-0.02531
1.0473,0.06288,-3.62391,1.0473,0.3067,-0.0231
1.04818,0.06303,-3.62128,1.04818,0.30738,-0.02088
1.04907,0.06305,-3.61865,1.04907,0.308,-0.01865
1.04996,0.06318,-3.61602,1.04996,0.30881,-0.01642
1.05085,0.06316,-3.61338,1.05085,0.30948,-0.01419
1.05174,0.06312,-3.61074,1.05174,0.31011,-0.01196
1.05263,0.0632,-3.60809,1.05263,0.31082,-0.00972
1.05353,0.06324,-3.60544,1.05353,0.31156,-0.00747
1.05442,0.0633,-3.60278,1.05442,0.31225,-0.00523
1.05532,0.06339,-3.60012,1.05532,0.31289,-0.00298
1.05622,0.06343,-3.59746,1.05622,0.31354,-7.20E-04
1.05712,0.06351,-3.59479,1.05712,0.31431,0.00154
1.05802,0.06349,-3.59211,1.05802,0.31503,0.0038
1.05892,0.0636,-3.58944,1.05892,0.31577,0.00607
1.05983,0.06357,-3.58675,1.05983,0.31651,0.00834
1.06074,0.06362,-3.58406,1.06074,0.31709,0.01061
1.06164,0.06375,-3.58137,1.06164,0.31795,0.01289
1.06255,0.06379,-3.57867,1.06255,0.3187,0.01517
1.06346,0.06383,-3.57597,1.06346,0.31938,0.01746
1.06438,0.06387,-3.57327,1.06438,0.32015,0.01975
1.06529,0.06385,-3.57055,1.06529,0.32092,0.02204
1.06621,0.06322,-3.56784,1.06621,0.32161,0.02434
1.06713,0.06406,-3.56512,1.06713,0.32234,0.02664
1.06804,0.0641,-3.56239,1.06804,0.32304,0.02895
1.06897,0.06414,-3.55966,1.06897,0.32385,0.03126
1.06989,0.06425,-3.55693,1.06989,0.32463,0.03357
1.07081,0.06422,-3.55419,1.07081,0.32542,0.03589
1.07174,0.06434,-3.55145,1.07174,0.32618,0.03821
1.07266,0.06483,-3.5487,1.07266,0.3274,0.04053
1.07359,0.06423,-3.54594,1.07359,0.3276,0.04286
1.07452,0.06416,-3.54318,1.07452,0.32833,0.0452
1.07546,0.06428,-3.54042,1.07546,0.32908,0.04754
1.07639,0.06399,-3.53765,1.07639,0.32986,0.04988
1.07732,0.06437,-3.53488,1.07732,0.33082,0.05222
1.07826,0.06437,-3.5321,1.07826,0.33154,0.05457
1.0792,0.06436,-3.52932,1.0792,0.33234,0.05693
1.08014,0.06485,-3.52653,1.08014,0.33387,0.05928
1.08108,0.0643,-3.52374,1.08108,0.33416,0.06165
1.08202,0.06434,-3.52094,1.08202,0.33484,0.06401
1.08297,0.06436,-3.51814,1.08297,0.33567,0.06638
1.08392,0.06448,-3.51534,1.08392,0.3368,0.06876
1.08486,0.06475,-3.51252,1.08486,0.33783,0.07114
1.08581,0.06467,-3.50971,1.08581,0.33856,0.07352
1.08677,0.06467,-3.50689,1.08677,0.33925,0.07591
1.08772,0.06468,-3.50406,1.08772,0.3401,0.0783
1.08867,0.0647,-3.50123,1.08867,0.34113,0.08069
1.08963,0.06475,-3.49839,1.08963,0.34203,0.08309
1.09059,0.06489,-3.49555,1.09059,0.34251,0.0855
1.09155,0.06479,-3.4927,1.09155,0.34387,0.08791
1.09251,0.06478,-3.48985,1.09251,0.34489,0.09032
1.09347,0.06498,-3.487,1.09347,0.34583,0.09273
1.09444,0.06498,-3.48414,1.09444,0.34664,0.09516
1.09541,0.06503,-3.48127,1.09541,0.34759,0.09758
1.09637,0.06504,-3.4784,1.09637,0.34801,0.10001
1.09735,0.0651,-3.47552,1.09735,0.3496,0.10244
1.09832,0.06514,-3.47264,1.09832,0.35034,0.10488
1.09929,0.06516,-3.46975,1.09929,0.35129,0.10732
1.10027,0.06532,-3.46686,1.10027,0.35219,0.10977
1.10124,0.06549,-3.46396,1.10124,0.35336,0.11222
1.10222,0.06526,-3.46106,1.10222,0.35416,0.11468
1.1032,0.06477,-3.45815,1.1032,0.35513,0.11714
1.10419,0.06538,-3.45524,1.10419,0.35607,0.1196
1.10517,0.06554,-3.45232,1.10517,0.35713,0.12207
1.10616,0.06552,-3.4494,1.10616,0.35814,0.12454
1.10714,0.06561,-3.44647,1.10714,0.35924,0.12702
1.10813,0.06548,-3.44354,1.10813,0.36023,0.1295
1.10912,0.06563,-3.4406,1.10912,0.36132,0.13199
1.11012,0.0658,-3.43765,1.11012,0.36247,0.13448
1.11111,0.06576,-3.43471,1.11111,0.36349,0.13698
1.11211,0.06573,-3.43175,1.11211,0.36442,0.13948
1.11311,0.06554,-3.42879,1.11311,0.36551,0.14198
1.11411,0.06574,-3.42583,1.11411,0.36651,0.14449
1.11511,0.06593,-3.42286,1.11511,0.3676,0.147
1.11611,0.06601,-3.41988,1.11611,0.36858,0.14952
1.11712,0.06602,-3.4169,1.11712,0.36965,0.15204
1.11812,0.06639,-3.41391,1.11812,0.37106,0.15457
1.11913,0.06613,-3.41092,1.11913,0.37193,0.1571
1.12014,0.06581,-3.40792,1.12014,0.37274,0.15964
1.12116,0.06604,-3.40492,1.12116,0.37388,0.16218
1.12217,0.06611,-3.40191,1.12217,0.37482,0.16472
1.12319,0.0665,-3.3989,1.12319,0.37646,0.16727
1.12421,0.06613,-3.39588,1.12421,0.37727,0.16983
1.12523,0.06612,-3.39285,1.12523,0.37821,0.17238
1.12625,0.06623,-3.38982,1.12625,0.3793,0.17495
1.12727,0.06639,-3.38679,1.12727,0.38082,0.17752
1.1283,0.06637,-3.38375,1.1283,0.38207,0.18009
1.12933,0.06648,-3.3807,1.12933,0.38307,0.18267
1.13036,0.06656,-3.37765,1.13036,0.3836,0.18525
1.13139,0.06666,-3.37459,1.13139,0.38557,0.18784
1.13242,0.0666,-3.37153,1.13242,0.38679,0.19043
1.13346,0.06655,-3.36846,1.13346,0.38794,0.19302
1.13449,0.06669,-3.36538,1.13449,0.38915,0.19563
1.13553,0.06674,-3.3623,1.13553,0.38984,0.19823
1.13657,0.06676,-3.35922,1.13657,0.39167,0.20084
1.13761,0.06678,-3.35612,1.13761,0.39283,0.20346
1.13866,0.06698,-3.35303,1.13866,0.39398,0.20608
1.13971,0.06713,-3.34992,1.13971,0.39482,0.2087
1.14075,0.06707,-3.34682,1.14075,0.39638,0.21133
1.1418,0.06651,-3.3437,1.1418,0.3975,0.21397
1.14286,0.06713,-3.34058,1.14286,0.3986,0.21661
1.14391,0.0672,-3.33746,1.14391,0.39997,0.21925
1.14497,0.06757,-3.33432,1.14497,0.40158,0.2219
1.14603,0.06717,-3.33119,1.14603,0.40244,0.22456
1.14709,0.06677,-3.32804,1.14709,0.40371,0.22722
1.14815,0.06723,-3.32489,1.14815,0.40498,0.22988
1.14921,0.06722,-3.32174,1.14921,0.40631,0.23255
1.15028,0.06736,-3.31858,1.15028,0.40802,0.23522
1.15135,0.06733,-3.31541,1.15135,0.40901,0.2379
1.15242,0.06746,-3.31224,1.15242,0.41057,0.24059
1.15349,0.06758,-3.30906,1.15349,0.41203,0.24328
1.15456,0.06758,-3.30588,1.15456,0.41338,0.24597
1.15564,0.06761,-3.30269,1.15564,0.41471,0.24867
1.15672,0.06768,-3.29949,1.15672,0.41583,0.25137
1.1578,0.06757,-3.29629,1.1578,0.41771,0.25408
1.15888,0.0677,-3.29308,1.15888,0.41903,0.2568
1.15996,0.06794,-3.28987,1.15996,0.42032,0.25952
1.16105,0.06797,-3.28665,1.16105,0.42155,0.26224
1.16214,0.06794,-3.28342,1.16214,0.42323,0.26497
1.16323,0.06801,-3.28019,1.16323,0.42455,0.26771
1.16432,0.0683,-3.27695,1.16432,0.42593,0.27044
1.16541,0.06765,-3.2737,1.16541,0.42744,0.27319
1.16651,0.06814,-3.27045,1.16651,0.42858,0.27594
1.16761,0.0682,-3.2672,1.16761,0.43016,0.2787
1.16871,0.06825,-3.26393,1.16871,0.43202,0.28146
1.16981,0.06816,-3.26066,1.16981,0.43283,0.28422
1.17092,0.06816,-3.25739,1.17092,0.43445,0.28699
1.17202,0.06845,-3.25411,1.17202,0.43633,0.28977
1.17313,0.06832,-3.25082,1.17313,0.43771,0.29255
1.17424,0.06841,-3.24753,1.17424,0.43927,0.29534
1.17536,0.06864,-3.24423,1.17536,0.44076,0.29813
1.17647,0.06859,-3.24092,1.17647,0.44254,0.30093
1.17759,0.06857,-3.23761,1.17759,0.44387,0.30373
1.17871,0.06871,-3.23429,1.17871,0.44535,0.30654
1.17983,0.06868,-3.23096,1.17983,0.44722,0.30935
1.18095,0.06911,-3.22763,1.18095,0.44859,0.31217
1.18208,0.06924,-3.22429,1.18208,0.45029,0.31499
1.18321,0.06865,-3.22095,1.18321,0.45168,0.31782
1.18434,0.06913,-3.2176,1.18434,0.45327,0.32066
1.18547,0.06933,-3.21424,1.18547,0.4551,0.3235
1.1866,0.0692,-3.21088,1.1866,0.45678,0.32634
1.18774,0.06916,-3.20751,1.18774,0.45777,0.32919
1.18888,0.06931,-3.20413,1.18888,0.45994,0.33205
1.19002,0.06928,-3.20075,1.19002,0.46155,0.33491
1.19116,0.06936,-3.19736,1.19116,0.46335,0.33778
1.19231,0.06965,-3.19397,1.19231,0.46515,0.34065
1.19346,0.06954,-3.19056,1.19346,0.46642,0.34353
1.19461,0.06948,-3.18715,1.19461,0.46855,0.34641
1.19576,0.06965,-3.18374,1.19576,0.46991,0.3493
1.19691,0.06955,-3.18032,1.19691,0.47176,0.3522
1.19807,0.07008,-3.17689,1.19807,0.47353,0.3551
1.19923,0.07004,-3.17345,1.19923,0.47508,0.35801
1.20039,0.06975,-3.17001,1.20039,0.47692,0.36092
1.20155,0.06999,-3.16656,1.20155,0.4786,0.36384
1.20272,0.07009,-3.16311,1.20272,0.48041,0.36676
1.20388,0.0699,-3.15964,1.20388,0.48181,0.36969
1.20505,0.0702,-3.15617,1.20505,0.4841,0.37262
1.20623,0.07026,-3.1527,1.20623,0.48585,0.37556
1.2074,0.07024,-3.14922,1.2074,0.48744,0.37851
1.20858,0.07048,-3.14573,1.20858,0.48951,0.38146
1.20976,0.07028,-3.14223,1.20976,0.49118,0.38442
1.21094,0.07034,-3.13873,1.21094,0.49303,0.38738
1.21212,0.0707,-3.13522,1.21212,0.49494,0.39035
1.21331,0.07088,-3.1317,1.21331,0.49675,0.39333
1.2145,0.07057,-3.12818,1.2145,0.49855,0.39631
1.21569,0.07073,-3.12465,1.21569,0.50041,0.3993
1.21688,0.07086,-3.12111,1.21688,0.50246,0.40229
1.21807,0.07075,-3.11757,1.21807,0.50386,0.40529
1.21927,0.07087,-3.11402,1.21927,0.50627,0.40829
1.22047,0.07108,-3.11046,1.22047,0.50832,0.4113
1.22167,0.07114,-3.10689,1.22167,0.51008,0.41432
1.22288,0.07123,-3.10332,1.22288,0.51206,0.41734
1.22409,0.07114,-3.09974,1.22409,0.51419,0.42037
1.2253,0.07138,-3.09616,1.2253,0.516,0.4234
1.22651,0.07159,-3.09256,1.22651,0.51798,0.42644
1.22772,0.07134,-3.08896,1.22772,0.51979,0.42949
1.22894,0.07131,-3.08535,1.22894,0.52169,0.43254
1.23016,0.07167,-3.08174,1.23016,0.5238,0.4356
1.23138,0.07166,-3.07812,1.23138,0.5259,0.43866
1.2326,0.07176,-3.07449,1.2326,0.5282,0.44173
1.23383,0.07173,-3.07085,1.23383,0.53003,0.44481
1.23506,0.07191,-3.06721,1.23506,0.53237,0.44789
1.23629,0.07176,-3.06356,1.23629,0.53398,0.45098
1.23752,0.07209,-3.0599,1.23752,0.53633,0.45408
1.23876,0.07225,-3.05623,1.23876,0.53835,0.45718
1.24,0.07194,-3.05256,1.24,0.5404,0.46029
1.24124,0.07248,-3.04888,1.24124,0.54246,0.4634
1.24248,0.0722,-3.04519,1.24248,0.5444,0.46652
1.24373,0.07234,-3.0415,1.24373,0.54684,0.46965
1.24498,0.07248,-3.0378,1.24498,0.54881,0.47278
1.24623,0.07252,-3.03409,1.24623,0.55115,0.47592
1.24748,0.07263,-3.03037,1.24748,0.5534,0.47906
1.24874,0.07282,-3.02664,1.24874,0.55552,0.48221
1.25,0.07291,-3.02291,1.25,0.55778,0.48537
1.25126,0.07275,-3.01917,1.25126,0.55983,0.48853
1.25253,0.07326,-3.01543,1.25253,0.56221,0.4917
1.25379,0.07285,-3.01167,1.25379,0.56411,0.49488
1.25506,0.07315,-3.00791,1.25506,0.56702,0.49806
1.25633,0.07309,-3.00414,1.25633,0.56923,0.50125
1.25761,0.07324,-3.00036,1.25761,0.57155,0.50445
1.25888,0.07337,-2.99657,1.25888,0.57365,0.50765
1.26016,0.07343,-2.99278,1.26016,0.57592,0.51086
1.26144,0.07362,-2.98898,1.26144,0.57831,0.51408
1.26273,0.07323,-2.98517,1.26273,0.58051,0.5173
1.26402,0.0736,-2.98136,1.26402,0.58281,0.52053
1.26531,0.07355,-2.97753,1.26531,0.58516,0.52376
1.2666,0.07385,-2.9737,1.2666,0.58789,0.52701
1.26789,0.07377,-2.96986,1.26789,0.5901,0.53026
1.26919,0.07394,-2.96601,1.26919,0.59261,0.53351
1.27049,0.07403,-2.96216,1.27049,0.59502,0.53677
1.27179,0.07406,-2.95829,1.27179,0.59748,0.54004
1.2731,0.07414,-2.95442,1.2731,0.59967,0.54332
1.27441,0.07415,-2.95054,1.27441,0.60212,0.5466
1.27572,0.07436,-2.94665,1.27572,0.60451,0.54989
1.27703,0.07426,-2.94276,1.27703,0.607,0.55318
1.27835,0.0745,-2.93886,1.27835,0.60958,0.55649
1.27967,0.07445,-2.93494,1.27967,0.61202,0.55979
1.28099,0.07456,-2.93102,1.28099,0.61464,0.56311
1.28232,0.07463,-2.9271,1.28232,0.61702,0.56643
1.28364,0.07482,-2.92316,1.28364,0.6195,0.56976
1.28497,0.07482,-2.91922,1.28497,0.62204,0.5731
1.28631,0.07484,-2.91527,1.28631,0.62449,0.57644
1.28764,0.07491,-2.91131,1.28764,0.62707,0.57979
1.28898,0.07513,-2.90734,1.28898,0.63,0.58315
1.29032,0.07498,-2.90336,1.29032,0.63233,0.58652
1.29167,0.07534,-2.89937,1.29167,0.6349,0.58989
1.29301,0.07531,-2.89538,1.29301,0.63737,0.59327
1.29436,0.07533,-2.89138,1.29436,0.64007,0.59665
1.29572,0.07544,-2.88737,1.29572,0.64284,0.60005
1.29707,0.07552,-2.88335,1.29707,0.64555,0.60345
1.29843,0.07556,-2.87932,1.29843,0.64813,0.60685
1.29979,0.07595,-2.87529,1.29979,0.65087,0.61027
1.30115,0.07593,-2.87124,1.30115,0.65339,0.61369
1.30252,0.07587,-2.86719,1.30252,0.6561,0.61712
1.30389,0.0759,-2.86313,1.30389,0.65887,0.62055
1.30526,0.07615,-2.85906,1.30526,0.6616,0.62399
1.30664,0.07607,-2.85498,1.30664,0.66417,0.62744
1.30802,0.07654,-2.8509,1.30802,0.66694,0.6309
1.3094,0.0763,-2.8468,1.3094,0.6694,0.63437
1.31078,0.07633,-2.8427,1.31078,0.67187,0.63784
1.31217,0.07649,-2.83859,1.31217,0.67425,0.64132
1.31356,0.07653,-2.83446,1.31356,0.67667,0.6448
1.31495,0.07636,-2.83033,1.31495,0.67919,0.6483
1.31635,0.07653,-2.8262,1.31635,0.68205,0.6518
1.31775,0.07659,-2.82205,1.31775,0.6848,0.65531
1.31915,0.07679,-2.81789,1.31915,0.68797,0.65883
1.32055,0.07686,-2.81373,1.32055,0.69062,0.66235
1.32196,0.07697,-2.80955,1.32196,0.69361,0.66588
1.32337,0.0772,-2.80537,1.32337,0.69663,0.66942
1.32479,0.07727,-2.80118,1.32479,0.69939,0.67297
1.3262,0.07743,-2.79698,1.3262,0.70248,0.67652
1.32762,0.07763,-2.79277,1.32762,0.70555,0.68008
1.32905,0.07764,-2.78855,1.32905,0.70828,0.68365
1.33047,0.07786,-2.78432,1.33047,0.71127,0.68723
1.3319,0.07794,-2.78008,1.3319,0.71441,0.69081
1.33333,0.07814,-2.77584,1.33333,0.71726,0.69441
1.33477,0.07821,-2.77158,1.33477,0.72029,0.69801
1.33621,0.07847,-2.76732,1.33621,0.72355,0.70161
1.33765,0.07845,-2.76304,1.33765,0.72637,0.70523
1.33909,0.07864,-2.75876,1.33909,0.72926,0.70885
1.34054,0.07874,-2.75447,1.34054,0.73248,0.71249
1.34199,0.07897,-2.75017,1.34199,0.73562,0.71612
1.34345,0.07929,-2.74586,1.34345,0.73879,0.71977
1.3449,0.07933,-2.74154,1.3449,0.7419,0.72343
1.34636,0.07955,-2.73721,1.34636,0.74506,0.72709
1.34783,0.0797,-2.73287,1.34783,0.7482,0.73076
1.34929,0.07988,-2.72852,1.34929,0.75129,0.73444
1.35076,0.07991,-2.72416,1.35076,0.75458,0.73813
1.35224,0.08018,-2.71979,1.35224,0.75776,0.74182
1.35371,0.08021,-2.71542,1.35371,0.76102,0.74552
1.35519,0.08049,-2.71103,1.35519,0.76402,0.74924
1.35667,0.08062,-2.70663,1.35667,0.76721,0.75296
1.35816,0.08088,-2.70223,1.35816,0.7704,0.75668
1.35965,0.08101,-2.69781,1.35965,0.77359,0.76042
1.36114,0.08116,-2.69339,1.36114,0.77705,0.76416
1.36264,0.08134,-2.68895,1.36264,0.78015,0.76791
1.36414,0.08136,-2.68451,1.36414,0.78358,0.77167
1.36564,0.08171,-2.68005,1.36564,0.78663,0.77544
1.36714,0.08187,-2.67559,1.36714,0.78989,0.77922
1.36865,0.08206,-2.67112,1.36865,0.79369,0.783
1.37017,0.08213,-2.66663,1.37017,0.79708,0.7868
1.37168,0.08236,-2.66214,1.37168,0.80014,0.7906
1.3732,0.08263,-2.65763,1.3732,0.80369,0.79441
1.37472,0.08274,-2.65312,1.37472,0.80707,0.79823
1.37625,0.08305,-2.6486,1.37625,0.81043,0.80206
1.37778,0.08286,-2.64406,1.37778,0.81364,0.80589
1.37931,0.08322,-2.63952,1.37931,0.81773,0.80974
1.38085,0.08335,-2.63496,1.38085,0.82059,0.81359
1.38239,0.08368,-2.6304,1.38239,0.82412,0.81745
1.38393,0.08367,-2.62583,1.38393,0.82746,0.82132
1.38547,0.08397,-2.62124,1.38547,0.83086,0.8252
1.38702,0.08423,-2.61665,1.38702,0.83446,0.82909
1.38858,0.08437,-2.61204,1.38858,0.83796,0.83298
1.39013,0.08444,-2.60743,1.39013,0.84211,0.83689
1.39169,0.08468,-2.6028,1.39169,0.84502,0.8408
1.39326,0.08465,-2.59816,1.39326,0.84885,0.84473
1.39483,0.08518,-2.59352,1.39483,0.85268,0.84866
1.3964,0.08533,-2.58886,1.3964,0.85604,0.8526
1.39797,0.08553,-2.58419,1.39797,0.85951,0.85655
1.39955,0.08576,-2.57951,1.39955,0.86371,0.8605
1.40113,0.08587,-2.57483,1.40113,0.8671,0.86447
1.40271,0.08612,-2.57013,1.40271,0.8709,0.86845
1.4043,0.08636,-2.56542,1.4043,0.87423,0.87243
1.4059,0.08648,-2.5607,1.4059,0.87781,0.87642
1.40749,0.08683,-2.55596,1.40749,0.88185,0.88043
1.40909,0.08706,-2.55122,1.40909,0.88602,0.88444
1.41069,0.08719,-2.54647,1.41069,0.88884,0.88846
1.4123,0.08763,-2.54171,1.4123,0.89305,0.89249
1.41391,0.08769,-2.53693,1.41391,0.89665,0.89653
1.41553,0.08783,-2.53215,1.41553,0.90003,0.90058
1.41714,0.08794,-2.52735,1.41714,0.90369,0.90464
1.41876,0.08841,-2.52254,1.41876,0.90791,0.90871
1.42039,0.08874,-2.51772,1.42039,0.91207,0.91278
1.42202,0.08847,-2.51289,1.42202,0.91592,0.91687
1.42365,0.08876,-2.50805,1.42365,0.91923,0.92096
1.42529,0.08917,-2.5032,1.42529,0.9239,0.92507
1.42693,0.08962,-2.49834,1.42693,0.92781,0.92918
1.42857,0.08975,-2.49346,1.42857,0.93094,0.93331
1.43022,0.08983,-2.48858,1.43022,0.93462,0.93744
1.43187,0.08995,-2.48368,1.43187,0.93871,0.94158
1.43353,0.09018,-2.47877,1.43353,0.94315,0.94573
1.43519,0.09057,-2.47386,1.43519,0.9467,0.9499
1.43685,0.09083,-2.46892,1.43685,0.95137,0.95407
1.43852,0.09064,-2.46398,1.43852,0.95512,0.95825
1.44019,0.09108,-2.45903,1.44019,0.95859,0.96244
1.44186,0.0913,-2.45406,1.44186,0.96221,0.96664
1.44354,0.09151,-2.44909,1.44354,0.96704,0.97085
1.44522,0.09167,-2.4441,1.44522,0.97137,0.97507
1.44691,0.09203,-2.4391,1.44691,0.97479,0.9793
1.4486,0.09186,-2.43409,1.4486,0.9788,0.98354
1.45029,0.09216,-2.42906,1.45029,0.98267,0.98779
1.45199,0.09232,-2.42403,1.45199,0.98768,0.99205
1.45369,0.09274,-2.41898,1.45369,0.99165,0.99632
1.4554,0.09315,-2.41392,1.4554,0.99449,1.0006
1.45711,0.09319,-2.40885,1.45711,0.99934,1.00489
1.45882,0.09347,-2.40377,1.45882,1.00293,1.00919
1.46054,0.09351,-2.39867,1.46054,1.00757,1.0135
1.46226,0.09405,-2.39357,1.46226,1.01203,1.01782
1.46399,0.09404,-2.38845,1.46399,1.01706,1.02215
1.46572,0.09448,-2.38332,1.46572,1.0213,1.02649
1.46746,0.09457,-2.37818,1.46746,1.02368,1.03084
1.46919,0.095,-2.37302,1.46919,1.02753,1.03521
1.47094,0.09472,-2.36785,1.47094,1.03136,1.03958
1.47268,0.09523,-2.36267,1.47268,1.03804,1.04396
1.47444,0.09466,-2.35748,1.47444,1.04171,1.04835
1.47619,0.0958,-2.35228,1.47619,1.0458,1.05276
1.47795,0.09612,-2.34706,1.47795,1.04973,1.05717
1.47971,0.09591,-2.34183,1.47971,1.05489,1.06159
1.48148,0.09532,-2.33659,1.48148,1.05717,1.06603
1.48325,0.09625,-2.33134,1.48325,1.06311,1.07047
1.48503,0.09652,-2.32607,1.48503,1.06613,1.07493
1.48681,0.09668,-2.32079,1.48681,1.07145,1.0794
1.4886,0.09663,-2.3155,1.4886,1.07487,1.08387
1.49038,0.09703,-2.31019,1.49038,1.07925,1.08836
1.49218,0.09745,-2.30488,1.49218,1.08407,1.09286
1.49398,0.09663,-2.29955,1.49398,1.08716,1.09737
1.49578,0.0973,-2.2942,1.49578,1.09147,1.10189
1.49758,0.09725,-2.28885,1.49758,1.0973,1.10642
1.4994,0.09796,-2.28348,1.4994,1.10136,1.11096
1.50121,0.09747,-2.2781,1.50121,1.10545,1.11552
1.50303,0.09773,-2.2727,1.50303,1.10945,1.12008
1.50485,0.0983,-2.26729,1.50485,1.11449,1.12466
1.50668,0.09813,-2.26187,1.50668,1.11829,1.12924
1.50852,0.09843,-2.25644,1.50852,1.12244,1.13384
1.51035,0.09861,-2.25099,1.51035,1.12767,1.13845
1.5122,0.09941,-2.24553,1.5122,1.13364,1.14307
1.51404,0.09866,-2.24005,1.51404,1.13572,1.1477
1.51589,0.09932,-2.23457,1.51589,1.14135,1.15235
1.51775,0.09978,-2.22906,1.51775,1.14562,1.157
1.51961,0.10037,-2.22355,1.51961,1.14766,1.16167
1.52147,0.10006,-2.21802,1.52147,1.15266,1.16634
1.52334,0.10054,-2.21248,1.52334,1.15621,1.17103
1.52522,0.09948,-2.20692,1.52522,1.16254,1.17573
1.52709,0.10041,-2.20135,1.52709,1.16553,1.18044
1.52898,0.10048,-2.19577,1.52898,1.17179,1.18517
1.53086,0.10101,-2.19018,1.53086,1.17519,1.1899
1.53276,0.1008,-2.18456,1.53276,1.17898,1.19465
1.53465,0.10154,-2.17894,1.53465,1.18278,1.19941
1.53656,0.1013,-2.1733,1.53656,1.18966,1.20418
1.53846,0.10202,-2.16765,1.53846,1.19126,1.20896
1.54037,0.10154,-2.16198,1.54037,1.19622,1.21375
1.54229,0.10227,-2.1563,1.54229,1.20347,1.21856
1.54421,0.10209,-2.15061,1.54421,1.20519,1.22338
1.54613,0.10226,-2.1449,1.54613,1.21093,1.22821
1.54806,0.10228,-2.13918,1.54806,1.21218,1.23305
1.55,0.10311,-2.13344,1.55,1.22013,1.2379
1.55194,0.10709,-2.12769,1.55194,1.25785,1.24277
1.55388,0.10723,-2.12192,1.55388,1.26317,1.24765
1.55583,0.10756,-2.11614,1.55583,1.2683,1.25254
1.55779,0.10874,-2.11035,1.55779,1.27356,1.25744
1.55975,0.10964,-2.10454,1.55975,1.27905,1.26236
1.56171,0.10769,-2.09871,1.56171,1.28434,1.26728
1.56368,0.10915,-2.09287,1.56368,1.28619,1.27222
1.56566,0.10955,-2.08702,1.56566,1.29069,1.27718
1.56764,0.10861,-2.08115,1.56764,1.29684,1.28214
1.56962,0.10987,-2.07527,1.56962,1.29951,1.28712
1.57161,0.11106,-2.06937,1.57161,1.30985,1.29211
1.5736,0.11228,-2.06346,1.5736,1.31349,1.29711
1.5756,0.11011,-2.05753,1.5756,1.31744,1.30213
1.57761,0.11107,-2.05158,1.57761,1.32277,1.30716
1.57962,0.11121,-2.04563,1.57962,1.32445,1.3122
1.58163,0.1117,-2.03965,1.58163,1.33251,1.31725
1.58365,0.11081,-2.03366,1.58365,1.3352,1.32232
1.58568,0.11278,-2.02766,1.58568,1.34157,1.3274
1.58771,0.1126,-2.02164,1.58771,1.34615,1.33249
1.58974,0.11343,-2.0156,1.58974,1.35206,1.3376
1.59178,0.11252,-2.00955,1.59178,1.3541,1.34272
1.59383,0.11299,-2.00349,1.59383,1.35945,1.34785
1.59588,0.11336,-1.9974,1.59588,1.3662,1.35299
1.59794,0.11367,-1.99131,1.59794,1.36771,1.35815
1.6,0.1128,-1.98519,1.6,1.37275,1.36332
1.60207,0.11263,-1.97906,1.60207,1.38008,1.36851
1.60414,0.11367,-1.97292,1.60414,1.38208,1.37371
1.60622,0.1151,-1.96676,1.60622,1.38663,1.37892
1.6083,0.11453,-1.96058,1.6083,1.39393,1.38415
1.61039,0.11446,-1.95439,1.61039,1.39888,1.38939
1.61248,0.11534,-1.94818,1.61248,1.40011,1.39464
1.61458,0.11558,-1.94196,1.61458,1.40721,1.39991
1.61669,0.11495,-1.93571,1.61669,1.41299,1.40519
1.6188,0.11635,-1.92946,1.6188,1.41593,1.41048
1.62092,0.11501,-1.92318,1.62092,1.42322,1.41579
1.62304,0.11523,-1.91689,1.62304,1.42599,1.42111
1.62516,0.11689,-1.91059,1.62516,1.43291,1.42645
1.6273,0.11669,-1.90426,1.6273,1.43667,1.4318
1.62943,0.11573,-1.89792,1.62943,1.43993,1.43716
1.63158,0.11688,-1.89157,1.63158,1.44585,1.44254
1.63373,0.118,-1.88519,1.63373,1.45151,1.44793
1.63588,0.11736,-1.8788,1.63588,1.45344,1.45334
1.63804,0.11672,-1.87239,1.63804,1.46059,1.45876
1.64021,0.11833,-1.86597,1.64021,1.46398,1.46419
1.64238,0.11776,-1.85953,1.64238,1.46914,1.46964
1.64456,0.11837,-1.85307,1.64456,1.47365,1.47511
1.64675,0.11942,-1.8466,1.64675,1.4798,1.48058
1.64894,0.11952,-1.8401,1.64894,1.48268,1.48608
1.65113,0.1192,-1.83359,1.65113,1.48918,1.49159
1.65333,0.11824,-1.82707,1.65333,1.49308,1.49711
1.65554,0.11846,-1.82052,1.65554,1.49679,1.50264
1.65775,0.11981,-1.81396,1.65775,1.50244,1.5082
1.65997,0.11992,-1.80738,1.65997,1.50773,1.51376
1.6622,0.12109,-1.80078,1.6622,1.51243,1.51934
1.66443,0.12036,-1.79417,1.66443,1.51892,1.52494
1.66667,0.1204,-1.78753,1.66667,1.52189,1.53055
1.66891,0.12122,-1.78088,1.66891,1.52798,1.53618
1.67116,0.12175,-1.77421,1.67116,1.53179,1.54182
1.67341,0.1222,-1.76753,1.67341,1.53737,1.54748
1.67568,0.12232,-1.76082,1.67568,1.54081,1.55315
1.67794,0.12371,-1.7541,1.67794,1.54685,1.55884
1.68022,0.12373,-1.74736,1.68022,1.55094,1.56454
1.6825,0.12327,-1.7406,1.6825,1.55605,1.57026
1.68478,0.12314,-1.73382,1.68478,1.56058,1.576
1.68707,0.12421,-1.72702,1.68707,1.56599,1.58175
1.68937,0.12384,-1.72021,1.68937,1.5711,1.58751
1.69168,0.12564,-1.71338,1.69168,1.57682,1.59329
1.69399,0.12524,-1.70652,1.69399,1.58007,1.59909
1.69631,0.12531,-1.69965,1.69631,1.58656,1.6049
1.69863,0.12649,-1.69276,1.69863,1.59,1.61073
1.70096,0.12456,-1.68586,1.70096,1.59412,1.61658
1.7033,0.126,-1.67893,1.7033,1.5992,1.62244
1.70564,0.12638,-1.67198,1.70564,1.60318,1.62831
1.70799,0.12758,-1.66502,1.70799,1.60827,1.63421
1.71034,0.12747,-1.65803,1.71034,1.61216,1.64012
1.71271,0.12794,-1.65103,1.71271,1.62002,1.64604
1.71508,0.1275,-1.644,1.71508,1.62225,1.65199
1.71745,0.12795,-1.63696,1.71745,1.62704,1.65794
1.71983,0.12916,-1.6299,1.71983,1.63255,1.66392
1.72222,0.12894,-1.62282,1.72222,1.63549,1.66991
1.72462,0.12944,-1.61571,1.72462,1.64031,1.67592
1.72702,0.13031,-1.60859,1.72702,1.64701,1.68194
1.72943,0.13005,-1.60145,1.72943,1.65137,1.68799
1.73184,0.13064,-1.59429,1.73184,1.65633,1.69405
1.73427,0.13232,-1.58711,1.73427,1.66198,1.70012
1.73669,0.13222,-1.57991,1.73669,1.66684,1.70621
1.73913,0.1319,-1.57268,1.73913,1.67128,1.71232
1.74157,0.13203,-1.56544,1.74157,1.67284,1.71845
1.74402,0.13357,-1.55818,1.74402,1.67977,1.7246
1.74648,0.13405,-1.5509,1.74648,1.68653,1.73076
1.74894,0.13456,-1.54359,1.74894,1.68857,1.73694
1.75141,0.13446,-1.53627,1.75141,1.69382,1.74313
1.75389,0.13493,-1.52892,1.75389,1.69817,1.74935
1.75637,0.1351,-1.52156,1.75637,1.70331,1.75558
1.75887,0.13621,-1.51417,1.75887,1.70726,1.76183
1.76136,0.13645,-1.50677,1.76136,1.71315,1.76809
1.76387,0.1359,-1.49934,1.76387,1.71782,1.77438
1.76638,0.13691,-1.49189,1.76638,1.72077,1.78068
1.7689,0.13798,-1.48442,1.7689,1.72589,1.787
1.77143,0.13813,-1.47692,1.77143,1.73149,1.79334
1.77396,0.13802,-1.46941,1.77396,1.73649,1.7997
1.7765,0.13924,-1.46187,1.7765,1.74131,1.80607
1.77905,0.13936,-1.45432,1.77905,1.7445,1.81247
1.78161,0.14021,-1.44674,1.78161,1.74929,1.81888
1.78417,0.14112,-1.43914,1.78417,1.75429,1.82531
1.78674,0.14168,-1.43152,1.78674,1.75878,1.83176
1.78932,0.14196,-1.42387,1.78932,1.76349,1.83823
1.79191,0.14248,-1.41621,1.79191,1.76851,1.84471
1.7945,0.14287,-1.40852,1.7945,1.77344,1.85122
1.7971,0.14306,-1.40081,1.7971,1.77695,1.85774
1.79971,0.14373,-1.39307,1.79971,1.78112,1.86428
1.80233,0.14451,-1.38532,1.80233,1.78614,1.87085
1.80495,0.14503,-1.37754,1.80495,1.78997,1.87743
1.80758,0.14616,-1.36974,1.80758,1.7956,1.88403
1.81022,0.14637,-1.36191,1.81022,1.80103,1.89065
1.81287,0.14682,-1.35407,1.81287,1.80437,1.89728
1.81552,0.14742,-1.3462,1.81552,1.80853,1.90394
1.81818,0.14831,-1.3383,1.81818,1.81372,1.91062
1.82085,0.14855,-1.33039,1.82085,1.81832,1.91732
1.82353,0.14924,-1.32245,1.82353,1.82284,1.92403
1.82622,0.15078,-1.31449,1.82622,1.82849,1.93077
1.82891,0.15094,-1.3065,1.82891,1.83158,1.93753
1.83161,0.15183,-1.29849,1.83161,1.83503,1.9443
1.83432,0.15244,-1.29046,1.83432,1.84201,1.9511
1.83704,0.15364,-1.2824,1.83704,1.8441,1.95792
1.83976,0.15392,-1.27432,1.83976,1.84896,1.96475
1.8425,0.15503,-1.26621,1.8425,1.85413,1.97161
1.84524,0.15531,-1.25809,1.84524,1.85779,1.97849
1.84799,0.15634,-1.24993,1.84799,1.86246,1.98539
1.85075,0.15718,-1.24175,1.85075,1.86722,1.99231
1.85351,0.15772,-1.23355,1.85351,1.87195,1.99925
1.85629,0.15854,-1.22532,1.85629,1.87559,2.00621
1.85907,0.16007,-1.21707,1.85907,1.88098,2.01319
1.86186,0.16083,-1.2088,1.86186,1.88423,2.02019
1.86466,0.16093,-1.2005,1.86466,1.88785,2.02721
1.86747,0.16299,-1.19217,1.86747,1.89352,2.03426
1.87029,0.16325,-1.18382,1.87029,1.89593,2.04132
1.87311,0.16491,-1.17544,1.87311,1.90244,2.04841
1.87595,0.16543,-1.16704,1.87595,1.9067,2.05552
1.87879,0.16622,-1.15861,1.87879,1.91096,2.06265
1.88164,0.16742,-1.15016,1.88164,1.91431,2.0698
1.8845,0.16847,-1.14168,1.8845,1.91873,2.07697
1.88737,0.16894,-1.13318,1.88737,1.92396,2.08417
1.89024,0.17097,-1.12465,1.89024,1.92793,2.09138
1.89313,0.17166,-1.11609,1.89313,1.93296,2.09862
1.89602,0.17309,-1.10751,1.89602,1.93789,2.10588
1.89893,0.17407,-1.0989,1.89893,1.93995,2.11317
1.90184,0.17481,-1.09026,1.90184,1.94518,2.12047
1.90476,0.1759,-1.0816,1.90476,1.94972,2.1278
1.90769,0.17709,-1.07291,1.90769,1.95385,2.13515
1.91063,0.17895,-1.0642,1.91063,1.95854,2.14253
1.91358,0.17959,-1.05546,1.91358,1.96204,2.14992
1.91654,0.18103,-1.04669,1.91654,1.96521,2.15734
1.9195,0.18268,-1.03789,1.9195,1.96957,2.16478
1.92248,0.18343,-1.02907,1.92248,1.974,2.17225
1.92547,0.1842,-1.02022,1.92547,1.97899,2.17974
1.92846,0.18634,-1.01134,1.92846,1.98309,2.18725
1.93146,0.18774,-1.00243,1.93146,1.98642,2.19478
1.93448,0.18882,-0.9935,1.93448,1.99164,2.20234
1.9375,0.18996,-0.98454,1.9375,1.99579,2.20992
1.94053,0.1916,-0.97555,1.94053,1.99953,2.21753
1.94357,0.19322,-0.96653,1.94357,2.00313,2.22516
1.94662,0.19421,-0.95748,1.94662,2.00629,2.23281
1.94969,0.19617,-0.94841,1.94969,2.01222,2.24049
1.95276,0.19685,-0.9393,1.95276,2.0152,2.24819
1.95584,0.19875,-0.93017,1.95584,2.02015,2.25592
1.95893,0.20052,-0.92101,1.95893,2.02518,2.26367
1.96203,0.20164,-0.91182,1.96203,2.02801,2.27144
1.96513,0.20355,-0.9026,1.96513,2.03268,2.27924
1.96825,0.20439,-0.89335,1.96825,2.03551,2.28707
1.97138,0.20721,-0.88408,1.97138,2.04027,2.29492
1.97452,0.20781,-0.87477,1.97452,2.04464,2.30279
1.97767,0.20966,-0.86543,1.97767,2.04865,2.31069
1.98083,0.21089,-0.85607,1.98083,2.05175,2.31861
1.984,0.21285,-0.84667,1.984,2.0566,2.32656
1.98718,0.21485,-0.83724,1.98718,2.0613,2.33454
1.99037,0.21662,-0.82778,1.99037,2.06558,2.34254
1.99357,0.21741,-0.8183,1.99357,2.06854,2.35057
1.99678,0.21998,-0.80878,1.99678,2.07194,2.35862
2,0.22191,-0.79923,2,2.0774,2.3667
2.00323,0.22336,-0.78965,2.00323,2.08166,2.3748
2.00647,0.22501,-0.78004,2.00647,2.0832,2.38294
2.00972,0.22726,-0.7704,2.00972,2.08955,2.39109
2.01299,0.22889,-0.76072,2.01299,2.09318,2.39928
2.01626,0.23182,-0.75102,2.01626,2.09762,2.40749
2.01954,0.23292,-0.74128,2.01954,2.10065,2.41572
2.02284,0.23463,-0.73152,2.02284,2.10493,2.42399
2.02614,0.23681,-0.72172,2.02614,2.11062,2.43228
2.02946,0.23899,-0.71188,2.02946,2.11244,2.4406
2.03279,0.24118,-0.70202,2.03279,2.11743,2.44894
2.03612,0.24346,-0.69212,2.03612,2.12033,2.45732
2.03947,0.24519,-0.68219,2.03947,2.12442,2.46572
2.04283,0.24735,-0.67223,2.04283,2.12872,2.47415
2.0462,0.24939,-0.66224,2.0462,2.13281,2.4826
2.04959,0.25249,-0.65221,2.04959,2.13617,2.49109
2.05298,0.25425,-0.64215,2.05298,2.14096,2.4996
2.05638,0.25722,-0.63205,2.05638,2.14368,2.50814
2.0598,0.25845,-0.62193,2.0598,2.14843,2.51671
2.06323,0.26165,-0.61176,2.06323,2.15268,2.5253
2.06667,0.2638,-0.60157,2.06667,2.1566,2.53393
2.07012,0.26614,-0.59134,2.07012,2.16085,2.54258
2.07358,0.26857,-0.58108,2.07358,2.16448,2.55127
2.07705,0.27143,-0.57078,2.07705,2.16677,2.55998
2.08054,0.27384,-0.56045,2.08054,2.17087,2.56872
2.08403,0.2764,-0.55008,2.08403,2.17511,2.57749
2.08754,0.27877,-0.53968,2.08754,2.17791,2.58629
2.09106,0.28143,-0.52924,2.09106,2.18344,2.59512
2.09459,0.28417,-0.51877,2.09459,2.18706,2.60398
2.09814,0.2865,-0.50826,2.09814,2.19003,2.61288
2.10169,0.28954,-0.49771,2.10169,2.19498,2.6218
2.10526,0.29181,-0.48713,2.10526,2.19773,2.63075
2.10884,0.29459,-0.47652,2.10884,2.20159,2.63973
2.11244,0.2983,-0.46587,2.11244,2.20536,2.64874
2.11604,0.30113,-0.45518,2.11604,2.20959,2.65778
2.11966,0.303,-0.44445,2.11966,2.21292,2.66686
2.12329,0.30636,-0.43369,2.12329,2.21612,2.67596
2.12693,0.30897,-0.42289,2.12693,2.22146,2.6851
2.13058,0.3124,-0.41206,2.13058,2.22375,2.69426
2.13425,0.3163,-0.40119,2.13425,2.2284,2.70346
2.13793,0.31881,-0.39028,2.13793,2.2314,2.71269
2.14162,0.32153,-0.37933,2.14162,2.23502,2.72195
2.14533,0.32542,-0.36834,2.14533,2.23923,2.73125
2.14905,0.32851,-0.35732,2.14905,2.24349,2.74057
2.15278,0.33257,-0.34626,2.15278,2.24714,2.74993
2.15652,0.33571,-0.33516,2.15652,2.25126,2.75933
2.16028,0.33801,-0.32402,2.16028,2.25395,2.76875
2.16405,0.3418,-0.31284,2.16405,2.25814,2.77821
2.16783,0.34539,-0.30162,2.16783,2.26297,2.7877
2.17163,0.34969,-0.29037,2.17163,2.26559,2.79722
2.17544,0.35286,-0.27907,2.17544,2.26978,2.80678
2.17926,0.35742,-0.26773,2.17926,2.27229,2.81637
2.1831,0.35982,-0.25636,2.1831,2.27706,2.82599
2.18695,0.36393,-0.24494,2.18695,2.28108,2.83565
2.19081,0.3685,-0.23349,2.19081,2.28439,2.84534
2.19469,0.37242,-0.22199,2.19469,2.2868,2.85507
2.19858,0.37555,-0.21045,2.19858,2.29147,2.86483
2.20249,0.38069,-0.19888,2.20249,2.29656,2.87463
2.20641,0.38474,-0.18726,2.20641,2.29916,2.88446
2.21034,0.38899,-0.17559,2.21034,2.30315,2.89432
2.21429,0.39295,-0.16389,2.21429,2.30643,2.90422
2.21825,0.3962,-0.15215,2.21825,2.30857,2.91416
2.22222,0.40213,-0.14036,2.22222,2.31486,2.92413
2.22621,0.40573,-0.12853,2.22621,2.31774,2.93414
2.23022,0.41045,-0.11666,2.23022,2.32229,2.94418
2.23423,0.41513,-0.10475,2.23423,2.32634,2.95426
2.23827,0.4201,-0.09279,2.23827,2.33027,2.96438
2.24231,0.42398,-0.08079,2.24231,2.33366,2.97453
2.24638,0.4298,-0.06874,2.24638,2.33829,2.98472
2.25045,0.43415,-0.05666,2.25045,2.34036,2.99495
2.25455,0.43905,-0.04453,2.25455,2.34355,3.00521
2.25865,0.4454,-0.03235,2.25865,2.34863,3.01551
2.26277,0.45015,-0.02013,2.26277,2.35211,3.02585
2.26691,0.45477,-0.00786,2.26691,2.35573,3.03623
2.27106,0.46027,0.00445,2.27106,2.36153,3.04664
2.27523,0.4656,0.0168,2.27523,2.36344,3.0571
2.27941,0.47203,0.0292,2.27941,2.36727,3.06759
2.28361,0.47735,0.04165,2.28361,2.37237,3.07812
2.28782,0.48289,0.05414,2.28782,2.37468,3.08869
2.29205,0.48879,0.06668,2.29205,2.37915,3.09929
2.2963,0.49496,0.07926,2.2963,2.38394,3.10994
2.30056,0.50132,0.09189,2.30056,2.38657,3.12063
2.30483,0.50713,0.10457,2.30483,2.38931,3.13135
2.30912,0.51309,0.1173,2.30912,2.39263,3.14212
2.31343,0.51969,0.13007,2.31343,2.39826,3.15293
2.31776,0.526,0.14289,2.31776,2.40011,3.16377
2.3221,0.53249,0.15576,2.3221,2.40464,3.17466
2.32645,0.53864,0.16868,2.32645,2.40856,3.18559
2.33083,0.54479,0.18164,2.33083,2.41175,3.19656
2.33522,0.55276,0.19466,2.33522,2.41567,3.20757
2.33962,0.55942,0.20772,2.33962,2.42149,3.21862
2.34405,0.56626,0.22083,2.34405,2.4227,3.22972
2.34848,0.57356,0.234,2.34848,2.42754,3.24085
2.35294,0.58079,0.24721,2.35294,2.43107,3.25203
2.35741,0.58803,0.26047,2.35741,2.43421,3.26325
2.3619,0.59599,0.27379,2.3619,2.43747,3.27452
2.36641,0.60386,0.28715,2.36641,2.44297,3.28582
2.37094,0.61108,0.30056,2.37094,2.4488,3.29717
2.37548,0.61794,0.31403,2.37548,2.45042,3.30857
2.38004,0.62692,0.32755,2.38004,2.45425,3.32
2.38462,0.63426,0.34112,2.38462,2.45728,3.33148
2.38921,0.64294,0.35474,2.38921,2.46321,3.34301
2.39382,0.65043,0.36842,2.39382,2.4659,3.35458
2.39845,0.65899,0.38215,2.39845,2.46833,3.36619
2.4031,0.66699,0.39593,2.4031,2.47354,3.37785
2.40777,0.6758,0.40976,2.40777,2.47661,3.38956
2.41245,0.68366,0.42365,2.41245,2.48026,3.40131
2.41715,0.69213,0.43759,2.41715,2.48347,3.41311
2.42188,0.70155,0.45159,2.42188,2.48714,3.42495
2.42661,0.70958,0.46564,2.42661,2.49274,3.43684
2.43137,0.71771,0.47975,2.43137,2.49686,3.44877
2.43615,0.72666,0.49391,2.43615,2.49854,3.46075
2.44094,0.73576,0.50813,2.44094,2.50274,3.47278
2.44576,0.74459,0.52241,2.44576,2.50716,3.48486
2.45059,0.75399,0.53674,2.45059,2.51034,3.49699
2.45545,0.76393,0.55113,2.45545,2.51546,3.50916
2.46032,0.77169,0.56557,2.46032,2.51844,3.52138
2.46521,0.78125,0.58007,2.46521,2.52137,3.53365
2.47012,0.79065,0.59463,2.47012,2.52584,3.54597
2.47505,0.80026,0.60925,2.47505,2.53085,3.55833
2.48,0.81027,0.62393,2.48,2.53462,3.57075
2.48497,0.81951,0.63866,2.48497,2.53764,3.58322
2.48996,0.82956,0.65346,2.48996,2.541,3.59573
2.49497,0.83898,0.66831,2.49497,2.54494,3.6083
2.5,0.84916,0.68323,2.5,2.54952,3.62092
2.50505,0.8592,0.6982,2.50505,2.55467,3.63359
2.51012,0.86983,0.71323,2.51012,2.55649,3.64631
2.51521,0.8804,0.72833,2.51521,2.56034,3.65908
2.52033,0.88988,0.74349,2.52033,2.56393,3.6719
2.52546,0.90081,0.75871,2.52546,2.56821,3.68478
2.53061,0.9121,0.77399,2.53061,2.57185,3.69771
2.53579,0.9229,0.78933,2.53579,2.57685,3.71069
2.54098,0.93351,0.80474,2.54098,2.58007,3.72372
2.5462,0.94354,0.82021,2.5462,2.58443,3.73681
2.55144,0.95481,0.83574,2.55144,2.58608,3.74995
2.5567,0.96568,0.85134,2.5567,2.59086,3.76315
2.56198,0.97746,0.867,2.56198,2.59557,3.7764
2.56729,0.98921,0.88273,2.56729,2.5988,3.78971
2.57261,0.99997,0.89852,2.57261,2.60312,3.80307
2.57796,1.01307,0.91438,2.57796,2.60682,3.81648
2.58333,1.02441,0.9303,2.58333,2.61276,3.82996
2.58873,1.0363,0.94629,2.58873,2.61367,3.84349
2.59414,1.04874,0.96235,2.59414,2.61611,3.85707
2.59958,1.06184,0.97847,2.59958,2.62216,3.87071
2.60504,1.07325,0.99467,2.60504,2.6256,3.88441
2.61053,1.08673,1.01093,2.61053,2.63002,3.89817
2.61603,1.09822,1.02725,2.61603,2.63421,3.91198
2.62156,1.11143,1.04365,2.62156,2.63748,3.92586
2.62712,1.12528,1.06012,2.62712,2.64102,3.93979
2.6327,1.13739,1.07666,2.6327,2.64301,3.95378
2.6383,1.15213,1.09327,2.6383,2.64929,3.96783
2.64392,1.16552,1.10994,2.64392,2.65202,3.98194
2.64957,1.17801,1.12669,2.64957,2.65677,3.99611
2.65525,1.19215,1.14352,2.65525,2.66061,4.01035
2.66094,1.20802,1.16041,2.66094,2.66438,4.02464
2.66667,1.22054,1.17738,2.66667,2.66638,4.03899
2.67241,1.23466,1.19442,2.67241,2.67033,4.05341
2.67819,1.25041,1.21153,2.67819,2.67678,4.06789
2.68398,1.26435,1.22872,2.68398,2.67889,4.08243
2.6898,1.27811,1.24598,2.6898,2.68202,4.09703
2.69565,1.29517,1.26332,2.69565,2.68746,4.1117
2.70153,1.30926,1.28073,2.70153,2.69208,4.12643
2.70742,1.32314,1.29822,2.70742,2.69499,4.14123
2.71335,1.33861,1.31578,2.71335,2.69716,4.15609
2.7193,1.35436,1.33342,2.7193,2.70196,4.17102
2.72527,1.371,1.35114,2.72527,2.706,4.18601
2.73128,1.38578,1.36894,2.73128,2.70989,4.20107
2.73731,1.40139,1.38682,2.73731,2.71191,4.21619
2.74336,1.41712,1.40477,2.74336,2.71756,4.23138
2.74945,1.43418,1.42281,2.74945,2.72359,4.24664
2.75556,1.44989,1.44092,2.75556,2.72557,4.26197
2.76169,1.46568,1.45912,2.76169,2.72847,4.27736
2.76786,1.48181,1.4774,2.76786,2.73114,4.29282
2.77405,1.50003,1.49576,2.77405,2.73608,4.30836
2.78027,1.51628,1.5142,2.78027,2.74249,4.32396
2.78652,1.53351,1.53272,2.78652,2.74118,4.33963
2.79279,1.55071,1.55133,2.79279,2.7485,4.35537
2.7991,1.56601,1.57002,2.7991,2.75146,4.37119
2.80543,1.58479,1.5888,2.80543,2.7554,4.38707
2.81179,1.603,1.60766,2.81179,2.75995,4.40303
2.81818,1.61994,1.62661,2.81818,2.76584,4.41906
2.8246,1.63591,1.64564,2.8246,2.76546,4.43516
2.83105,1.65776,1.66476,2.83105,2.77229,4.45134
2.83753,1.67455,1.68397,2.83753,2.77448,4.46759
2.84404,1.69411,1.70326,2.84404,2.77899,4.48392
2.85057,1.71148,1.72265,2.85057,2.78255,4.50032
2.85714,1.7316,1.74212,2.85714,2.7886,4.51679
2.86374,1.74887,1.76169,2.86374,2.78969,4.53334
2.87037,1.77043,1.78134,2.87037,2.79396,4.54997
2.87703,1.78854,1.80109,2.87703,2.79885,4.56668
2.88372,1.8102,1.82092,2.88372,2.80113,4.58346
2.89044,1.83145,1.84085,2.89044,2.80688,4.60032
2.8972,1.84875,1.86088,2.8972,2.80972,4.61726
2.90398,1.8692,1.88099,2.90398,2.81238,4.63428
2.9108,1.89048,1.9012,2.9108,2.81505,4.65138
2.91765,1.91072,1.92151,2.91765,2.82096,4.66856
2.92453,1.93258,1.94191,2.92453,2.82404,4.68582
2.93144,1.95348,1.96241,2.93144,2.83019,4.70317
2.93839,1.97596,1.98301,2.93839,2.83183,4.72059
2.94537,1.99521,2.0037,2.94537,2.83611,4.7381
2.95238,2.01795,2.02449,2.95238,2.84225,4.75569
2.95943,2.04132,2.04539,2.95943,2.84316,4.77337
2.96651,2.06288,2.06638,2.96651,2.84811,4.79113
2.97362,2.08596,2.08747,2.97362,2.85178,4.80897
2.98077,2.10789,2.10866,2.98077,2.85812,4.8269
2.98795,2.12812,2.12996,2.98795,2.86099,4.84492
2.99517,2.15233,2.15136,2.99517,2.86349,4.86302
3.00242,2.17561,2.17286,3.00242,2.86991,4.88121
3.00971,2.20019,2.19447,3.00971,2.87788,4.89949
3.01703,2.22112,2.21618,3.01703,2.87626,4.91786
3.02439,2.24206,2.23799,3.02439,2.87889,4.93632
3.03178,2.26833,2.25992,3.03178,2.8865,4.95487
3.03922,2.28879,2.28195,3.03922,2.88738,4.97351
3.04668,2.3126,2.30409,3.04668,2.88843,4.99224
3.05419,2.33536,2.32634,3.05419,2.90004,5.01107
3.06173,2.35879,2.3487,3.06173,2.8991,5.02998
3.06931,2.38265,2.37117,3.06931,2.90579,5.04899
3.07692,2.40755,2.39375,3.07692,2.91212,5.0681
3.08458,2.43138,2.41644,3.08458,2.91607,5.0873
3.09227,2.45429,2.43925,3.09227,2.91949,5.10659
3.1,2.47603,2.46217,3.1,2.92483,5.12598
3.10777,2.49824,2.48521,3.10777,2.92975,5.14547
3.11558,2.52048,2.50836,3.11558,2.92997,5.16506
3.12343,2.54516,2.53163,3.12343,2.93473,5.18475
3.13131,2.56373,2.55501,3.13131,2.94538,5.20453
3.13924,2.59331,2.57852,3.13924,2.94585,5.22442
3.14721,2.61502,2.60214,3.14721,2.95181,5.2444
3.15522,2.6342,2.62588,3.15522,2.95626,5.26449
3.16327,2.65673,2.64975,3.16327,2.95598,5.28468
3.17136,2.67827,2.67373,3.17136,2.96066,5.30497
3.17949,2.69955,2.69784,3.17949,2.97252,5.32537
3.18766,2.71896,2.72208,3.18766,2.96931,5.34588
3.19588,2.7384,2.74644,3.19588,2.98263,5.36648
3.20413,2.7607,2.77092,3.20413,2.98464,5.3872
3.21244,2.78511,2.79553,3.21244,2.98542,5.40802
3.22078,2.80193,2.82027,3.22078,2.99315,5.42895
3.22917,2.8263,2.84514,3.22917,3.00298,5.44999
3.2376,2.84005,2.87014,3.2376,3.00637,5.47114
3.24607,2.86032,2.89527,3.24607,3.00834,5.4924
3.25459,2.88113,2.92053,3.25459,3.01626,5.51377
3.26316,2.89798,2.94592,3.26316,3.0196,5.53526
3.27177,2.91957,2.97145,3.27177,3.02343,5.55685
3.28042,2.93368,2.99711,3.28042,3.03492,5.57856
3.28912,2.95504,3.02291,3.28912,3.04257,5.60039
3.29787,2.96698,3.04884,3.29787,3.04824,5.62233
3.30667,2.98534,3.07492,3.30667,3.04658,5.64439
3.31551,3.00452,3.10113,3.31551,3.05227,5.66657
3.3244,3.02267,3.12749,3.3244,3.06051,5.68887
3.33333,3.04215,3.15398,3.33333,3.06833,5.71129
3.34232,3.05517,3.18062,3.34232,3.07548,5.73382
3.35135,3.0666,3.20741,3.35135,3.08247,5.75648
3.36043,3.07961,3.23433,3.36043,3.08155,5.77927
3.36957,3.0972,3.26141,3.36957,3.08788,5.80217
3.37875,3.1102,3.28863,3.37875,3.09499,5.8252
3.38798,3.12813,3.316,3.38798,3.10494,5.84836
3.39726,3.13925,3.34352,3.39726,3.11411,5.87164
3.40659,3.1516,3.37119,3.40659,3.11965,5.89506
3.41598,3.16149,3.39902,3.41598,3.11853,5.9186
3.42541,3.18324,3.427,3.42541,3.12638,5.94227
3.4349,3.19111,3.45513,3.4349,3.13298,5.96607
3.44444,3.2057,3.48342,3.44444,3.1385,5.99
3.45404,3.2234,3.51186,3.45404,3.1534,6.01407
3.46369,3.21882,3.54047,3.46369,3.16662,6.03827
3.47339,3.23205,3.56924,3.47339,3.15756,6.06261
3.48315,3.24452,3.59816,3.48315,3.16685,6.08708
3.49296,3.26157,3.62726,3.49296,3.18415,6.11169
3.50282,3.272,3.65651,3.50282,3.18513,6.13645
3.51275,3.27709,3.68593,3.51275,3.18831,6.16134
3.52273,3.28599,3.71552,3.52273,3.20183,6.18637
3.53276,3.29825,3.74528,3.53276,3.21507,6.21155
3.54286,3.31204,3.7752,3.54286,3.20986,6.23686
3.55301,3.29457,3.8053,3.55301,3.22279,6.26233
3.56322,3.31134,3.83557,3.56322,3.22597,6.28794
3.57349,3.32093,3.86602,3.57349,3.23568,6.3137
3.58382,3.32408,3.89664,3.58382,3.24247,6.3396
3.5942,3.35502,3.92744,3.5942,3.24713,6.36566
3.60465,3.36317,3.95842,3.60465,3.24942,6.39187
3.61516,3.36067,3.98958,3.61516,3.27827,6.41823
3.62573,3.37928,4.02092,3.62573,3.26311,6.44475
3.63636,3.38236,4.05244,3.63636,3.27677,6.47142
3.64706,3.39394,4.08415,3.64706,3.28279,6.49825
3.65782,3.39242,4.11605,3.65782,3.29259,6.52523
3.66864,3.41647,4.14813,3.66864,3.28151,6.55238
3.67953,3.41698,4.18041,3.67953,3.31172,6.57969
3.69048,3.41086,4.21288,3.69048,3.31283,6.60716
3.70149,3.41522,4.24554,3.70149,3.30003,6.63479
3.71257,3.43155,4.2784,3.71257,3.3197,6.66259
3.72372,3.44842,4.31146,3.72372,3.34933,6.69056
3.73494,3.45592,4.34471,3.73494,3.35616,6.71869
3.74622,3.45545,4.37817,3.74622,3.3673,6.747
3.75758,3.46942,4.41182,3.75758,3.36263,6.77547
3.769,3.47479,4.44569,3.769,3.37791,6.80412
3.78049,3.46358,4.47976,3.78049,3.37103,6.83295
3.79205,3.49197,4.51403,3.79205,3.39244,6.86195
3.80368,3.47769,4.54852,3.80368,3.394,6.89113
3.81538,3.49392,4.58322,3.81538,3.39918,6.92048
3.82716,3.51113,4.61814,3.82716,3.4104,6.95002
3.83901,3.5009,4.65327,3.83901,3.41238,6.97974
3.85093,3.49805,4.68862,3.85093,3.4094,7.00965
3.86293,3.51284,4.72418,3.86293,3.44256,7.03974
3.875,3.52934,4.75998,3.875,3.43317,7.07003
3.88715,3.53719,4.79599,3.88715,3.45714,7.1005
3.89937,3.54023,4.83223,3.89937,3.46752,7.13116
3.91167,3.53992,4.86871,3.91167,3.47382,7.16201
3.92405,3.56775,4.90541,3.92405,3.47714,7.19307
3.93651,3.56533,4.94234,3.93651,3.48004,7.22431
3.94904,3.57477,4.97951,3.94904,3.47254,7.25576
3.96166,3.5881,5.01692,3.96166,3.49828,7.28741
3.97436,3.58906,5.05457,3.97436,3.51524,7.31926
3.98714,3.5819,5.09246,3.98714,3.52458,7.35132
4,3.60476,5.13059,4,3.5361,7.38358
4.01294,3.59725,5.16897,4.01294,3.54214,7.41605
4.02597,3.61235,5.2076,4.02597,3.54345,7.44873
4.03909,3.60757,5.24648,4.03909,3.57255,7.48163
4.05229,3.65129,5.28562,4.05229,3.57926,7.51474
4.06557,3.62368,5.32501,4.06557,3.59165,7.54807
4.07895,3.63466,5.36466,4.07895,3.59678,7.58161
4.09241,3.64329,5.40458,4.09241,3.60104,7.61538
4.10596,3.65622,5.44475,4.10596,3.62608,7.64937
4.1196,3.67392,5.4852,4.1196,3.61791,7.68359
4.13333,3.65456,5.52591,4.13333,3.6279,7.71804
4.14716,3.68506,5.5669,4.14716,3.63444,7.75271
4.16107,3.67673,5.60816,4.16107,3.64371,7.78762
4.17508,3.70361,5.6497,4.17508,3.67027,7.82277
4.18919,3.69228,5.69152,4.18919,3.67066,7.85815
4.20339,3.68633,5.73362,4.20339,3.68078,7.89377
4.21769,3.71262,5.77601,4.21769,3.70847,7.92963
4.23208,3.72256,5.81869,4.23208,3.70885,7.96574
4.24658,3.71149,5.86166,4.24658,3.69702,8.0021
4.26117,3.72457,5.90493,4.26117,3.72376,8.03871
4.27586,3.72769,5.9485,4.27586,3.73679,8.07556
4.29066,3.73002,5.99236,4.29066,3.74019,8.11268
4.30556,3.74254,6.03653,4.30556,3.75901,8.15005
4.32056,3.73677,6.08101,4.32056,3.7584,8.18768
4.33566,3.72269,6.1258,4.33566,3.75711,8.22557
4.35088,3.74885,6.17091,4.35088,3.77049,8.26373
4.3662,3.73628,6.21633,4.3662,3.75216,8.30216
4.38163,3.73106,6.26208,4.38163,3.76353,8.34086
4.39716,3.73124,6.30814,4.39716,3.79308,8.37984
4.41281,3.70774,6.35454,4.41281,3.77036,8.41909
4.42857,3.69404,6.40127,4.42857,3.76543,8.45863
4.44444,3.69866,6.44833,4.44444,3.77252,8.49844
4.46043,3.68053,6.49573,4.46043,3.75673,8.53855
4.47653,3.70175,6.54347,4.47653,3.77417,8.57894
4.49275,3.7133,6.59156,4.49275,3.78598,8.61962
4.50909,3.70637,6.64,4.50909,3.817,8.6606
4.52555,3.70842,6.68879,4.52555,3.83336,8.70188
4.54212,3.70117,6.73794,4.54212,3.81391,8.74347
4.55882,3.67412,6.78745,4.55882,3.81352,8.78536
4.57565,3.68764,6.83733,4.57565,3.82668,8.82755
4.59259,3.69628,6.88757,4.59259,3.83601,8.87006
4.60967,3.7072,6.93819,4.60967,3.85897,8.91289
4.62687,3.69457,6.98919,4.62687,3.84874,8.95603
4.64419,3.70372,7.04057,4.64419,3.86384,8.9995
4.66165,3.7101,7.09233,4.66165,3.86834,9.0433
4.67925,3.70339,7.14449,4.67925,3.88579,9.08743
4.69697,3.69733,7.19704,4.69697,3.87474,9.13189
4.71483,3.69385,7.24999,4.71483,3.91314,9.17669
4.73282,3.70545,7.30335,4.73282,3.92208,9.22183
4.75096,3.7101,7.35711,4.75096,3.93038,9.26731
4.76923,3.70196,7.41129,4.76923,3.93158,9.31315
4.78764,3.7095,7.46589,4.78764,3.9296,9.35934
4.8062,3.70895,7.52091,4.8062,3.94781,9.40589
4.8249,3.69607,7.57635,4.8249,3.94995,9.4528
4.84375,3.71623,7.63223,4.84375,3.97502,9.50008
4.86275,3.7225,7.68855,4.86275,3.98948,9.54772
4.88189,3.70008,7.74531,4.88189,3.97924,9.59575
4.90119,3.70854,7.80252,4.90119,4.0199,9.64415
4.92063,3.71448,7.86019,4.92063,4.01741,9.69294
4.94024,3.70615,7.91831,4.94024,4.02867,9.74211
4.96,3.70875,7.9769,4.96,4.03174,9.79168
4.97992,3.7055,8.03596,4.97992,4.02236,9.84165
5,3.70244,8.0955,5,4.03538,9.89202
5.02024,3.70026,8.15552,5.02024,4.05333,9.9428
5.04065,3.68941,8.21602,5.04065,4.06375,9.99399
5.06122,3.68084,8.27703,5.06122,4.04071,10.0456
5.08197,3.67868,8.33853,5.08197,4.04738,10.09763
5.10288,3.66692,8.40053,5.10288,4.04096,10.15009
5.12397,3.6569,8.46305,5.12397,4.03875,10.20298
5.14523,3.63922,8.52609,5.14523,4.03223,10.25632
5.16667,3.61106,8.58965,5.16667,4.0361,10.31009
5.18828,3.60923,8.65375,5.18828,4.00435,10.36432
5.21008,3.56479,8.71838,5.21008,3.98281,10.419
5.23207,3.53588,8.78356,5.23207,3.96607,10.47415
5.25424,3.51492,8.84929,5.25424,3.94102,10.52976
5.2766,3.43678,8.91558,5.2766,3.85327,10.58584
5.29915,3.40091,8.98244,5.29915,3.84922,10.64241
5.32189,3.393,9.04987,5.32189,3.84171,10.69946
5.34483,3.37966,9.11788,5.34483,3.82224,10.757
5.36797,3.36578,9.18648,5.36797,3.808,10.81504
5.3913,3.33959,9.25568,5.3913,3.7868,10.87358
5.41485,3.31538,9.32548,5.41485,3.757,10.93264
5.4386,3.30327,9.3959,5.4386,3.73543,10.99221
5.46256,3.28815,9.46693,5.46256,3.71521,11.05231
5.48673,3.28381,9.5386,5.48673,3.70151,11.11294
5.51111,3.26589,9.6109,5.51111,3.66195,11.17411
5.53571,3.24223,9.68384,5.53571,3.66525,11.23583
5.56054,3.22892,9.75745,5.56054,3.64807,11.2981
5.58559,3.21741,9.83171,5.58559,3.63055,11.36093
5.61086,3.17646,9.90664,5.61086,3.60931,11.42432
5.63636,3.16578,9.98226,5.63636,3.57968,11.4883
5.6621,3.10075,10.05857,5.6621,3.53816,11.55286
5.68807,3.0945,10.13558,5.68807,3.51034,11.61801
5.71429,3.08161,10.21329,5.71429,3.50361,11.68376
5.74074,3.04487,10.29173,5.74074,3.49551,11.75012
5.76744,2.97886,10.3709,5.76744,3.43833,11.8171
5.79439,2.97431,10.4508,5.79439,3.39927,11.88471
5.8216,2.93518,10.53146,5.8216,3.3615,11.95294
5.84906,2.87442,10.61288,5.84906,3.34353,12.02183
5.87678,2.8013,10.69507,5.87678,3.30091,12.09136
5.90476,2.78638,10.77804,5.90476,3.25794,12.16156
5.93301,2.75228,10.8618,5.93301,3.22718,12.23243
5.96154,2.70039,10.94638,5.96154,3.21038,12.30398
5.99034,2.64552,11.03176,5.99034,3.1477,12.37622
6.01942,2.62927,11.11798,6.01942,3.12998,12.44917
6.04878,2.60628,11.20504,6.04878,3.05583,12.52282
6.07843,2.63253,11.29295,6.07843,3.06325,12.5972
6.10837,2.54468,11.38173,6.10837,3.00864,12.67231
6.13861,2.44853,11.47139,6.13861,2.94815,12.74816
6.16915,2.48916,11.56194,6.16915,2.93108,12.82477
6.2,2.47886,11.65339,6.2,2.93092,12.90215
