material_id,formula,n_pred_n0,n_ale_n0,n_target
mp-37381,SmOF,1.9342,0.0154,1.9074
mp-10623,ThSbRh,4.5206,0.143,4.5044
mp-675511,Sm2PbS4,3.0157,0.0383,3.1203
mp-38194,YOF,1.8593,0.0143,1.8864
mp-7787,HfSO,2.604,0.0328,2.6552
mp-2416,YF3,1.6051,0.0121,1.6292
mp-11000,CaB4O7,1.7201,0.0129,1.7758
mp-1095634,TeAsRu,4.6974,0.0745,4.5333
mp-1317,CoSb3,5.2278,0.1178,5.9232
mp-4627,CoAsS,4.7378,0.1051,4.8776
mp-558781,ScTaO4,2.2525,0.0183,2.2555
mp-28395,B6P,2.8354,0.0661,2.7437
mp-1522,FeS2,4.5058,0.1181,4.5891
mp-675620,Nd2PbS4,3.0031,0.0377,3.1225
mp-556605,ZrO2,2.2495,0.0217,2.3653
mp-4609,HfSiO4,1.9528,0.0146,1.9819
mp-675977,AgBiS2,3.5683,0.1376,5.7137
mp-1228724,AsRhSe,4.8141,0.0693,4.6941
mp-27164,FeP4,3.5058,0.388,4.4414
mp-27888,Zr3GeO8,2.2435,0.0261,2.3044
mp-31451,ZrCoBi,4.9224,0.086,4.5747
mp-568556,Mg2B24C,3.1318,0.0526,2.8458
mp-16363,CoAsS,4.2857,0.0869,4.9199
mp-1214793,AsOsS,3.9646,0.0653,4.2015
mp-14232,LiBO2,1.623,0.0112,1.7113
mp-1639,BN,1.955,0.0194,2.1486
mp-1103842,P4Os,4.0587,0.0717,4.0711
mp-27985,YClO,1.9646,0.013,2.0633
mp-29644,GeBi4Te7,5.0602,0.0905,5.4892
mp-9270,SbIrS,4.5872,0.1249,4.0562
mp-1778,BeO,1.821,0.0162,1.7644
mp-1217120,Ti2FeNiSb2,5.208,0.1117,4.7558
mp-5967,TiCoSb,4.8904,0.0772,4.5234
mp-861979,Ir2S3,3.5737,0.0644,4.3783
mp-685097,HfO2,2.1096,0.0198,2.2389
mp-730,P2Pt,4.5868,0.0744,4.4323
mp-752484,YbB4O7,1.7291,0.0129,1.7818
mp-5853,LiSi2N3,2.1091,0.0171,2.0989
mp-1030245,Ca3ReN4,2.4971,0.0233,17.7923
mp-865713,Li2TlBi,5.9076,0.2368,9.7692
mp-961711,ZrSiPt,4.023,0.0722,4.0566
mp-14983,Si4P4Ru,3.9616,0.0899,3.8919
mp-19886,ThSnPt,5.1114,0.1641,5.0644
mp-691,SnSe,3.7988,0.0767,4.1182
mp-624,B6As,3.0361,0.0962,2.7702
mp-5540,SrB4O7,1.7064,0.0122,1.7775
mp-2542,BeO,1.697,0.0128,1.7613
mp-181,KGa3,6.1034,0.2692,6.1209
mp-1095507,SbIrSe,4.8992,0.0821,4.2903
mp-1100408,TaSnRh,4.6627,0.102,4.5367
mp-1206514,Mg3AsN,2.9416,0.0363,3.2126
mp-1212441,Hf3Ni3Sb4,5.5692,0.1115,5.6356
mp-7913,BeSiN2,2.1581,0.0126,2.1365
mp-1226003,CoPS,4.1958,0.0871,4.58
mp-1102531,PRhSe,4.4877,0.0748,4.4799
mp-31493,RbGa3,6.2909,0.289,6.1981
mp-1207448,Zr3Sb4Pt3,5.7894,0.1396,5.4991
mp-961673,TiFeTe,4.7499,0.0996,4.6216
mvc-643,AlCo(WO4)2,2.1214,0.0244,3.641
mp-35015,NaBiSe2,4.1453,0.0655,4.8289
mp-1228745,AsRhS,4.5987,0.0807,4.4054
mp-15649,As2Ir,5.3789,0.1026,4.6214
mp-2653,BN,2.0038,0.0188,2.1505
mp-867169,Sr2SnHg,9.1634,1.1547,8.3197
mp-19,Te,4.2313,0.1411,6.6049
mp-862721,Sr2CdPb,8.9732,1.0097,17.9457
mp-66,C,1.5435,0.0647,2.4145
mp-8630,SbIrS,4.5505,0.0895,4.0928
mp-29187,Co(SiP)3,3.2488,0.1301,4.3456
mp-717,B2O3,1.6749,0.013,1.7476
mp-1219924,PRhS,4.3133,0.0794,4.2204
mp-569571,Nb3Sb2Te5,4.0588,0.252,4.8778
mp-1228810,AsIrSe,4.6477,0.0636,4.1864
mp-1189451,BeCN2,1.7759,0.0338,2.1793
mp-867149,Sr2CdSn,8.4755,0.7719,19.2892
mp-1094088,NbCoSn,5.341,0.121,4.9973
mp-1220004,PIrS,4.2032,0.0688,3.8174
mp-19717,TePb,4.7035,0.1105,5.1204
mp-567313,Te,4.2313,0.1411,6.9493
mp-1029265,Mg2ZnN2,2.4911,0.0188,15.7121
mp-1228823,AsIrS,4.3778,0.0664,3.9648
mp-866229,Ca2SnHg,10.9452,2.2866,15.0125
mp-559864,InSb2S4Br,2.8196,0.0519,4.4116
mp-938,GeTe,3.7725,0.123,6.1444
mp-137,Ge,4.5322,0.0665,6.2745
mp-14790,Ge(Te2As)2,5.5014,0.2574,7.004
mp-2693,SnSe,4.0819,0.1254,6.7604
mp-14791,Ge2Te5As2,3.988,0.1062,8.0387
mp-1029619,Ba(ReN2)2,5.6365,3.9362,9.5386
mp-655,Na3As,2.6611,0.0365,31.0023
mp-35162,MnIn2O4,2.18,0.0184,8.469
mp-22880,FeBr2,2.4123,0.0401,12.8913
mp-1029978,KRuN2,5.0529,0.1361,29.729
mp-4840,GaCuSe2,3.4682,0.154,14.2764
mp-1029569,Na3IrN2,2.5874,0.0407,21.7892
mp-761269,Li2AgF4,1.6609,0.0126,21.9119
mp-28691,TaTe4I,3.1719,0.06,22.1911
mp-18786,Ca2CoSi2O7,1.8706,0.0239,11.2159
mp-1095603,YAsSe,3.26,0.0569,29.1881
mp-22205,InN,3.0332,0.1854,38.6395
mp-767722,VFe(P2O7)2,2.2954,0.0812,2.0706
mp-561622,Cs2AgAsS4,2.1043,0.0169,2.0511
mp-643431,AgH4WS4N,2.1268,0.0668,2.1994
mp-23850,NaH2N,1.713,0.0147,1.5515
mp-541226,CsBrF6,1.4927,0.0116,1.5285
mp-11643,K2Mg(PSe3)2,2.1957,0.017,2.18
mp-15794,LiYSe2,2.6131,0.0215,2.6063
mp-616566,Li2VPO6,1.7697,0.0468,1.8488
mp-27833,Tl2TeCl6,1.9954,0.0199,1.9838
mp-27529,PI3,2.0877,0.0233,1.908
mp-1019550,BeGeN2,2.3023,0.0121,2.3009
mp-1029921,Ca3Al3N5,2.3136,0.0129,2.2916
mp-19799,BaPbF6,1.621,0.0133,1.6136
mp-13033,MgTe,2.3331,0.024,2.3465
mp-754658,TeO3,2.1584,0.0207,2.0689
mp-1220821,NaBi3(BrO2)2,2.3317,0.02,2.3354
mp-15939,SrAl2B2O7,1.5464,0.0145,1.5673
mp-757191,P4WO12,1.7323,0.1367,1.5894
mp-568544,CsCdCl3,1.7434,0.0117,1.846
mp-1013911,Na2CoP2O7,1.5861,0.0224,1.6059
mp-754604,BaBePO4F,1.6241,0.0106,1.6732
mp-9386,CsAu3Se2,2.2459,0.0212,2.2713
mp-555223,Cs2MnF5,1.5499,0.0217,1.5599
mp-1029850,K15Cr7N19,2.6357,0.2417,2.69
mp-707226,H8Se2N2O5,1.6826,0.0186,1.6741
mp-505366,AuBr,2.081,0.019,2.1923
mp-768573,Lu3AlO6,1.9626,0.0115,1.9649
mp-22356,In2HgS4,2.7152,0.0315,3.0277
mp-29174,SiCl2,1.8388,0.0225,1.705
mp-1029943,Ca3GaN3,2.5372,0.019,2.566
mp-34501,Fe2CoO4,2.5131,0.0419,2.8208
mp-34042,KY3F10,1.5372,0.0126,1.5034
mp-4117,Li2Si2O5,1.5509,0.0131,1.5793
mp-23486,RbNiCl3,1.8285,0.0129,1.8712
mp-31116,LaScO3,2.1981,0.0153,2.2382
mp-7752,Sr3SbN,4.1368,0.2302,3.1375
mp-569790,BaAg2GeSe4,2.7705,0.0316,2.8115
mp-6015,LiSiNO,1.8129,0.0129,1.8309
mp-7012,KRb2YF6,1.4421,0.0093,1.4225
mp-625857,Zn(HO)2,1.7194,0.0148,1.6492
mp-22391,Sr3V2O7,2.0679,0.0165,2.3554
mp-560675,K6Cu(SiO4)2,1.6575,0.0115,1.6456
mp-640889,Tm(CuTe)3,3.5392,0.0847,3.593
mp-686129,Li5TiN3,2.3775,0.0188,2.362
mp-23894,LiAs(HO2)2,1.675,0.0128,1.5784
mp-3519,ZrSO,2.697,0.037,2.7812
mp-557467,Li4Ca(BO3)2,1.6641,0.0102,1.6472
mp-779165,Li2MnF5,1.5114,0.0206,1.5193
mp-753815,CaY2O4,1.9116,0.0122,1.9315
mp-6999,ScPS4,2.4292,0.044,2.1848
mp-1219581,RbMgAlF6,1.4122,0.0094,1.3958
mp-757075,Li2TiVO4,2.3013,0.0215,2.7764
mp-1030153,Te4MoW3S4,0.8812,0.1292,1.0
mp-23494,Ti(Bi3O5)4,2.4796,0.0256,2.5038
mp-697139,PHN2,1.8387,0.0205,1.9346
mp-555070,BaBe2(BO3)2,1.7363,0.0122,1.7106
mp-602,Te2Mo,3.7658,0.083,3.7734
mp-11917,Mg(BeN)2,2.2581,0.0131,2.1692
mp-19086,BaCoO2,2.2851,0.019,2.1612
mp-1228141,Ba3CaTa2O9,2.1287,0.017,2.1302
mvc-16044,Sr4MgCr2(SO3)2,2.2395,0.022,2.1846
mp-754605,LiLuO2,2.011,0.0118,1.9243
mp-26982,MnP2O7,2.4082,5.3851,2.2686
mp-8789,Ca4As2O,2.8652,0.0281,2.8133
mp-35822,Li4SiO4,1.6604,0.0099,1.6421
mp-569595,PbI2,2.3104,0.0203,2.2787
mp-7456,SnF2,1.8125,0.0266,1.8237
mp-706983,K3HPtS2(ClO3)2,1.6795,0.0159,1.6401
mp-634,HgS,2.5477,0.0271,2.5512
mp-644264,Ca4Mg4Fe3H22,2.3629,0.0247,2.2047
mp-14437,RbYO2,1.9088,0.0109,1.9179
mp-756696,Mg2Mn3O8,2.5669,0.1447,2.3803
mp-776684,Li3FeF6,1.4771,0.0126,1.5011
mp-756582,Li2CoGeO4,1.8266,0.0178,1.8433
mp-8713,K2MnS2,2.0134,0.013,1.996
mp-11342,GaSe,2.7737,0.0328,2.5564
mp-504723,Ba2NiWO6,2.1881,0.0229,2.1832
mp-29598,NaP4N7,1.9698,0.0164,2.0475
mp-625509,H3BrO,1.6284,0.0152,1.6238
mp-625378,NaH9O5,1.4332,0.0134,1.4453
mp-11660,Hf3N4,3.3428,0.0837,3.3438
mp-989195,ScClO,2.1047,0.018,2.0604
mp-18147,LiGaSiO4,1.711,0.0096,1.6744
mp-1103152,CsBrF4,1.5506,0.0112,1.5465
mp-5588,BaSiF6,1.4988,0.0148,1.4801
mp-224,WS2,2.9879,0.0602,3.042
mp-707249,H24C8S(NO2)2,1.514,0.0149,1.5126
mvc-6928,Ca(FeO2)2,2.4057,0.0856,2.271
mp-758501,LiNiF3,1.6064,0.017,1.5193
mp-760333,Li5VCr3O8,2.2818,0.0584,2.242
mp-36100,Ca(SmS2)2,2.7733,0.023,2.7785
mp-604429,NaFe3H6(SO7)2,1.8399,0.0151,1.8217
mp-981511,Y3SbO7,2.1371,0.0169,2.0677
mp-30068,CIN,1.8537,0.0262,1.6621
mp-759283,FeOF,2.154,0.0205,2.1197
mp-11327,Rb2Se,1.8605,0.0105,1.8206
mp-16264,LiCaSb,3.3219,0.057,3.2547
mp-556525,BaNd2PtO5,2.4072,0.0227,2.3797
mp-755756,Y2TeO2,2.4829,0.0217,2.6569
mp-1943,GaSe,2.6192,0.0251,2.5477
mp-14285,CoP2,4.7666,0.1126,4.9939
mp-18311,BaTeW2O9,2.0428,0.0419,2.0884
mp-23063,Ba4Cl6O,1.8427,0.0108,1.7502
mp-9751,Al2Ge2O7,1.7916,0.0131,1.7711
mp-13843,Li2TeO4,1.9407,0.0294,1.8399
mp-1540935,GeI2,2.4994,0.0308,2.4795
mp-561511,FeAsS,4.8346,0.1019,5.0018
mp-1213231,CsY(MoO4)2,1.738,0.0152,1.6864
mp-675926,LiBH4,1.5247,0.0168,1.7374
mp-756254,LiNiSbO4,1.9445,0.016,1.9176
mp-28237,RbLiBr2,1.698,0.0084,1.6577
mp-755260,Cd4B6O13,1.8495,0.0135,1.859
mp-2659,LiN3,1.8832,0.1275,1.6621
mp-1190487,Na2Zn(SnS3)2,2.3006,0.0217,2.1782
mp-23059,Rb2SnCl6,1.6531,0.0126,1.6532
mp-547792,KSbO3,1.8038,0.0128,1.7899
mp-1542038,CsSnSe3,2.2318,0.0187,2.3819
mp-1029851,Na2GeN2,2.2675,0.0162,2.2273
mp-546552,KCrO2,2.0254,0.0201,2.0936
mp-510268,Cs2Pd3S4,2.4816,0.0301,2.4769
mp-6870,KBe2BO3F2,1.5052,0.0119,1.4705
mp-1206535,Cs2RbCuF6,1.5984,0.0137,1.6213
mp-555867,BaNb2Bi2O9,2.4777,0.0192,2.4489
mp-625455,NaH9O5,1.4376,0.0175,1.4235
mp-7387,KAgF4,1.5947,0.0119,1.5484
mp-638731,LaCO3F,1.7519,0.012,1.8167
mp-554383,Na2Si2O5,1.526,0.0112,1.5452
mp-1210128,NaCr(PS3)2,2.3067,0.0333,2.265
mp-863731,InH4NCl4,1.6972,0.0132,1.612
mp-18860,Li2VSiO5,1.7959,0.014,1.8735
mp-36582,NaHS,1.7522,0.0132,1.8203
mp-1191353,RbGaH4,1.6857,0.0139,1.6248
mp-13820,Cd3SiO5,1.9606,0.0154,2.1201
mp-1019595,Ce5Zr3O16,2.3451,0.0213,2.6837
mp-10952,Cu2HgGeS4,3.286,0.1541,3.677
mp-8621,K2PtSe2,2.4571,0.0242,2.4598
mp-9198,Fe(SiP)4,4.0309,0.1071,4.1109
mp-3006,P2Pd3S8,2.4118,0.0628,2.4199
mp-754153,LiH2BrO,1.7224,0.0111,1.6948
mp-19926,La2Be2GeO7,1.9768,0.0132,1.975
mp-12955,HoAgSe2,2.9077,0.0234,2.9506
mp-1222404,LiBiS2,3.0282,0.0426,3.0819
mp-4549,SrSiN2,2.244,0.0144,2.1831
mp-4632,Sr3(PO4)2,1.7567,0.0121,1.7613
mp-1543286,MgCoF5,1.5791,0.0128,1.6303
mp-1105700,TePb2O5,2.3449,0.0286,2.4283
mp-1247,Sb2Ir,5.2996,0.0965,4.986
mp-29060,Ba5(SiN3)2,2.4825,0.019,2.5891
mp-40189,BaLiLaTeO6,2.0791,0.0168,2.1056
mp-4929,KBF4,1.3678,0.0098,1.341
mp-28514,Ba(BrO3)2,1.6949,0.0112,1.6905
mp-1102430,SbTeIr,5.1423,0.0852,4.5378
mp-768907,Sr3TeO6,1.8715,0.0106,1.9013
mp-763609,Li4Mn5O10,2.2704,0.0519,2.3701
mp-1209982,NaMoO3F,1.8522,0.0511,1.8263
mp-626229,H4SO5,1.4978,0.0146,1.5011
mp-28712,Si2Hg6O7,2.3399,0.0236,2.356
mp-3486,KSnSb,3.6458,0.0574,3.552
mp-8207,Zn(PtO2)3,3.6615,0.0753,3.9697
mp-16773,KTb(PO3)4,1.6139,0.0305,1.6346
mp-20025,Mn(GaS2)2,2.3938,0.024,2.4633
mp-7232,Cs2HgO2,1.7597,0.0125,1.7795
mp-641,As2S3,2.137,0.0311,2.3508
mp-771909,Li4Mn2P4H3O16,1.674,0.0574,1.912
mp-1954,P3N5,2.0566,0.0235,2.2703
mp-7206,TcAgO4,2.2671,0.0636,2.2716
mp-1873,ZnF2,1.6113,0.0115,1.5984
mp-5724,AlPO4,1.5059,0.0579,1.4576
mp-4974,La2Zr2O7,2.1938,0.0333,2.2108
mp-1027443,Te2Mo3W(SeS2)2,0.8965,0.1241,1.0
mp-545999,AgSbO3,2.1079,0.017,4.1525
mp-557426,CaMnF5,1.5545,0.0115,1.5307
mp-541911,HfNCl,2.1894,0.0196,2.154
mp-752508,Cs2WO4,1.6577,0.0109,1.636
mp-8195,Ba2GeAs2,3.5101,0.046,3.4464
mp-644129,KNiPH2O5,1.614,0.0199,1.6575
mp-18817,NiSeO4,2.0034,0.0412,1.9046
mp-554650,LaH6(ClO3)3,1.672,0.0116,1.6925
mp-754916,Li4VCr(TeO6)2,2.2973,0.0731,2.4622
mp-27949,Si2H6O,1.5838,0.0197,1.4786
mp-1009894,ZrC,3.8328,0.1161,5.1864
mp-766229,Li3VSiO5,1.7795,0.0121,1.8383
mp-41414,BaLaMgBiO6,2.1952,0.0202,2.2643
mp-545500,BaSbClO2,1.9347,0.0131,1.9823
mp-752463,NbNO,3.0782,0.0484,3.0558
mp-766460,FePO4,1.7483,0.0189,1.7283
mp-770192,Li2CrO3,2.2732,0.0573,2.7154
mp-28741,CuSe3Br,2.5739,0.0444,2.7548
mp-1104717,Na2AgF4,1.5647,0.0113,1.5899
mp-1193963,Mg2SiS4,2.2121,0.0196,2.2274
mp-777999,VOF2,1.9073,0.0221,1.9507
mp-677335,GaPO4,1.7106,0.0207,1.5503
mp-753318,DyBO3,1.8756,0.0116,1.851
mp-1212662,GaClO,1.8253,0.018,1.6541
mp-4527,Li8SnO6,1.8195,0.0131,1.8143
mp-555218,Ba4Br6O,1.9314,0.0116,1.8484
mp-23571,KBa4Bi3O,3.058,0.0319,3.0324
mp-558838,NiPtF6,1.8656,0.0277,1.7947
mp-28109,SbAsO3,2.0633,0.0179,2.0304
mp-1009084,BeSnAs2,3.7199,0.0582,3.6645
mp-541097,Zr3Pb(O2F3)2,1.9391,0.0246,2.0748
mp-4452,Cd(GaS2)2,2.3833,0.0178,2.4091
mp-8613,MnPS3,2.5965,0.059,2.3925
mp-16179,SrCu2GeSe4,3.1238,0.032,3.1334
mp-778554,Li2MnF4,1.4977,0.0107,1.4506
mp-541032,Te7As5I,4.2774,0.1269,4.7642
mp-13335,Cd(BO2)2,1.8701,0.0133,1.9122
mp-643371,K2Sn(H2N)6,1.7762,0.0163,1.6189
mp-2920,LaAlO3,1.9968,0.0142,2.1682
mp-7566,InPO4,1.8696,0.0135,1.7938
mp-13660,Ca4Sb2O,2.9921,0.0299,3.023
mp-989606,CaReN3,2.4944,0.0302,2.5198
mp-759764,W(OF)2,1.8646,0.0184,1.7664
mp-1078186,KZn2BCl2O3,1.7169,0.0128,1.5698
mp-27999,K5CuSb2,2.5563,0.0265,2.6231
mp-1205541,NaScTl2F6,1.7105,0.0154,1.7011
mp-4867,CaAl4O7,1.7112,0.0125,1.6788
mp-924130,TiNiSn,4.9846,0.0896,4.9266
mp-1029474,Ca7SiN6,2.3837,0.0156,2.4546
mp-34116,Tm2MgS4,2.7205,0.0264,2.7441
mp-685969,Ag8GeTe6,4.5672,0.0693,7.0644
mp-560977,KTiPS5,2.2595,0.023,2.2371
mp-541582,ReSe2,3.306,0.0546,3.4175
mp-638009,RbPPbS4,2.2318,0.018,2.235
mp-29172,SeF4,1.5094,0.0127,1.5186
mp-3159,Al2CdSe4,2.45,0.0188,2.479
mp-706976,PH4N(OF)2,1.4557,0.0116,1.4376
mvc-3677,MgFeF4,1.5712,0.013,1.5351
mp-774933,Li4NbFe(TeO6)2,2.3003,0.0568,2.2763
mp-571558,HgBr2,2.1325,0.0163,2.1314
mp-8708,Mg(AuF4)2,1.7699,0.014,1.6069
mp-28364,Rb2CdO2,1.927,0.0123,1.9353
mp-14638,Rb2LiGaF6,1.489,0.0103,1.4729
mp-849504,Ta2CrNO5,2.5695,0.0365,2.5966
mp-15833,Zn4P6SN12,2.1137,0.0218,2.119
mp-1029375,BaCN2,1.8053,0.0169,1.7992
mp-643264,BaMg2FeH8,2.1542,0.0228,2.1608
mp-9808,Rb3NbO8,1.6543,0.0111,1.6477
mp-1194266,K3SbS3,1.9301,0.0134,1.9351
mp-558042,Sm3CuSnS7,2.8162,0.0216,2.8102
mp-642210,MgSiO3,1.5849,0.0112,1.5806
mp-762649,Na3LiMn5O9,2.103,0.0314,2.6762
mp-2715,CoAs2,5.4479,0.1114,5.8795
mp-4170,NaTaO3,2.3973,0.0173,2.2817
mp-18310,Si3Ag3(SnP3)2,4.66,0.1396,1.0
mp-1101894,FeAsSe,4.9653,0.0962,5.2262
mp-560203,SiO2,1.5051,0.0139,1.5863
mp-8212,Cd(PtO2)3,3.1655,0.0581,4.1681
mp-22987,BiIO,2.646,0.0291,2.5778
mp-10341,SrGeTeO6,1.8738,0.0177,1.8605
mp-752827,Ba2In2O5,2.1872,0.0158,2.2392
mp-3748,AlCuO2,2.2851,0.0231,2.359
mp-557387,Sr2TmNbO6,2.0948,0.0162,2.1576
mp-15567,Na3AuS2,2.0577,0.0171,2.0599
mp-3915,BaHgO2,2.1495,0.0159,1.8871
mp-41734,Na8Al6Si6SO28,1.5676,0.0106,1.4715
mp-677378,TiNbTl(O2F)2,2.2649,0.022,2.2417
mp-1078908,Ca2CdP2,3.0236,0.0258,3.0554
mp-11902,Ba2GeSe4,2.3801,0.0182,2.4252
mp-504891,La3MnGaS7,2.7156,0.0229,2.7628
mp-755709,LiFeO2,2.0889,0.0269,2.2046
mp-24500,ZnH12SeO10,1.5671,0.0119,1.5539
mp-6273,Ba4Na(SbO4)3,2.1165,0.0156,2.0959
mp-643101,Rb2H6Pt,1.6818,0.018,1.6351
mp-18498,Sr3YRhO6,2.2538,0.036,2.2048
mp-28683,Ta(ICl)2,2.0193,0.0167,2.0758
mp-570755,KTaN2,2.4855,0.0256,2.3655
mp-1209072,SbSeBr,2.7722,0.0368,2.7567
mp-850274,H2,1.2301,0.0264,1.2459
mp-561641,Cs2Sn(AuS2)2,2.2243,0.0215,2.0971
mp-9732,BaNaP,2.9532,0.0307,2.9495
mp-1214020,Ca4YB3O10,1.7714,0.0115,1.7837
mp-557631,AgAs(XeF5)2,1.5875,0.0123,1.9273
mp-2604,MgTe2,3.0172,0.088,3.2294
mp-8876,Ca4Al6SO12,1.6686,0.0111,1.6723
mp-985571,LiAg(CO2)2,1.7884,0.0203,1.7369
mp-989643,LaCoN3,3.4311,0.0625,3.5699
mp-1019524,Ba3P6(N4O3)2,1.9278,0.0141,1.9357
mp-19052,K3VO4,1.6212,0.0104,1.5981
mp-11695,Rb2Pd3S4,2.547,0.0328,2.6896
mp-1191240,Sr2ZnSi2O7,1.7257,0.0142,1.7232
mp-12855,Cu2HgGeSe4,4.538,1.0957,4.899
mp-8491,LiInP2O7,1.6679,0.029,1.6435
mp-16577,Li2CaHfF8,1.4947,0.0124,1.5111
mp-13042,NaSr3TaO6,1.9777,0.0173,1.9753
mp-1209234,RbCr(SO4)2,1.7584,0.0133,1.6822
mp-22904,CaCl2,1.6375,0.0131,1.6548
mp-23074,BiOF,2.172,0.0182,2.2187
mp-7756,SrLiSb,3.2321,0.0497,3.1821
mp-989616,CaWN3,2.919,0.0566,2.9701
mp-19970,Li3CuO3,1.9938,0.0155,2.2975
mp-39770,Zr2P3H4NO12,1.8195,0.0134,1.7645
mp-7906,Al2HgS4,2.3641,0.0197,2.3883
mp-1029510,Sr3(BN2)2,2.0966,0.015,2.2473
mp-1209302,Rb2TcCl6,1.7609,0.014,1.7548
mp-29209,Ba(MgBi)2,3.744,0.0786,4.1338
mp-557974,BaZn2(BO3)2,1.8245,0.0139,1.7877
mp-17512,Zn(AuF4)2,1.886,0.0162,1.7095
mp-23145,Na4Al3Si3ClO12,1.5056,0.01,1.5095
mp-588,GaF3,1.5522,0.0115,1.5162
mp-568264,SiSe2,2.0975,0.0285,1.9611
mp-707009,BH2OF3,1.3732,0.0107,1.329
mp-626088,FeHO2,2.2091,0.0344,2.1612
mp-17095,CsCuSe4,2.7779,0.052,2.8079
mp-561786,Cs(TeO3)2,2.1812,0.0218,3.2492
mp-8830,NaRhO2,2.5904,0.0349,2.6312
mp-1595,Nb2O5,2.3142,0.0219,2.2841
mvc-6291,Ca2YSnO5,2.0223,0.012,2.1072
mp-676464,Cd3AsI3,2.3563,0.0189,2.3696
mp-1539101,TeSeO4,2.0274,0.0162,2.1782
mp-17307,K2Hg3(GeSe4)2,2.6609,0.0284,2.5045
mp-17696,Ba2VN3,4.9061,2.8068,2.6706
mp-1009639,PrN,2.6537,0.026,2.845
mp-560614,KLiSO4,1.5046,0.0114,1.4816
mp-755390,NbFeO4,2.486,0.024,2.4961
mp-682,NaF,1.4377,0.0093,1.3664
mp-9066,NaLi2AsO4,1.6515,0.0105,1.6438
mp-558836,MoF6,1.5736,0.0353,1.3861
mp-863076,NbBiO4,2.4175,0.0171,2.3317
mp-31488,Li3NbO4,2.0746,0.0196,1.9912
mp-14092,AlAgTe2,2.9752,0.0349,2.9596
mp-19260,Li2WO4,1.8972,0.0193,1.9537
mp-30908,Ag3PSe4,2.9493,0.0301,3.0722
mp-550300,RbNa7(CoO3)2,1.892,0.0124,1.8434
mp-1321,CdSb,5.1085,0.1168,5.2753
mp-8224,CaSnF6,1.4122,0.0132,1.3751
mp-669426,SiO2,1.5102,0.0282,1.5261
mp-634466,HgH12(ClO7)2,1.6369,0.0139,1.5342
mp-13150,BN,1.9943,0.0196,1.9278
mp-30533,KPt2S3,2.6736,0.0337,2.8565
mp-3376,Sr2SnO4,2.0195,0.0135,1.989
mp-17392,Sr2ZnGe2O7,1.8066,0.0205,1.7971
mp-9579,AlTlSe2,2.6989,0.0244,2.8785
mp-33932,NbHO3,2.3192,0.0226,2.2714
mp-542136,Na3PSO3,1.6326,0.0107,1.6649
mp-20726,SrCaSn,4.1784,0.0757,4.2555
mp-555207,BN(OF2)2,1.4099,0.0102,1.3957
mp-19294,LiFeP2O7,1.783,0.1269,1.7732
mp-5795,CaMg2N2,2.4567,0.0156,2.4175
mp-9791,Tl3AsS3,2.8874,0.0291,2.9121
mp-554124,NaV(SO4)2,1.8764,0.0577,1.7084
mp-556478,SrH2(CO2)2,1.5672,0.0114,1.5677
mp-1176640,LiMnCrO4,2.5148,0.0782,2.402
mp-29829,LiAuS,2.4429,0.0273,2.577
mp-643432,H3N,1.4191,0.0495,1.549
mp-10246,Na2PtS2,2.5302,0.0294,2.4987
mp-6766,CaMg(SiO3)2,1.6998,0.0111,1.7284
mp-1205652,TlNiCl3,2.0496,0.016,2.1173
mp-632296,HF,1.3183,0.0126,1.3192
mp-29305,Re2PbO8,2.1488,0.0166,1.8813
mp-997089,NaAuO2,2.2048,0.0409,2.1861
mp-541190,Cs2LiVO4,1.7201,0.0103,1.7335
mp-1019743,Ga3BN4,2.2868,0.0158,2.4279
mp-570324,Rb2TeBr6,1.9356,0.0264,1.9199
mp-1193265,Na3SbSe3,2.418,0.0202,2.4649
mp-571093,BaAlSiH,3.7509,0.0696,3.7896
mp-677191,BaLaZnRuO6,2.3413,0.0312,2.6635
mp-546125,ScAsO4,2.0078,0.0124,2.0518
mp-554845,Na2Zn2O3,1.9261,0.0136,2.0179
mp-6450,K2LiAlP2,2.4457,0.0218,2.4295
mp-5380,Ca4P2O,2.749,0.0257,2.7139
mp-1105201,Ba5In4Te4S7,2.5626,0.0222,2.5553
mp-149,Si,3.2593,0.0605,3.606
mp-639463,SiO2,1.4082,0.0259,1.4187
mp-756117,Li2TiTeO6,2.1722,0.0195,2.1463
mp-1539667,CsPbCl3,1.8122,0.0113,1.9027
mp-15733,CaTaAlO5,2.0648,0.0168,1.9818
mvc-662,Mo(WO4)2,2.0805,0.028,2.026
mp-768368,K4I2O,1.7437,0.0102,1.7195
mp-760477,SmBO3,1.9059,0.0125,1.8596
mp-697133,Cs2CaH4,1.7638,0.0126,1.7877
mp-769218,Ni(PS3)2,2.1491,0.0585,3.7824
mp-4152,Ga2CoS4,2.5772,0.0291,2.9146
mp-1105094,TlHgCl3,1.9282,0.0144,1.9102
mp-4047,Cs2SiF6,1.4152,0.0109,1.4021
mp-8724,K2TeO3,1.8354,0.0113,1.663
mp-867507,TaGaFe2,6.5809,0.178,6.3476
mp-8351,NaAlSiO4,1.5916,0.0129,1.5187
mp-1015076,CrN2,5.0714,1.3299,1.0
mp-756810,Sr3Ta4(O6F)2,2.1117,0.0232,2.135
mp-626835,H8PtO6,2.01,0.0891,1.9167
mp-625924,H5NO,1.4513,0.0359,1.4319
mp-754974,CrSbO4,2.1951,0.0151,2.055
mp-8281,Ba(CdAs)2,6.6707,3.3982,9.8809
mp-1550,AlP,3.0246,0.0295,2.8535
mp-8892,LiInF4,1.5272,0.0109,1.5353
mp-23023,LaBrO,2.0727,0.0145,2.0358
mp-14482,SrNb6O16,2.5445,0.0248,2.5787
mp-696656,BH4O2F3,1.3868,0.0117,1.3936
mp-770219,NbAsO4,2.3475,0.0197,2.3782
mp-19417,TiFeO3,2.4193,0.0232,2.4124
mp-778061,LiCoSiO4,1.9865,0.102,1.9708
mp-1190588,Ba2Cd(BO2)6,1.7163,0.0108,1.7221
mp-556049,Sr4Br6O,1.8826,0.0117,1.8541
mp-32884,Ag2S,3.1502,0.0556,2.9448
mp-755190,TaVO4,2.4503,0.0259,2.4537
mp-29751,CsMgI3,1.85,0.0122,1.8724
mp-23052,ZrIN,2.4623,0.0304,2.4216
mp-28013,MnI2,2.2387,0.0393,2.2304
mp-10074,GeSe2,2.7633,0.0315,2.6719
mp-20727,Sb2PbO6,2.159,0.017,2.1087
mp-765493,Ba2Sb2O5,2.1929,0.0182,1.9964
mp-614803,Cs2TeO3,1.8153,0.0117,1.6928
mp-15218,Cs2TaAgS4,1.9312,0.0158,1.9187
mp-29027,TaI2O,2.3397,0.0197,2.4463
mp-7580,Hg3(SF)2,2.2652,0.0185,2.3106
mp-15549,K2LiAlF6,1.4541,0.0099,1.4167
mp-11020,GaAgO2,2.514,0.0381,2.4765
mp-1225894,CsLiMnS2,2.1415,0.0153,2.1475
mp-1105775,Sc4OsCl4,2.5213,0.0445,2.9036
mp-1020031,LiCaAlN2,2.2672,0.0137,2.302
mp-1213703,Cs3Ca2Cl7,1.6264,0.0084,1.6078
mp-5621,NbCu3S4,2.5151,0.0247,2.5281
mp-28650,CsBr2F,1.7504,0.0157,1.8703
mp-5693,NaCrS2,2.9612,0.0483,2.9248
mp-558071,RbS,1.7447,0.0109,1.6841
mp-567601,Sr4CN4,2.1911,0.0174,2.3107
mp-972448,SmBS3,2.4787,0.0248,2.6089
mp-989571,Cs2NaInCl6,1.7023,0.0114,1.6775
mp-10547,RbAuO,1.9688,0.0163,1.9302
mp-10851,SiO2,1.4957,0.0124,1.5337
mp-720391,BH4NF4,1.4024,0.0114,1.3661
mp-28873,CsBrO3,1.6552,0.011,1.6382
mp-8453,RbNaO,1.8395,0.0129,1.8586
mp-40143,Cs2KZrOF5,1.5262,0.01,1.5351
mp-1111952,Cs2AlTlF6,1.5697,0.0112,1.5809
mp-545552,SnO,3.1551,0.1046,2.5613
mp-557997,CaSeO3,1.8293,0.0107,1.8561
mp-30300,Cs3As5O9,1.8218,0.0109,1.7265
mp-28567,LiBiF4,1.7351,0.0112,1.6888
mp-9719,Na2LiAlP2,2.8749,0.0375,2.6279
mp-21855,VCu3Se4,2.8756,0.03,2.8649
mp-4701,CuSnF6,1.8591,0.027,2.4114
mp-561048,K3VSO3,1.7373,0.0112,1.7232
mp-23021,K2ReBr6,1.9378,0.017,1.8942
mp-21459,InAgS2,2.7878,0.0291,2.6815
mp-18876,K3CrO8,1.5896,0.0112,1.6984
mp-30952,GaCl3,1.7478,0.0131,1.5337
mp-758074,LiVPO5,1.9927,0.0741,1.67
mp-33775,La5AgSe8,3.1938,0.0257,3.1111
mp-31110,Sm3GaO6,2.0679,0.0122,2.0561
mp-753432,LiMnFeO4,2.8482,0.1824,2.3666
mp-1079885,LiSbS2,3.0278,0.0645,3.228
mp-18878,LiFeAs2O7,1.9124,0.014,1.9912
mp-29089,Sr2GeN2,2.4426,0.0174,5.8984
mp-675418,BH6N,1.4939,0.0213,1.5128
mp-684770,Li2FeP2HO8,1.6532,0.0389,1.7736
mp-3637,YOF,1.769,0.0126,1.8453
mp-867695,Li2WS4,1.9908,0.0213,1.7992
mp-12878,Sr2YSbO6,2.0245,0.0115,2.001
mp-28383,KNaS,1.8936,0.0112,1.9034
mp-8263,KNa2BO3,1.6107,0.0109,1.5813
mp-697047,Li3H4Rh,2.5622,0.047,3.36
mp-760375,Li3VS4,2.1061,2.4305,1.7793
mp-30062,Cs2PtBr6,1.8884,0.0184,1.8765
mp-550998,TiZn(BiO3)2,2.4409,0.0148,2.5031
mp-1219758,Rb2CrBrCl3,1.7456,0.0116,3.0766
mp-13308,HoGeAu,4.6802,0.0882,5.9321
mp-754237,LiTmO2,1.9977,0.0117,1.9356
mp-11836,ErSbPd,4.3635,0.0879,4.2829
mp-30959,LiHS,1.9301,0.0171,1.7549
mp-978114,Sn5O6,2.681,0.0634,2.4476
mp-27841,VBrO,2.1102,0.0228,2.0982
mp-7280,PPdS,3.4292,0.0962,3.3278
mp-510011,La3CuGeSe7,3.0441,0.0196,3.0028
mp-760137,Li7V(O2F)2,1.7688,0.0212,1.729
mp-5874,TlAgTe,4.1383,0.0652,4.2063
mp-974434,RuF4,1.8457,0.0306,2.2255
mp-7470,RbCuO,1.9285,0.0151,1.921
mp-22917,CuBr,2.3038,0.0187,2.1907
mp-570744,Si3As4,4.0273,0.1088,4.0821
mp-20731,In2HgSe4,2.9465,0.0291,2.9445
mp-770690,Mn3TeO6,2.659,0.0633,2.1513
mp-29863,AsCl3O,1.5561,0.019,1.5711
mp-5078,SrZnF4,1.5418,0.0099,1.5073
mp-1188344,CsLiCl2,1.605,0.0087,1.5647
mp-1290803,YCr(WO4)2,2.167,0.0639,2.1689
mp-997002,KAuO2,1.951,0.0171,1.884
mp-570081,CuI,2.4889,0.0267,2.3371
mp-551403,Ba2Fe2S2OF2,2.1328,0.0183,2.1194
mp-556640,CuBi(WO4)2,2.2863,0.0167,2.4945
mp-762295,K2Mn3V2(HO5)2,2.0318,0.0229,1.927
mp-561200,Na3MnF6,1.4656,0.0099,1.4573
mp-19885,InGaS3,2.5516,0.0225,2.6378
mp-1190619,Ca(BH4)2,1.7715,0.0182,1.6404
mp-1211745,K2RbScV2O8,1.846,0.0121,1.8791
mp-1000,BaTe,2.4459,0.0211,2.4446
mp-7048,Al2O3,1.6981,0.0123,1.7787
mp-1101340,SrCaI4,1.8991,0.0127,1.7684
mp-20282,CsPbF3,1.6824,0.0114,1.6989
mp-753746,Rb2O,1.9717,0.0157,2.0591
mp-759107,Li4Mn3P3O12F,1.6035,0.0113,1.5877
mp-559931,VF3,1.7118,0.015,1.64
mp-10070,BaAg(PO3)3,1.7105,0.0114,1.6537
mp-568557,RbTaN2,2.5411,0.0282,2.4037
mp-756746,Rb4PbO4,1.7832,0.0118,1.7827
mp-762225,BaCO3,1.6834,0.0182,1.6527
mp-696396,NaHCO3,1.5059,0.011,1.503
mp-1091384,NbTl3S4,2.5671,0.0228,2.5766
mp-6951,RbCdF3,1.5956,0.0106,1.5444
mp-626435,Al(HO)3,1.6169,0.0114,1.62
mp-35208,NdOF,1.9336,0.0152,1.9179
mp-989548,Rb2NaTlF6,1.5259,0.0122,1.494
mp-766262,H20C3(N2O5)2,1.5167,0.0128,1.5317
mp-570971,Sr3Ga3N5,2.4365,0.0149,2.5145
mp-997394,NbAgF6,1.6305,0.012,1.6396
mp-10155,P2Ir,4.5501,0.0899,4.0944
mp-1213068,CuTeSeI,3.0759,0.0558,2.973
mp-721896,H4CSN2,1.3931,0.0325,1.7429
mp-771335,Na3SnPCO7,1.6609,0.0208,1.7261
mp-28918,Sb2WO6,2.2042,0.0159,2.5066
mp-753323,Li4Mn2OF7,1.6363,0.021,1.6078
mp-1213705,Cs2NaGaP2,2.5057,0.024,2.6034
mp-38511,Ag2S,3.0775,0.1131,3.9453
mp-29689,Nb3TeI7,2.9175,0.0325,2.9364
mp-560515,K4Ru2Cl10O,1.7541,0.0127,1.9126
mp-754943,ErBiO3,2.3662,0.0213,2.3652
mp-24468,H8S(NO2)2,1.5541,0.0292,1.5147
mp-27851,Hg3(SeCl)2,2.4051,0.0225,2.3733
mp-10621,RbSbS2,2.2051,0.0187,2.2651
mp-17909,SiO2,1.3404,0.0342,1.3335
mp-626259,H3NO4,1.4791,0.0316,1.5433
mp-1747,K2Te,1.905,0.0134,1.8641
mp-38162,Sm5CuSe8,3.3276,0.0351,3.328
mp-1218926,SnPtSe,4.6274,0.0909,5.1708
mp-1295909,Mn2V2O7,3.0513,0.1187,2.5948
mp-541899,CsCdBr3,1.8537,0.011,1.8099
mp-1029627,Mg2ReN3,2.5741,0.0305,3.2485
mp-1029139,Te4MoW3S4,0.8812,0.1292,1.0
mp-541155,VS4,2.696,0.1008,2.4806
mp-760307,Li7Mn(OF)3,1.7698,0.021,1.6258
mp-23866,H2SeO4,1.6183,0.0154,1.5938
mp-8279,Ba(CdP)2,3.7319,0.1524,3.5981
mp-28891,Li7TaO6,1.877,0.0139,1.8581
mp-2176,ZnTe,3.0828,0.0348,3.0029
mp-1188089,K2Ni3Se4,2.9084,0.0726,2.9286
mp-9783,Ba3(AsO4)2,1.882,0.013,1.8622
mp-776397,LiMn2PO5,1.7334,0.0325,1.8031
mp-673245,CuI,2.4306,0.0238,2.521
mp-13985,Li2PdF6,1.6817,0.0252,1.7221
mp-1102961,AlCdCl4,1.6911,0.0137,1.616
mp-867336,K2SrCdSb2,3.0754,0.046,3.2652
mp-756912,LiZnBO3,1.746,0.0116,1.7414
mp-22874,PBr5,1.6774,0.0239,2.2679
mp-7643,K2AgSb,2.7191,0.0268,2.7143
mp-9911,K3SbS4,2.0198,0.018,1.9529
mp-20337,ZrPbO3,2.5088,0.0192,2.4756
mp-27897,Ba(NO2)2,1.6511,0.0116,1.6265
mp-754967,BaTeO4,1.8401,0.0107,1.8383
mp-568662,BaCl2,1.7291,0.0099,1.6937
mp-635425,AlF3,1.4783,0.0154,1.453
mp-989562,Cs2LiTlF6,1.5789,0.0125,1.5973
mp-779539,Li2CuPO4,1.7916,0.0121,1.7824
mp-22661,InAg(PS3)2,2.3686,0.0214,2.3454
mp-626721,RbHO,1.5748,0.0117,1.5814
mp-556604,BaCuPClO4,1.8441,0.0147,1.9668
mp-23535,K2ZnBr4,1.7132,0.0096,1.659
mp-9576,KSbSe2,2.6788,0.0381,2.5141
mp-867339,CsK2Bi,3.2648,0.1529,3.402
mp-1020615,Y2SiP4O15,1.7188,0.012,1.6115
mp-23450,RbIO4,1.6051,0.0124,1.6054
mp-3536,MgAl2O4,1.7319,0.0136,1.7547
mp-768223,Cs2CeO3,2.0622,0.0325,2.0298
mp-31045,KAuI3,2.4862,0.0412,2.5664
mp-675180,ErCuSe2,3.1058,0.0217,3.1859
mp-24292,Sr2H6Ru,2.1047,0.0226,2.0703
mp-1190809,Li8TeN2,2.4301,0.0193,2.5046
mp-18274,Ba4LiNb3O12,2.2324,0.0188,2.2452
mp-696736,RbBe2F5,1.3654,0.0098,1.3547
mp-997036,CdAuO2,2.5858,0.037,2.745
mp-850878,Fe4O5F3,2.3563,0.048,3.1364
mp-675918,Li9CrN5,2.366,0.0244,2.4451
mp-11737,Li4SiO4,1.6614,0.0106,1.6503
mp-996956,CuHO2,2.4654,0.0472,3.1405
mp-1023926,Te2W,2.6061,0.0504,2.4232
mp-29894,Hg2WO4,2.3075,0.0205,2.4588
mp-22903,RbI,1.6735,0.0103,1.6459
mp-768152,NaZrPCO7,1.5846,0.0302,1.5885
mp-41472,Ca5P3HO13,1.7252,0.0104,1.7131
mp-8884,ZnTe,2.9425,0.034,2.969
mp-755436,Na3VO4,1.6903,0.0112,1.6264
mp-697044,Ba2H6Os,2.0575,0.0223,2.1054
mp-996983,AgAuO2,3.0394,0.0664,3.1974
mp-1185571,CsAs(HO2)2,1.6415,0.0101,1.5767
mp-1219132,Re2MoSe4,3.311,0.0474,3.6467
mp-8258,BaAl4S7,2.2506,0.0232,2.2096
mp-36775,SrAl2O4,1.7499,0.0117,1.7108
mp-23202,InI,2.8763,0.0297,2.9083
mp-580554,CsLi3Br4,1.7685,0.0088,1.6665
mp-8127,K2Mg(CO3)2,1.5709,0.0108,1.587
mp-510566,La3CuSnS7,2.7395,0.0191,2.7463
mp-757388,PH6NO4,1.4954,0.016,1.4865
mp-29703,BaSi7N10,2.0621,0.0149,2.0859
mp-17350,La2TeO6,2.0556,0.0128,2.0378
mp-556859,HgO,2.6058,0.0332,2.3731
mp-28423,Ga2TeSe2,3.0547,0.0367,2.6112
mp-569578,NbI5,2.337,0.0221,2.4446
mp-30927,CsAs4F13,1.5275,0.012,1.5095
mp-771648,RbCrO2,2.0346,0.0218,2.1481
mp-757199,Li4MnNb2WO12,2.2296,0.0793,2.6293
mp-567744,SrBr2,1.8601,0.0114,1.7554
mp-15703,BeCN2,1.7528,0.0198,2.1918
mp-570044,NbI4,2.3117,0.0346,2.6154
mp-9747,B4PbO7,1.9387,0.0122,1.9688
mp-558731,Li2TeS3,2.4116,0.0708,2.8004
mp-4385,CdCO3,1.8547,0.0144,1.8223
mp-1029331,LiHf2N3,2.7675,0.0252,2.8858
mp-17244,Ba2ZnGe2S6O,2.2589,0.0186,2.176
mp-29584,K4BeAs2,2.2104,0.0173,2.162
mp-37722,KBH4,1.5457,0.0157,1.51
mp-23907,H2,1.1223,0.0219,1.1229
mp-613910,BaNiF6,2.1452,0.0415,1.9786
mp-867615,Ca2Tl2O5,2.3113,0.0388,2.4065
mp-1019105,KMgBi,2.9698,0.0312,3.2188
mp-36248,H4BrN,1.7582,0.0205,1.749
mp-35647,Zn2PtO4,2.5314,0.0319,2.4285
mp-2150,BaTe2,3.3294,0.1496,2.9721
mp-567907,P3N5,1.9741,0.0213,2.0045
mp-33569,Sr(LaSe2)2,2.9424,0.0244,2.8842
mp-696231,H4CN5Cl,1.6238,0.0459,1.6097
mp-28980,K3BiSe3,2.1133,0.0151,2.1398
mp-29877,K2ReH9,1.6567,0.0153,1.6563
mp-632480,Ag3SI,2.8622,0.0454,2.9032
mp-556653,Cd2BiAsO6,2.1483,0.0146,2.1184
mp-9462,CsTeSe3,2.7224,0.0376,2.9533
mp-772778,KHfPCO7,1.5659,0.0275,1.552
mp-1080625,Sr2LiReO6,2.0774,0.0184,2.184
mp-676300,Sc3NbO7,2.2423,0.0179,2.4304
mp-551905,OsO4,2.1302,0.1755,1.574
mp-772753,Li3ZnPCO7,1.645,0.0161,1.6448
mp-571084,MnBr2,2.1925,0.0274,2.0105
mp-753756,FePO4,1.7239,0.0157,1.6787
mp-27912,Ni(HO)2,1.6751,0.0337,1.8155
mp-574040,K2SnBr6,1.787,0.0119,1.78
mp-8754,NaLiTe,2.3765,0.0196,2.3192
mp-758389,LiNb(TeO4)3,2.1293,0.0142,2.1055
mp-4666,CdSiP2,3.3334,0.0297,3.2845
mp-2114,YN,2.6547,0.023,3.9278
mp-15988,Li2CuSb,4.9602,0.2821,4.2875
mp-1205906,KMnIO6,2.1989,0.0242,2.0216
mp-12418,SrCaGe,4.1747,0.0756,4.1538
mp-752498,Li2VOF5,1.6155,0.0162,1.501
mp-8208,Mg(PtO2)3,3.5162,0.0699,3.8749
mp-583071,CaAlH5,2.1683,0.0195,2.2025
mp-1079726,Zr2SeN2,3.1467,0.0266,3.2729
mp-753401,Sc2TiO5,2.2261,0.0179,2.1897
mp-19163,SrWO4,1.8578,0.0138,1.8716
mp-1019791,K2Zn(PO3)4,1.5085,0.0213,1.5832
mp-570238,P10Au7I,3.3719,0.0612,3.9376
mp-773864,TiSnO4,2.2961,0.0178,2.3298
mp-1029922,RbRuN2,5.1445,0.1624,15.4801
mp-626543,H3NO,1.4983,0.0498,1.3529
mp-573316,CsPt2Se3,2.9441,0.0335,3.0204
mp-755811,Na3CoO3,1.8989,0.0277,1.7791
mp-33985,Ba(InTe2)2,3.0249,0.0337,2.9143
mp-1208807,Sr3SbI3,2.2442,0.0287,2.1543
mp-754243,Cr4OF11,1.9355,0.0554,1.8528
mp-998613,KGeCl3,1.7706,0.0169,1.7989
mp-560394,AsPbClO2,2.123,0.0163,2.1108
mp-36988,Ca(AlSe2)2,2.3461,0.0221,2.4297
mp-1223893,InAgGeSe4,2.9404,0.0306,2.9906
mp-20261,Mn(GaSe2)2,2.7465,0.0299,2.7819
mp-24461,H12OsN5Cl3O,1.7058,0.0143,1.6915
mp-541771,Bi4RuI2,3.7413,0.1602,3.2464
mp-22939,BiClO,2.2774,0.0183,2.3792
mp-27724,BPS4,1.8601,0.0285,1.8068
mp-23655,Na4Al3Si3IO12,1.5435,0.0103,1.5592
mp-752471,Li7FeO6,1.9158,0.019,2.6539
mp-557437,KBi(PS3)2,2.3856,0.0231,2.3771
mp-33024,H2S,1.7064,0.0446,1.5947
mp-1220908,NaSO3F,1.4353,0.0118,1.4141
mp-29432,NaScCl4,1.6998,0.0106,1.7118
mp-15571,K3AuSe2,2.0094,0.0159,1.9324
mp-34022,Mg2SnO4,1.9039,0.0129,1.8673
mp-5770,AgNO2,2.0059,0.0509,1.8903
mp-29910,Sr4I6O,2.0255,0.014,2.0242
mp-28408,KTcCl3,1.7519,0.0114,1.8704
mp-23807,AlHO2,1.747,0.0204,1.7856
mp-555976,Na2TiSiO5,1.6813,0.0128,1.806
mp-17245,Na3TaF8,1.476,0.0102,1.4722
mp-505511,CoAsSe,5.2032,0.1195,5.3843
mp-3982,KCuO2,2.071,0.0172,2.0346
mp-865427,KSrCO3F,1.5559,0.0104,1.5199
mp-12626,K2SrBe2F8,1.4533,0.0098,1.429
mp-753816,Na6MgO4,1.8146,0.0115,1.7705
mp-753525,VOF3,1.757,0.0179,1.6896
mp-1066131,YTlS2,2.6338,0.0197,2.656
mp-1086652,BaAgSF,2.3135,0.0187,2.2493
mp-989622,BaWN3,2.4819,0.0281,2.8418
mp-638061,AlInCl4,1.8227,0.0155,1.7361
mp-11321,Y3TaO7,2.1387,0.014,2.1285
mp-561189,Rb6Si10O23,1.5188,0.01,1.5419
mp-1434,MoS2,3.2002,0.0498,3.1727
mp-31114,Ho3GaO6,2.0269,0.0115,2.032
mp-758977,LiFeSiO4,1.8238,0.0176,1.9102
mp-5076,SrZrO3,2.3172,0.0217,2.1507
mp-558369,K2LiVO4,1.7314,0.0115,1.6844
mp-14794,K6CoS4,2.0332,0.0136,2.0675
mp-3919,KBO2,1.5483,0.0103,1.5333
mp-767556,NaTiPCO7,1.7048,0.0456,1.715
mp-37430,Na4S2O5,1.5755,0.012,1.6523
mp-1019323,Th2HN3,2.9634,0.0426,2.8354
mp-11715,MgSn(BO3)2,1.8024,0.018,1.8379
mp-13992,Cs2Pt3S4,2.4141,0.0287,2.4207
mp-6507,Na2Zn2Si2O7,1.7599,0.0108,1.6849
mp-561710,CsSnS3,2.0179,0.0161,2.1283
mp-555147,SiO2,1.4827,0.0118,1.5719
mp-1225916,CsCNO,1.5567,0.0125,1.539
mp-1542940,TiTlPS5,2.5561,0.0278,2.417
mp-644285,KAlH2CO5,1.5727,0.0103,1.569
mp-3540,Li2SnO3,2.0285,0.0164,1.9188
mp-6667,CaBPO5,1.7065,0.0102,1.7033
mp-7885,AlAgS2,2.4735,0.027,2.7694
mp-1040443,KBaBiTeO6,2.0058,0.013,2.3297
mp-1102077,NaAlF4,1.364,0.0095,1.3668
mp-2136,Sb2O3,2.0807,0.0173,2.2376
mp-559151,BaSrTa2O7,2.0186,0.0162,2.1526
mp-760492,Na4PtO4,1.9596,0.0176,2.2478
mp-23237,BiF3,1.8301,0.0165,1.8817
mp-760367,VOF3,1.7731,0.0266,1.7538
mp-23849,Li2H2SO5,1.4927,0.0135,1.4937
mp-774243,LiCrSnO4,2.2279,0.0175,2.1957
mp-22889,ZnCl2,1.7265,0.0151,1.6776
mp-10492,Rb2SiF6,1.3806,0.0103,1.3715
mp-9172,Li4TiO4,1.928,0.013,1.8018
mp-759014,Li4MnO2F3,1.8676,0.047,1.8539
mp-8890,Cs(SbS2)2,2.4294,0.0269,2.5036
mp-19426,CaWO4,1.9133,0.0153,1.9533
mp-866883,Ca2SnS4,2.3828,0.0224,2.5921
mp-697408,H10C2N2O5,1.517,0.0185,1.5395
mp-19422,Na3VS3O,2.0452,0.0181,1.9947
mp-758131,VPH7N2O5,1.7308,0.0211,1.6915
mp-2706,SnF4,1.6076,0.0134,1.5441
mp-567677,GeI2,2.319,0.0262,2.3826
mp-2918,YCuO2,2.2201,0.0207,2.2082
mp-1284741,Ca2V3O8,2.2066,0.0204,2.272
mp-1008492,BrCl,1.8078,0.041,1.9332
mp-1221101,NaBiSe2,3.3171,0.0701,3.2116
mp-7848,AlPO4,1.503,0.0282,1.4616
mp-1189227,NaAl(PS3)2,1.9765,0.0187,2.1052
mp-1065514,YTlTe2,3.0596,0.0326,3.1025
mp-9922,HfS3,2.5224,0.0344,2.5429
mp-989627,SrTcN3,2.4242,0.0325,2.6158
mp-1672,CaS,2.2156,0.0193,2.2334
mp-30373,RbAu,2.3572,0.0402,2.3007
mp-11007,CaPSe3,2.5938,0.0267,2.638
mp-19447,Cs2NaVO4,1.7635,0.0119,1.7314
mp-1207082,LiMgSb,3.0746,0.0394,3.0298
mp-691106,MnSnO3,2.252,0.0194,2.237
mp-2672,K2O2,1.6022,0.0121,1.5925
mp-1214080,Ca3SbI3,2.2344,0.0266,2.2459
mp-18779,Na2CrO4,1.8203,0.0133,1.6786
mp-34330,MgAl2O4,1.7626,0.0129,1.7731
mp-676020,BaCO3,1.6754,0.0106,1.6476
mp-34078,H3ClO,1.4991,0.0164,1.5322
mp-984107,K3IO5,1.645,0.0113,1.6457
mp-643727,HPbBrO,2.1831,0.0162,2.2181
mp-27630,CrCl3,1.8735,0.0168,2.0057
mp-23484,CsAuCl3,2.7093,0.082,2.6562
mp-1018100,AlSb,3.5956,0.403,3.3946
mp-559286,Na4Al3Ge3ClO12,1.5511,0.0101,1.5586
mp-23184,BCl3,1.4399,0.0182,1.4252
mp-1223853,K2Zr(PO4)2,1.7518,0.0115,1.6374
mp-6955,KGeNO,1.9451,0.0146,1.8898
mp-540997,FeTeCl7,1.8853,0.0231,1.8368
mp-644097,BaAlH5,2.0835,0.0178,2.1761
mp-5377,YTaO4,2.1772,0.0155,2.1516
mp-989558,Cs2TlGaF6,1.5967,0.0123,1.6087
mp-12535,K2ZnTe2,2.2607,0.019,2.211
mp-5860,K2HgO2,1.8248,0.0129,1.7453
mp-27655,Te2I,3.588,0.0695,3.4856
mp-29468,Rb6Cl4O,1.5949,0.0101,1.5851
mp-9212,NaAlO2,1.618,0.0099,1.6207
mp-555874,LiAsS2,2.6197,0.0585,2.9209
mp-35751,Zn(CN)2,1.4097,0.1818,1.4893
mp-615138,MnF2,1.5643,0.017,1.5903
mp-755203,Li4NbFe(WO6)2,2.1493,0.0867,2.3631
mp-23550,KBrF4,1.5025,0.0121,1.4981
mp-9634,Na3AgS2,2.1269,0.017,2.0166
mp-7331,Cs2MgFe(CN)6,1.8977,0.0259,1.7126
mp-31306,C2O3F2,1.4309,0.0115,1.3699
mp-757002,KZrPCO7,1.5679,0.0299,1.5747
mp-555903,Al(IO3)3,1.7904,0.0141,2.0089
mp-556503,LiH3CO3,1.4952,0.0129,1.4647
mp-1205397,Ba2YInSe5,2.7283,0.0201,2.633
mp-971,K2O,1.7621,0.0117,1.7838
mp-1029536,MgZrN2,2.6351,0.0209,2.6423
mp-1071955,AlPS4,1.8914,0.0248,1.7586
mp-23719,BeAlH5,1.6737,0.0202,1.8788
mp-642735,Rb2H4Pt,1.6706,0.013,1.6685
mp-27255,Ga2TeS2,2.8378,0.0345,2.5066
mp-9047,RbBS3,1.9422,0.0143,1.9435
mp-23778,H4CN2O,1.4605,0.0176,1.5327
mp-997088,KAgO2,2.031,0.0169,2.0257
mp-1078746,Sr2FeH6,2.1503,0.0267,2.0931
mp-550433,BeZnO2,1.9596,0.0138,1.964
mp-14324,K2Na4Be2O5,1.6428,0.0106,1.6771
mp-756591,Sm3NbO7,2.2143,0.0183,2.235
mp-28538,SiH3I,1.6939,0.016,1.6558
mp-160,B,3.1811,0.1856,3.0629
mp-543040,Ga2Te3(HO2)6,1.9281,0.0151,1.9317
mp-13634,Cs2LiAl3F12,1.4634,0.0102,1.4486
mp-625111,H8PtO6,1.7317,0.0539,1.9902
mp-998778,RbSnBr3,2.0365,0.0152,1.9923
mp-9569,Ca(ZnP)2,3.3135,0.0322,3.3345
mp-27336,CsCuBr3,1.8491,0.012,2.6109
mp-28529,KInBr3,1.8969,0.0122,1.8461
mp-27996,H2SeO3,1.7125,0.0155,1.6846
mp-29009,Li2MgBr4,1.8331,0.0149,1.8482
mp-547017,LiAlAs2O7,1.7944,0.0116,1.8295
mp-2371,Ga2Te5,3.8181,0.0867,3.7223
mp-9819,RbAsF6,1.4178,0.0121,1.3964
mp-27488,Ta3N5,3.176,0.0571,3.291
mp-4124,CaCN2,1.8441,0.0173,1.8297
mp-5679,CdSO4,1.8405,0.0222,1.7521
mp-998762,MnTlF3,1.8012,0.0128,1.7798
mp-23046,SrIF,1.8757,0.0125,1.833
mp-672,CdS,2.5415,0.0218,2.4647
mp-31455,VSbRu,5.2157,0.1096,5.6677
mp-6983,NaAgO,2.0753,0.0194,2.1129
mp-581303,NaCuPO4,1.8219,0.074,2.0313
mp-22881,CdCl2,1.7606,0.0136,1.736
mp-13589,CuB(CN)4,1.6055,0.0336,1.7785
mp-1078410,Ba2ZnTeO6,2.1811,0.0192,2.2364
mp-1095151,BaCdAsF,2.6774,0.0283,2.8186
mp-13456,ZnS,2.4237,0.0189,2.4289
mp-11607,Si3N4,2.0446,0.0278,2.1663
mp-999052,Ti2MnAl,6.0933,0.208,13.3484
mp-11725,CO2,1.4057,0.0131,1.3749
mp-1188875,Te6IrI3,2.9098,0.0393,2.9859
mp-19449,NaVCdO4,1.9807,0.0157,1.9625
mp-571242,Rb2CoCl4,1.6665,0.0095,1.6474
mp-754009,ScBiO3,2.4498,0.0213,2.4406
mp-558430,BaB2F8,1.4144,0.0094,1.4193
mp-567583,CsSbCl6,1.6975,0.0125,1.6622
mp-1029625,LiTaN2,2.7401,0.0258,3.3077
mp-30298,KAsO2,1.7696,0.0098,1.7479
mp-568656,SiC,2.6126,0.0282,2.6677
mp-7908,Al2ZnTe4,2.8345,0.035,2.8741
mp-754596,RbGaO2,1.806,0.0118,1.7582
mp-1029857,Rb3W2N5,2.2483,0.019,2.2466
mp-568269,TmNiBi,4.9339,0.0881,5.2534
mp-13252,SnB4O7,1.8244,0.0145,1.983
mp-23011,RbClO3,1.5361,0.0111,1.5277
mp-4182,CrAgS2,3.3981,0.0488,3.5372
mp-3443,Cd(GaO2)2,2.1184,0.0243,2.1475
mp-504276,FePO4,1.9086,0.0364,1.7319
mp-559366,PBrNF,1.5816,0.0153,1.5586
mp-561190,NaAu(SO4)2,1.6618,0.0245,1.8376
mp-504769,N2O5,1.5199,0.0441,1.7416
mp-29136,Sr6Cu3N5,2.9203,0.0849,2.7087
mp-2858,ZrO2,2.266,0.0206,2.3125
mp-571306,Ca2Zn2CuP3,3.3224,0.0297,3.4566
mp-555763,ZnS,2.424,0.0182,2.4249
mp-753212,LiVF6,1.5724,0.0138,1.4314
mp-30311,Zn3(PS4)2,2.2124,0.0192,2.3531
mp-28146,LiGa5O8,2.0242,0.0138,2.0239
mp-1207629,YRhO3,2.545,0.0288,3.2816
mp-5488,LiInO2,2.1994,0.0178,2.0989
mp-30993,LaIO,2.2095,0.0164,2.114
mp-2697,SrO2,1.8012,0.0121,1.8091
mp-1205774,Cs2ReF6,1.5413,0.0102,1.5363
mp-28921,Tl5Se2Br,3.1272,0.0337,3.3643
mp-675645,Tb2PbS4,2.9897,0.0402,3.1125
mp-984055,Ca7(H6Cl)2,2.0362,0.0182,2.0551
mp-8278,Ba(MgP)2,3.0112,0.0304,2.9011
mp-19387,CdWO4,2.2526,0.0204,2.197
mp-722832,PH3NF5,1.3747,0.0104,1.4101
mp-504952,InGaSe3,2.7504,0.0253,2.6778
mp-27499,BaTeS3,2.5953,0.0275,2.4979
mp-6253,KLiBeF4,1.3624,0.0086,1.3426
mp-18780,K2WO4,1.6112,0.011,1.5995
mp-510338,Cs2LiVS4,1.9693,0.0166,1.8914
mp-3785,TlGaTe2,3.5441,0.0541,3.6498
mp-754739,CaBe3O4,1.7765,0.0125,1.7756
mp-984872,CsPb2Cl5,1.7943,0.0109,1.9158
mp-1012551,BaBrCl,1.8895,0.0121,1.8518
mp-28128,SCl2,1.5778,0.0204,1.6447
mp-26910,Cr(PO3)3,1.7434,0.0295,1.6483
mp-5709,Tl3PO4,1.968,0.0152,2.0084
mp-1078443,As2Se3,3.2977,0.1011,4.1384
mp-1029633,CaSnN2,2.5528,0.0286,2.4515
mp-29423,TlFeBr4,2.0488,0.0166,2.0111
mp-8891,K2Zr(BO3)2,1.811,0.0184,1.791
mp-759972,VF4,1.5975,0.0154,1.5606
mp-1104411,Hg3Bi2(SCl4)2,2.1545,0.0181,2.194
mp-6968,Cs2KCuF6,1.6042,0.0144,1.6141
mp-7891,Mg3As2,3.1875,0.0305,3.3593
mp-1206444,Cs3IO,1.8519,0.0121,1.8379
mp-1113588,Cs2InAgF6,1.6242,0.0119,1.6038
mp-7492,LaBO3,2.0874,0.0168,1.9193
mp-28901,AlFeF5,1.5729,0.0164,1.4593
