icsd_id,bandgap_gga,bandgap_hse
202055,0.086185,0.856
43741,0.107505,0.818282
173984,0,1.121675
202543,0,0.71624
69095,0.087616,0.846208
59193,0.398582,1.776609
26557,0,0.107254
28920,0,-0.054436
10425,5.852244,7.731107
151590,5.337444,7.164394
173014,4.781655,6.710443
247304,4.832755,6.677213
291495,0,0.715098
82504,4.462302,6.283692
100434,3.933832,5.14204
16850,4.053629,5.293749
4108,3.565882,4.797634
10436,3.51525,5.106115
10015,1.342631,3.073161
987,1.432591,3.143587
8014,0.889209,2.330739
16021,6.275606,8.271057
34685,8.334105,10.348116
51575,6.562169,8.572686
82879,1.8763,2.796231
15301,2.897364,4.216795
173921,2.362502,3.668389
26961,2.045991,3.353773
180397,2.239859,3.818634
180398,2.255537,3.821415
15620,7.418398,9.309576
163820,6.845149,8.61662
163824,6.846244,8.617914
163825,8.167959,10.114658
18147,7.063481,8.884406
26957,8.17168,10.121819
15072,2.102979,3.079337
169685,1.487868,2.407212
169686,2.314097,3.27232
186365,1.123388,1.963719
189995,1.050976,1.932232
261777,2.335641,3.275747
27151,0.465141,1.250476
422451,1.456794,2.283464
79500,0.959377,1.818855
51778,0.89937,1.769728
50198,1.296958,2.509437
78369,1.851882,3.276454
26962,5.966051,8.028059
40937,5.924236,8.001821
110775,6.410306,8.137184
110776,6.406348,8.129306
16428,6.707305,8.469341
166852,6.468162,8.198204
188892,6.724915,9.022588
188893,6.452196,8.177132
188894,6.447495,8.17671
236929,6.424553,8.144529
411461,3.709812,4.893145
161831,3.114894,4.494041
163628,3.642091,5.316624
20275,2.730633,4.92134
161837,0,1.093687
181294,0,0.763775
109339,1.388117,3.17407
184584,2.145195,3.356874
180778,1.004588,1.626686
407768,0.975196,2.767403
63680,3.666981,5.5172
29082,0.999608,2.184023
43458,1.031258,2.173429
89837,0,0.025574
9362,0.262816,2.830857
186838,0,0.759888
109366,2.267616,3.47649
202619,2.747022,4.172056
33847,0,0.042338
25529,1.685122,3.179453
25719,0,0.859571
69758,0,1.944538
167446,0.647621,1.96662
190597,0.636846,1.954995
100566,0.396045,2.142684
108905,1.004526,2.283818
154191,2.172658,3.374736
173025,0.311664,2.399116
189439,1.444981,2.399709
96077,1.885692,2.831893
157689,0,1.300365
35001,0.512489,1.185824
35003,0.517072,1.156775
92356,0,1.208446
184327,1.807134,3.537548
27431,2.350805,4.011889
158589,0.987565,2.806486
158598,1.004673,2.821955
200730,2.934659,4.776143
23783,3.003622,4.818552
281600,1.317583,3.033993
281601,0.627923,2.132839
66596,2.977199,4.828782
15907,5.427026,7.275985
16817,1.304436,3.185315
16950,0,0.138046
27837,5.507689,7.310218
27877,0,0.019133
31683,5.194564,6.815051
30602,0,0.024009
24073,0,0.0608
172165,3.955852,5.474617
173965,4.176756,5.759673
173966,4.573432,6.117977
173967,3.770347,5.236878
173968,3.338173,4.813548
14124,1.17637,2.376175
24062,1.297918,2.473962
32561,1.18701,2.386432
639125,1.277391,2.448756
24774,0.267742,1.753653
48214,0.073869,1.487131
63651,1.535112,2.622872
27516,2.558849,3.663802
78903,1.794837,3.098903
14387,0.88434,2.259514
16086,1.036506,2.499135
162251,0.155279,1.236996
33649,0.88817,2.2649
426846,0.791114,2.182356
251567,0,0.436824
38138,0,0.954582
202496,0,0.511828
44674,1.657981,2.877184
180559,2.236264,3.818956
25527,2.319813,3.89854
100204,3.751277,5.247587
26864,2.54223,3.108751
641600,3.201735,4.668656
96196,3.829653,5.38132
108886,4.965535,6.60542
173180,5.001335,6.604799
24143,1.615225,3.753813
25530,1.992605,4.204641
50658,2.331143,4.336207
101007,4.493835,6.20401
157528,4.537507,6.279011
161842,3.389786,5.00278
162607,3.284454,4.907628
166273,3.038736,4.627602
181461,3.566536,5.200547
41732,3.739039,6.088811
262928,0,0.569128
9864,1.74853,2.851659
171866,1.250061,2.570183
193445,1.395717,3.088441
20229,0,0.140545
643198,1.056457,2.303584
16956,0.434736,1.427129
151750,1.756304,2.932755
202324,1.14722,2.16666
80577,1.749448,2.926854
66362,0,0.689735
201140,2.79669,4.394878
28331,2.678185,4.298106
30638,0.518384,2.512686
411168,0.533755,2.802337
60435,2.016242,3.391681
109276,1.741918,3.771928
180558,1.841343,3.920646
35181,0.222155,1.202988
16802,2.416789,3.784617
25765,2.225261,3.611148
51176,1.859538,3.12934
166115,3.433112,4.454755
43740,3.430363,4.533037
78698,1.495711,2.798005
88720,1.459048,2.755727
16610,5.548347,7.473315
35121,0,0.311223
196,0.45861,1.170159
18180,2.417204,4.149874
162441,5.752512,7.549531
35122,0,0.016135
62117,1.139369,2.031584
31399,0,0.449805
15402,0.221138,0.373318
15466,1.413958,2.169148
36250,1.767042,2.697417
24692,0,0.82209
164290,0,1.149829
180572,1.24149,2.376687
77676,1.279887,2.448506
15998,2.41559,3.440001
15516,0.114246,0.522754
20624,1.170866,1.89238
105548,3.280869,4.770824
16220,0.4721,1.158718
77699,0.547225,1.289156
28681,1.733202,2.598508
154486,1.896108,2.657034
163382,0,1.206902
163383,1.750255,2.481653
166357,2.221324,2.991865
166358,2.221629,2.996409
166359,2.219141,2.994276
182360,0,1.205692
190802,2.221503,2.995925
647683,1.750509,2.481709
647241,0.218449,0.6483
23292,0.025645,0.627156
647283,0,0.728365
164289,1.493355,2.956231
202407,0.634319,1.940571
24923,1.543644,3.010413
251568,0,1.114146
647316,0,1.17704
180560,1.850939,3.421019
25528,1.714362,3.271504
251565,0,0.164927
290498,0.723568,2.355914
24645,1.764576,3.042526
647389,1.859634,2.897841
24022,3.256344,4.658688
412234,3.139914,4.501738
99464,3.419428,4.798761
99465,3.407083,4.796394
100341,5.758355,7.630173
100749,5.623904,7.586683
10078,5.021871,7.112411
151108,5.734726,7.606742
15321,5.602482,7.416533
153453,2.364313,3.420308
153886,5.569689,7.393358
154321,5.560466,7.351537
155241,5.678416,7.530973
155247,5.689752,7.544496
155248,5.673918,7.523832
155249,5.695446,7.553812
155250,5.693497,7.548794
155251,5.754741,7.623206
155252,0.813292,2.089718
158958,4.011242,5.964699
161310,5.261584,7.294825
162660,6.1807,8.052941
180904,5.513161,7.318527
183701,5.717987,7.467871
200478,5.374569,7.128796
201352,5.681636,7.538321
201689,5.715637,7.510421
24587,5.663982,7.497606
25632,4.765365,6.647183
29343,5.484292,7.264801
34889,5.641307,7.461337
35536,5.365924,7.106375
413210,5.522399,7.317356
52371,5.579278,7.399773
62581,5.447082,7.185471
86547,5.728024,7.499
89284,5.541038,7.373361
93975,5.542438,7.374638
154960,0.629998,2.285662
56675,0.61766,2.247895
56677,0.572525,2.011987
62199,0.845004,2.452821
24249,2.870267,4.77055
161691,2.811914,3.935911
26844,2.013794,3.065087
34423,2.80557,3.915672
56004,0,0.642214
62897,2.840311,3.991113
90733,2.961029,4.140983
109469,1.666895,3.02186
15328,2.307759,3.64088
154035,2.026449,3.396366
15409,2.082201,3.429925
154601,1.895032,3.278111
171670,2.51403,3.915086
657748,1.493856,3.069426
75179,2.321888,3.707684
97008,2.368861,3.947669
1501,1.665192,2.817488
1503,0.897817,1.976376
1504,0.773545,1.510221
199,0.377,1.111761
34416,0.776968,1.473815
34419,0.987101,1.825952
51214,0.725922,1.751987
74774,0.503305,1.374001
60763,2.76964,4.365551
105553,3.309237,4.932145
157403,3.600831,5.171846
157617,3.71837,5.251351
173960,3.704108,5.325113
173963,2.936037,4.432727
67004,3.837613,5.459707
23760,0.98513,1.80607
655224,0.979135,1.903206
47164,0,2.30275
647340,0,1.297983
108941,0.731209,2.475386
181829,1.604243,2.444185
181830,1.605688,2.461478
181831,0.365387,1.942342
21045,1.604494,2.460058
9206,0.722328,2.387627
18185,5.135305,7.106261
24723,5.15071,7.090854
105547,2.209591,3.119611
16851,3.162863,4.199028
414463,2.276246,3.2395
160203,3.395551,5.118562
160218,3.492737,5.186418
33646,3.858081,5.72004
647397,3.831509,5.635238
27019,1.153393,2.344779
187466,0.136365,0.788274
647550,0,0.099596
27988,0,1.408947
23478,0.575768,1.165648
1473,1.185341,2.099823
260212,0,1.994282
108651,0.464942,1.420132
14332,1.287047,2.371259
1620,1.389343,2.470353
27961,0.532543,1.441686
31823,1.213575,2.275673
32001,0.5034,1.463176
36168,1.285182,2.372681
50728,1.231168,2.309717
50732,0.719938,1.75345
654048,1.147886,2.223154
84139,1.509573,2.611849
84848,1.542477,2.646793
86144,1.144828,2.217322
26627,1.346198,2.837975
192863,3.950306,5.538678
33648,4.118753,5.607923
87566,5.732728,7.503491
23803,3.334183,4.529468
24672,3.365144,4.548798
22325,1.084043,1.916113
4107,1.113886,1.961482
97282,0.809915,1.596743
415303,2.644026,3.755139
415306,2.629128,3.739205
153154,1.872273,2.911791
153155,2.079797,3.14641
153156,1.721659,2.765595
153157,2.020647,3.116444
24244,0.413201,1.142262
25549,1.849041,2.892629
88619,1.912608,2.98839
174299,0,0.357775
16611,4.823333,6.796373
40865,5.547949,7.473458
77377,5.197561,7.182713
1422,0.451329,1.75531
10471,2.80807,4.191422
236386,0.220447,1.349048
280396,3.051111,4.446096
280397,2.770464,4.114893
2523,1.677021,2.633501
20361,0,0.712562
156051,1.735795,2.52756
156052,1.334185,2.161385
15798,1.987997,2.874682
157988,1.375304,2.227034
80594,2.364513,3.232927
195,0.329172,0.899466
24407,3.676749,5.008344
62026,3.821533,5.170936
25718,0,0.637515
16226,2.926766,4.243993
10148,0,0.183654
406625,4.5656,6.00997
42777,4.56273,6.006821
300205,5.565196,7.116759
15390,5.117213,7.088848
9038,0,0.433956
27659,0,0
27669,0,0
35662,0,0
20368,0,0
247821,0,1.107546
15999,0,0
59225,0,0
28919,0,0
24005,5.853293,7.732206
409611,4.025589,5.275586
655562,3.927132,5.13373
655563,3.545658,4.732631
36066,6.273963,8.269353
656231,1.846274,2.764466
173922,2.748898,4.044872
616005,2.087946,3.379908
24729,2.244014,3.827156
61181,7.42349,9.316119
654407,7.067071,8.88825
30361,0,0
260800,2.171874,3.155639
27150,0,0
417638,1.605395,2.562248
421855,1.519699,2.446896
98407,6.558177,8.287411
619461,3.634429,5.316247
619462,2.752605,4.96465
29289,0,0.762604
52886,0,0
88756,0,0
28506,0,0
63165,0.262358,2.82996
166022,0,0
15904,0,0
627062,0,0
15695,0,0
111,0,0
16025,0,0
61323,0,0
69757,0,2.427196
85080,0,0
89236,0,0
96699,0,0
63281,0.699901,2.035365
77675,0.384983,2.196631
62764,0,0
430183,0,0
82233,0,0
82236,0,0
15840,2.172997,3.374987
28664,0,0
31156,0,0
65338,0,0
185516,0,0
33644,2.344522,4.004888
603563,1.80346,3.531297
16577,2.974617,4.824748
59627,2.979574,4.832504
27844,0,0
638741,0,0
53033,3.767457,5.294208
638740,3.957509,5.452492
71354,4.18319,5.767806
83863,3.342144,4.816564
16627,0,0
40316,1.235338,2.469168
169426,0.883807,2.261355
24325,0.869701,2.308746
56009,0,-0.172759
640883,0,0
641278,0,0
180561,0,0
180565,0,0
173206,4.970978,6.59139
642716,4.537253,6.278732
29326,0,0
150462,0.399822,0
54114,1.288747,2.59633
40110,0.355747,0
152316,0,0
36263,0,0
644069,0,0
152312,1.384003,2.506633
644068,1.168013,2.195717
31175,0,0
180562,0,0
26582,0,0
26583,0,0
14338,0,0
61634,0,0
95729,0,0
56018,0,-1.267238
75198,0,0
71317,2.41998,3.788723
39595,0,0
92127,3.431994,4.560893
647697,0,0
647545,0,0
647685,0,0
647556,0,0
61627,0,4.099119
174033,0,0
9040,0,0.01082
15028,0,-0.028244
50409,0,0
24293,0,0
62846,1.404831,2.157659
653900,0.19305,0.369546
28838,0,0
26598,0,0.843973
28837,0,0
41617,0,0
77650,0,0
77651,0,0
105543,0,0
26599,0,0.817473
29336,0,0
26597,0.269161,0.701043
61635,0,0
647482,0,0
28387,0,0
76022,0,0
105551,0,-1.620112
15327,0,0
196273,0,0
647555,0,0
99784,0,0
20041,0,0
23575,0,0
17009,0,0
20042,0,0
150496,0,0
94004,1.894322,2.656289
76019,0,0
77714,0,0
23402,0,0
27023,0,0
88316,0,0
15070,0,0
251566,0,0
189977,0,0
20362,0,0
415270,0,0
77648,0,0
24922,1.606143,3.05579
77654,0,0
647338,0,0
1239,0,0
24060,0,0
647349,0,0
28498,0,0
23961,0,0
251564,0,0
290497,0,0
84619,0,0
59714,3.182599,4.53539
72367,3.254667,4.6582
155243,5.681524,7.545446
155245,5.537821,7.353806
181307,4.007517,5.961002
24259,5.549357,7.446311
39830,5.70545,7.557717
51702,5.252923,7.283698
647406,5.233335,7.130352
89658,5.681444,7.539059
91737,5.540034,7.354991
169032,0.63093,2.288328
56678,0.567496,2.009848
603572,0,0
60627,0,0
173152,0,0
647511,0,0
30222,2.224218,3.311038
655884,2.819791,3.931326
154036,2.034342,3.407601
158780,2.334095,3.669392
202241,1.667734,3.021772
36408,2.075742,3.426793
41056,2.52767,3.932863
96946,1.889388,3.2361
1502,1.517745,2.315656
34417,0.821355,0.050302
73856,0.35815,1.117465
647643,0,0
647647,0,0
647689,3.30915,4.931863
658755,3.605423,5.149892
79914,2.90909,4.403458
93031,4.040656,5.706656
180568,0,0
59100,0,0
201875,0,0
202338,0,0
647352,0,0.066847
77680,0,0
181832,0,0
33645,0.742935,2.488237
41534,0.690852,2.407345
77378,5.135793,7.106281
240206,2.817171,3.821168
27595,2.681769,3.624058
263120,0,0
647512,1.148922,2.359182
1462,0,-0.234478
193329,0,0
95761,0.297931,1.147958
77706,0,0
15905,0,0
50727,1.247756,2.326659
647640,1.417297,2.51701
89092,0.489872,1.462746
29094,1.080438,1.91155
27836,0,0
30444,0,0
79698,4.830589,7.129502
82688,0,0
31104,0,0
8050,0.456179,1.763597
15894,0,-0.325088
26492,0,0
50984,0,0
77697,0,0
56694,0,0
24042,1.365608,2.21692
200243,0.029789,0
48130,0,-0.210068
73719,0,0
300020,1.539445,2.884742
99688,0.84594,2.390096
428142,2.222712,3.945052
68486,0.616087,2.182708
185364,2.882815,4.923812
33568,2.526893,4.446148
246157,0.189223,1.440709
25624,1.632221,2.899923
155507,1.00246,1.94489
40160,1.489449,2.752381
242114,1.203598,2.241361
242115,1.294462,2.342042
193540,0.210073,1.653232
52380,0,1.011294
202429,0.154163,1.407334
40153,1.274934,2.402114
24817,1.206962,2.306442
182047,1.629274,2.936949
55643,1.627351,2.940329
55647,0.825042,2.052807
55649,1.370589,2.606289
67244,1.515914,2.848962
40155,1.445593,2.769287
261561,0.584586,2.109262
422442,2.140471,3.533055
245292,0.059718,1.585515
25541,0.062953,1.672013
40830,1.803102,3.15123
40831,1.813109,3.163197
50645,1.81496,2.984402
82079,1.454109,2.386002
280086,1.818905,3.077374
281321,1.692419,2.925856
415959,0.480542,1.129547
415960,0.505096,1.186643
281040,0.565169,1.957255
93988,0.798446,2.225142
109602,2.138669,3.823517
109603,2.178183,3.865693
16298,1.218978,2.153293
2433,1.298976,2.263689
167332,0.234174,1.239655
280333,0.436652,1.309485
36187,1.91048,3.490969
31027,1.482791,2.591079
180731,2.035186,3.366296
180732,2.315914,3.704959
180733,2.314892,3.703001
180734,2.367201,4.100783
415473,0.860057,1.870719
93453,0.947955,1.585619
65998,1.12122,2.102152
51498,0.027888,1.145458
4433,2.211667,3.5437
78388,1.667216,3.122742
36589,0.871489,2.182569
100694,1.673657,3.109046
84970,1.238543,2.545708
69096,1.248019,3.031638
413089,0.159935,1.84802
165169,0.060251,1.675186
415472,1.223917,2.494537
417354,1.380522,2.601691
423166,2.408543,4.323809
416281,0,0.28418
31028,1.324139,2.614495
76969,0,1.065766
32721,0.867748,2.194885
4204,0.782787,1.841594
408802,2.120879,3.565115
9627,0.710765,1.799447
14000,0.167521,1.743059
417675,0,0.966061
424347,0.908547,2.109137
418314,0.689469,1.806865
73123,1.456159,2.390619
415893,0.058596,1.033536
1299,0.205135,1.332624
171708,2.837758,3.959969
245563,2.967986,3.658954
25593,2.071301,3.355023
95661,2.199592,3.502186
166540,2.796987,4.239724
29010,2.178953,3.34681
159273,2.930002,4.895862
66996,0,0.582433
4164,1.123838,2.290613
26807,2.61805,3.810564
165283,2.204594,3.833303
62132,2.175372,3.733113
33257,2.977586,4.840491
413149,3.866478,5.111795
423416,2.704954,3.849542
407561,2.646072,3.655882
36650,1.742292,3.400211
33905,0.617981,1.206106
68203,1.170625,1.95965
280576,2.203362,3.956795
280579,1.565907,3.259892
411231,0.823291,2.390836
413886,0.474832,1.303298
80351,1.908855,3.028624
69003,1.954848,3.145057
80349,2.377614,4.056883
261145,2.416002,3.802765
69002,2.704886,4.116455
63708,2.272588,3.740389
33904,1.159574,1.836986
172984,2.229847,3.984133
62963,2.074971,3.818543
8190,1.078549,2.265219
409553,1.340368,2.546282
78365,1.412157,2.397937
15115,1.120963,2.726739
79086,0.491721,1.453293
73873,1.828872,3.410112
15113,1.966815,3.453556
409547,0.999177,2.601332
62066,1.924461,3.078395
409552,1.425462,2.729075
75499,0.067811,0.980242
15116,1.539092,3.146289
95669,1.794075,3.054355
95675,2.678867,3.708513
80327,1.541274,3.00338
83386,1.737274,3.238403
170260,1.106781,2.568096
80328,1.656346,3.160557
37009,1.311427,2.849572
71965,1.361571,2.852288
95825,0.559758,1.565381
43311,2.098716,3.738283
75254,2.54459,4.24413
63202,2.628821,4.115337
8084,1.263654,2.086204
45060,1.654083,2.67598
200621,2.434032,4.135458
281357,2.461803,4.161087
66170,1.445896,3.063862
420403,2.810311,3.18469
71261,2.371501,3.576992
415347,1.967995,3.556534
61387,0,0.024505
69864,1.74738,2.662596
151895,0,0.363765
172756,0,0.404965
412830,2.574998,4.121469
25555,0.964801,2.131317
165830,2.664701,4.050097
29109,2.514067,4.008526
79627,2.63906,4.023862
188534,2.911637,4.024749
62560,2.944996,4.163529
64677,2.458085,3.688221
9456,1.871042,2.730083
60061,1.670813,3.367216
60659,0.14024,0.636103
68616,2.255012,3.698758
74076,2.304069,3.777862
155141,0,0.306418
15760,0.479422,2.849834
20898,0.347075,1.291685
15933,0.249433,0.667699
245603,0.016113,0.349271
110770,0,0.020503
84652,0,0.238111
156706,2.135007,3.880355
424820,0.32632,1.884762
109077,0.23993,0.874243
10106,2.558463,3.572265
187724,2.850131,4.238375
74541,2.843283,4.472186
27082,2.044031,3.532764
8017,1.764957,2.894158
80299,1.928708,2.76819
172998,1.41664,2.420056
172758,0,0.308893
391434,2.969277,4.07501
73937,0.987588,2.12527
150700,0,0.101388
202812,0.041664,1.664447
27113,1.11556,2.131659
27115,2.64967,4.184926
40708,1.576757,2.648443
202393,0,0.135153
62489,2.753042,4.032197
50512,0.334149,0.740163
30662,2.15181,3.444255
413764,2.909448,3.875721
76437,2.714143,3.999236
90902,0,1.057019
402284,0.574063,1.15696
65706,1.850031,3.316706
82985,2.610166,3.859655
75386,0.431998,1.993773
67154,2.90516,4.401244
1322,1.280456,2.892269
174403,2.117975,3.211623
174406,1.70169,2.778594
246425,0.627201,2.904385
407209,1.850708,2.762817
407293,2.974165,3.987576
203031,1.405717,2.686299
91776,1.212555,2.509147
97422,2.917322,4.150261
245818,0.493741,1.066464
407208,2.121595,3.080276
85173,0.219939,0.687133
97423,2.936913,4.232497
416137,0.739613,1.393422
75404,2.725961,3.898843
49685,2.178926,3.400742
62488,2.254903,3.457296
65522,2.323103,3.49165
408000,2.515358,3.463465
50005,0.024913,0.938504
37251,0.017459,0.634571
29451,0.771016,1.468964
200145,0.134518,1.577308
30995,2.732992,3.893749
108965,0.779755,2.027959
202346,0.802379,2.049108
50311,2.708654,3.816448
51779,2.151023,3.255704
50601,2.728018,3.869899
51716,2.248186,3.089151
27092,0,2.668873
24059,2.056332,3.246533
77196,0.290651,1.390246
65660,2.828213,4.441692
31925,2.914231,4.066732
28232,0,0.948088
68505,0.910269,2.0507
416669,0.87695,1.843987
411954,0.481838,1.562655
24030,2.371508,3.22824
418089,1.825178,2.854437
49547,1.013702,1.719492
156755,2.610091,4.471867
241245,2.611352,3.474453
56458,2.781967,4.593288
163584,2.716641,4.476369
109830,2.697664,4.192888
165563,2.912433,4.687897
54909,2.239565,3.561975
170127,2.41535,3.634428
154357,2.68189,4.248484
154354,2.217455,3.777188
248144,2.976103,4.370241
154356,2.687513,4.245498
170805,1.025195,1.557967
260372,2.637299,3.88826
172228,1.1248,1.529808
171020,2.661097,4.4717
83387,2.579675,3.67055
6131,2.984938,4.431132
246244,2.244642,2.981795
155955,2.984403,4.590393
31338,1.986243,3.426463
151568,2.243441,3.952566
151578,2.213433,3.913603
161265,2.559631,4.210288
200614,2.240565,3.942023
80717,2.160896,3.720204
88779,1.292003,2.050521
87825,0.954979,1.582336
160328,1.343102,3.034723
165689,0,0.575651
151598,2.340128,3.750773
2373,2.948628,4.53243
261342,0,0.416267
88978,0.307334,1.201251
27502,0,0.310548
170597,0.931884,2.701806
8097,2.269178,3.788458
413874,0.02259,0.826055
82689,1.850945,3.252845
74539,2.68376,4.38836
100661,1.943055,2.975689
238797,0.568104,1.788032
22411,1.409806,2.586698
36629,1.476592,2.516177
56582,0,1.400396
56584,0,1.059666
9011,2.718919,4.25704
65412,1.065938,2.751343
402087,0,0.497532
100789,0.088268,0.234604
84791,0,0.281283
280873,0,1.15584
68202,1.225062,2.04445
16353,0.853373,1.58956
88134,1.882897,3.485708
59252,2.479102,4.092656
261486,0,1.229358
18119,2.393972,3.490276
37428,2.298158,3.713295
158753,0.760511,2.272021
17016,1.168286,2.736814
30971,1.573393,3.205519
77134,1.357819,2.9561
23039,1.292085,2.998451
165224,1.69741,3.366307
74848,0.63649,1.7925
4118,1.021339,2.448587
52389,1.008004,2.430416
62054,1.359512,2.610375
165167,0.6734,2.156368
181930,0.957308,2.502783
180009,0.67438,2.557118
262708,2.881995,4.408143
51698,2.120702,3.496314
62150,2.07936,3.454055
62151,2.092617,3.467888
88387,1.4013,2.580694
262941,0.968891,2.750215
200806,2.89951,4.236298
35407,0.234348,1.049499
181929,1.386157,3.112633
9369,1.004875,2.547799
40186,1.668376,3.307414
168999,1.946243,3.404111
169003,2.015451,3.455332
50529,1.454306,2.998266
69296,0.385322,1.771079
23542,2.715196,4.488681
86773,0,0.028872
165168,0.371192,1.684874
77064,0.525486,2.088748
9715,2.020169,3.530034
413057,1.698002,3.090067
413058,2.100856,3.222064
300028,1.164174,2.53366
35084,0.498645,1.99341
74031,1.87754,3.562276
61219,3.133043,4.453051
152667,2.682472,4.044659
92040,1.750406,2.998973
86768,2.648256,3.983069
162803,2.331525,4.119284
401664,1.587224,2.667483
28115,1.643306,2.659531
59935,2.326321,4.14024
78891,1.009335,2.190715
59936,2.653088,4.446866
21014,0.138691,0.563227
22395,2.225815,3.995601
162802,2.385091,4.223608
410039,2.687143,3.749941
416750,2.099675,3.132229
28399,0.208789,1.176844
28400,1.871972,2.831961
65483,1.610609,2.606486
75935,0.174592,1.270148
28510,1.973509,2.912373
68484,1.267896,2.666821
171021,2.443814,4.232135
2233,2.635571,3.555796
425787,1.243413,2.235119
26471,2.316807,3.42595
412071,2.677563,3.902963
416393,0.188778,0.97639
416056,1.842911,2.9409
27169,1.436723,2.668748
417247,0.93313,2.337935
426524,1.859685,2.824832
416429,0.600486,0.290325
10302,0.999937,1.607532
69503,2.216853,3.600225
74940,2.185826,3.483881
73212,1.531661,2.464197
161384,0.604925,3.056883
62688,2.661509,3.310395
6152,0.946728,2.118441
94437,1.321797,2.224544
109301,0.647145,2.387257
95833,1.56985,2.777153
73190,1.270846,2.451262
26676,1.596808,2.690795
82065,1.942991,3.009277
249513,2.137321,3.570436
59123,1.924301,3.539539
252042,1.828414,2.824085
28499,2.105826,3.58508
416147,1.352993,2.477664
416148,1.749589,2.758951
185586,1.672535,2.92115
40267,2.633859,4.087182
425293,2.824045,4.279498
28930,2.595638,3.659907
81984,2.742442,4.138675
91271,2.834922,4.236901
249659,1.996828,2.984161
18120,2.366395,3.511997
237338,0.685288,1.765869
62676,1.996882,3.264679
18116,2.245148,2.980814
185585,1.052412,3.963926
236372,2.547655,4.021428
28909,1.929601,3.084581
165282,2.331536,3.979219
248485,1.816461,3.440903
24607,1.992646,2.750172
91735,2.549497,3.075594
160793,2.846846,3.969478
26944,1.821009,3.235485
27508,1.726694,2.917102
8269,0.625809,1.665089
157933,0.2039,2.031604
51175,1.068588,1.626825
167460,0.748947,2.243237
183966,1.550126,2.203028
192388,1.527339,2.042906
192389,1.706444,2.415743
43451,1.232306,2.496676
416169,1.943145,3.102705
416209,1.511973,2.30601
416208,1.829472,2.638846
280204,2.706146,3.965139
59983,2.697431,3.982371
193548,2.551128,4.123637
290588,2.643869,4.105304
290589,2.680702,4.145391
52386,2.680936,4.146006
167400,2.524621,3.835415
418845,1.246849,3.733653
2771,2.484646,3.727543
1,2.169719,3.338327
150417,2.66919,4.371017
75639,1.956371,2.949342
290590,2.564247,4.010749
290591,2.554768,3.998875
50047,2.563282,4.012216
20314,1.535134,2.773644
15033,2.738816,4.028055
15034,2.745256,4.005169
409745,2.62201,3.858003
28411,2.463819,3.621285
413950,1.701531,2.381171
22030,2.078098,3.292618
155850,0.372789,2.278084
82620,1.673695,2.790114
6130,2.045863,3.269191
201793,1.502275,2.619153
406829,2.113904,3.280409
82622,1.689556,2.707985
155505,1.651755,2.630264
171184,1.863657,3.064545
72302,1.295184,2.064349
73261,0.696579,1.472538
65418,0.791584,1.22078
37079,1.506855,2.358994
40161,1.489916,2.402479
413342,1.768117,2.975278
25513,2.112441,3.469507
419772,2.188641,3.587782
423923,2.726549,4.023869
2378,2.001965,3.001064
24392,2.537252,3.408305
406809,2.36037,3.800688
94388,1.946587,3.190352
423336,1.35698,2.022913
174309,0.773801,2.051781
72287,0.302369,2.155507
423335,2.026102,3.070178
246912,1.156397,1.766352
188625,0.97665,2.158588
291233,0.090981,0.555895
95664,0.986361,2.169586
91855,0.333675,1.40518
95670,0.387346,1.462371
188529,0,0.828947
25695,1.60262,2.906657
37325,1.597312,2.900932
40158,1.595692,2.896123
48180,1.873263,3.197369
18102,2.94763,4.024591
188527,0,0.381574
40156,1.732944,2.740767
49755,1.731826,2.742022
30379,0.588226,1.475435
15099,1.686664,2.791855
188528,0,0.071924
40157,1.687805,2.794336
49756,1.688458,2.796198
201899,1.331341,2.070205
14099,1.132029,1.709176
15100,1.490601,2.758326
188530,0,0.906147
40159,1.490867,2.759122
49758,1.494067,2.760139
65446,1.746055,3.013668
29214,0.713649,2.222393
151929,2.76514,3.932158
65547,2.675656,3.657285
35580,2.954046,4.198785
60848,2.894446,4.134192
164934,1.224779,1.934145
19046,0.970314,1.383409
416510,1.913656,2.514657
69051,0.194025,2.034411
169713,0.958969,2.705537
400657,0.749533,1.536476
25002,2.10234,3.160535
36535,0,1.880478
80181,0.087474,1.207108
40452,1.744895,3.011069
202669,1.540932,2.255503
62058,1.461636,2.250105
427086,0.811274,1.994731
418372,0.880404,1.787046
94387,1.804518,3.011969
35246,1.733914,2.928149
36603,2.150427,3.11119
36604,2.540849,3.497856
89565,1.104854,1.713916
280804,2.890136,4.159333
2521,1.277362,2.72434
415418,2.708494,3.991617
249509,2.646108,3.874629
10416,2.784569,3.803183
76964,0.807469,1.695945
73732,2.198871,3.346886
2173,2.409442,4.040822
2174,2.43588,4.033572
73016,2.73294,4.300206
417245,0.62603,2.389947
417246,0.55844,2.246404
417248,0.466013,2.345559
417249,0.968079,2.829121
16143,1.107339,3.419674
10393,2.526617,3.701474
948,2.541079,3.37508
249508,2.090932,3.376209
16872,0.773317,2.712083
240332,0.796477,2.811655
409393,1.783829,2.810109
99995,0.151165,1.68698
201202,2.314871,3.950436
78356,3.051239,3.942683
240330,0.644224,2.188404
240329,0.357784,1.513323
73215,1.423892,2.1653
1410,1.554716,2.549717
417293,2.154699,2.45628
9805,1.526812,1.925958
15192,1.90426,2.110922
37231,1.162689,1.616234
40337,2.153311,2.453532
93973,0.959261,1.413311
174312,1.715236,2.640353
182237,1.133013,2.222574
41003,2.566222,3.106546
166205,1.763231,2.864736
36652,2.763505,4.383232
2269,2.490021,3.952234
187290,2.715578,4.134884
2270,2.281011,3.717256
162060,2.962816,4.790117
202044,2.125042,3.900226
51546,2.727557,4.296945
26340,0.729965,1.823831
37271,2.651003,4.171386
160848,2.345192,4.022595
35534,2.285852,4.042287
161258,2.905274,4.701181
16833,2.863031,4.539468
61496,2.811405,4.43022
413385,0.338159,0.81808
172521,2.606894,3.763172
185701,0,0.793295
33722,2.577722,4.018626
16173,2.445084,3.899172
100275,2.057109,2.958835
200517,1.611419,2.581516
422884,2.679825,4.415756
409548,1.840508,3.494612
73550,2.917631,4.494221
200849,2.530827,4.005346
73551,2.90466,4.487394
27103,2.646882,4.137579
95735,2.825868,4.182847
82393,2.840751,4.642316
166253,1.967341,3.451175
166254,1.98454,3.528905
166255,1.682003,3.175336
166257,1.686549,3.17249
48122,2.18417,3.442448
26831,1.909928,3.426337
186994,2.680399,4.08769
20701,2.602162,3.527949
27761,0,1.018738
422026,2.473132,3.987621
98065,2.715758,4.018729
23327,2.856134,3.925669
161702,2.400838,3.53846
33194,2.779548,3.842204
89326,2.715827,3.764064
98740,2.698227,4.038155
66275,2.129655,3.436638
2533,1.85247,3.096414
25514,2.059236,3.460303
165068,2.256,3.788804
69739,2.253538,3.787976
412547,2.194739,3.601682
79694,2.023982,3.418463
260029,0,1.209426
61673,2.001355,3.255318
19005,1.407058,2.745605
74885,2.407251,3.204516
100316,1.530566,3.219226
28402,1.537618,3.22648
412403,0.910668,2.466939
169667,2.084484,3.439227
33275,0.848851,1.549273
90083,1.617189,2.252265
90084,1.424595,2.216197
51511,1.693567,2.368939
83374,1.712575,2.339056
22226,0.548458,1.985513
412302,1.985669,2.809866
412303,2.23378,3.013414
412304,2.175793,3.008067
203064,1.71281,2.595047
15005,1.951209,3.035179
15006,1.253415,2.265058
90085,1.591964,2.438019
74886,1.234294,2.170193
98671,0.576379,1.589543
59280,1.471578,3.054651
420818,0,0.091571
160088,0,1.241632
280914,2.001756,3.461911
418001,1.798726,2.953693
96753,0.556589,1.984547
61101,1.509379,2.522606
410762,1.665908,2.619354
69123,1.226454,1.990584
410760,0.722759,1.212545
410761,2.333348,3.31207
61177,2.908227,4.029463
97995,2.598955,3.643067
83377,2.319163,4.179447
20012,0,0.018217
400552,2.065052,3.927064
15968,1.824693,3.635324
418061,0.914204,1.711057
62106,2.551266,3.589527
62369,2.417516,3.321439
25694,2.092277,3.831403
67112,2.22683,3.482649
36255,0.857333,1.693433
80109,0.890843,1.703729
418088,0.657006,1.362413
65183,0.410766,0.777327
247060,1.612754,2.565992
281549,2.801759,4.186304
40665,1.787716,3.200007
34600,1.954115,3.359676
16618,2.155903,3.920507
85579,2.551035,4.344472
413858,2.026106,2.970201
60260,0.918934,2.493616
1458,1.953424,3.553181
409452,2.54989,4.277083
27197,1.962527,3.492292
47223,0.372021,2.289401
181572,0,0.306738
187130,0,0.332489
67826,0.428365,2.371046
419717,2.372034,4.187638
30964,2.294196,3.666778
32743,2.137253,3.479197
9532,1.493801,2.72759
9534,2.213547,3.494178
248051,0.376809,1.727982
33546,2.624058,4.186529
77333,0.988116,2.467165
56440,2.055544,3.32806
26612,0,1.22684
201891,2.79391,3.425274
2266,1.91226,2.73441
6158,1.445556,3.236109
15929,1.061877,2.143742
62138,1.159345,2.498156
1412,1.598265,2.303363
24131,2.097259,3.592147
15511,1.241617,1.933174
2216,1.080193,1.763538
40463,1.337572,2.003826
65501,1.357382,2.237427
415749,0.59915,2.592467
60025,0.961268,1.660732
67284,2.232098,3.433221
1925,1.974395,3.021335
262576,0.847334,3.013579
280867,1.746023,3.249604
73104,2.981913,5.25235
100782,1.689342,2.629242
79101,2.243006,3.086247
62656,2.010752,3.150447
37268,1.602484,3.008101
158,2.266501,3.757261
74873,2.187349,3.082326
20901,0,0.944514
200088,0.293709,1.075689
55720,1.659515,3.299536
158830,1.729669,2.384591
201940,0,0.730271
44121,1.733467,2.388861
2455,1.484552,2.516469
68498,1.471425,2.498909
25804,2.477407,3.666882
27004,2.074733,2.910867
65031,1.209696,2.848744
170766,0,1.013831
24195,2.68112,4.11157
32537,2.587222,4.075338
173795,0,0.431257
93721,2.859113,4.194871
10058,2.735667,4.106527
380456,0.708525,1.301852
246732,2.796225,4.405762
38323,1.793817,2.869448
91952,2.775889,4.196705
419128,0.790499,1.042224
65032,0.31254,2.147179
30535,0.146668,1.087259
33661,2.985228,5.014179
451,1.604177,2.373726
248636,0.019022,1.418183
65170,2.158097,3.534147
29213,1.513386,3.27862
59179,1.560064,3.334884
262075,2.586958,3.527955
33633,0.428405,1.136389
203032,2.138552,3.780842
23817,1.149718,2.112324
89903,0.968,2.497805
153094,1.068959,2.773807
61199,1.294554,3.129996
35182,0.979724,1.99057
1485,2.305894,3.851024
40270,2.508937,3.757493
38350,1.332704,2.722158
410714,2.463693,4.347189
202326,2.709964,4.312829
203030,2.947413,4.519483
74982,2.1774,3.609245
40247,2.923809,4.504824
10062,2.296796,3.682106
61218,2.323666,3.952403
284,2.420696,3.945068
109299,1.261629,3.042557
4122,2.290856,3.196397
109070,2.852068,4.817306
171017,2.317857,3.257887
50979,2.363828,3.607768
35340,0.347272,1.171607
108963,1.011968,2.621329
202688,2.815748,4.172218
44622,1.703241,2.871742
62662,0.239258,1.253918
61078,1.261571,1.861852
31853,1.694365,2.599927
40584,2.033332,2.970055
44407,2.376472,3.390162
36353,1.797579,2.645922
15844,2.095135,3.082464
291234,1.727663,2.798494
15857,3.190678,4.088919
40850,1.349931,2.026331
10144,1.497443,2.540056
22313,1.75035,2.753175
39196,1.283404,2.619727
24321,1.187124,1.723188
192706,1.422848,2.758286
92361,2.161778,2.827843
262807,0.648371,1.593597
81060,1.936441,2.8355
39137,2.22479,3.197539
280056,2.363924,3.241434
421983,2.720329,3.618811
29270,2.331322,3.239767
27315,2.02424,3.130299
60957,0.081779,1.238134
280433,2.349391,3.621623
59999,2.988982,4.337002
401828,2.635787,4.069884
14321,1.656823,2.809457
68511,0,0.447406
1032,1.875344,2.930298
50325,1.351037,2.861712
245752,2.920551,4.176096
49015,2.180321,3.401987
29282,1.489616,2.27473
173756,2.373858,3.686072
23563,1.616006,2.885102
247315,2.13782,3.411349
247316,2.602112,3.935821
247317,2.402748,3.694668
247318,2.472847,3.789729
280098,1.786232,3.039781
31867,1.583436,2.833721
202400,2.514502,3.941651
63203,2.298892,3.675403
153372,0.569591,2.100798
66280,1.450178,3.198998
33630,0.627477,1.648988
420138,1.569821,2.548969
78011,2.889988,4.565537
98978,1.351633,2.599313
88376,2.37759,3.676375
88377,2.237779,3.545208
88378,2.238931,3.529549
980,2.659451,3.977051
63204,2.652442,4.03196
14159,2.665361,3.86319
6141,1.417581,2.518658
25018,1.578662,3.279452
404761,2.178128,3.237938
25020,1.622308,3.115977
97584,0,0.42973
248087,0.231135,1.631521
6157,0.391848,1.95
16646,2.311255,3.299174
1108,1.832447,3.335066
75338,2.622832,3.702733
202028,1.905372,2.697259
416999,0.142312,1.69178
36637,2.423905,3.736535
49624,1.898321,2.676136
74859,1.244746,2.620437
411401,1.362327,3.109219
202325,2.030695,3.601337
24819,2.801517,4.254138
72297,2.597108,4.058076
38382,2.294137,3.467592
6161,2.002129,3.222763
15102,1.078758,2.444038
20344,2.391175,3.384119
20345,2.369434,3.376026
71549,2.270336,3.612592
407327,2.674207,4.421017
246598,0.243897,3.574819
24855,2.528332,3.746882
202827,1.574683,2.306974
163817,0.84489,1.459686
250508,1.981602,4.034867
66277,2.882242,4.005094
424579,1.299347,2.276769
424580,1.487818,2.503952
95948,0.655541,1.048111
86492,2.038848,2.767912
25700,2.392874,4.030512
15852,2.830823,3.73488
80802,1.090984,2.856266
247807,2.807796,4.143276
33881,2.075648,2.873378
51016,3.839635,4.754414
237872,2.043764,2.97245
40469,0.43991,1.383627
418458,2.745702,3.636501
50707,0,0.049967
34630,1.729746,3.109696
245004,0.054848,1.518209
100196,2.928595,4.228881
33903,1.175272,1.905751
100790,0.033388,0.186794
31721,2.458973,3.553154
36111,0.725447,1.565312
68346,1.223337,1.939616
67503,2.54845,3.585359
413384,0.39133,0.856724
201036,0,0.205003
412358,2.755168,3.646314
152544,0,0.849439
2277,0,1.013272
2267,1.872449,2.714658
411216,2.227026,3.203995
24805,2.302719,3.143483
2450,2.056035,3.300368
62139,1.289731,2.633998
78682,0.780468,1.330101
162047,1.535525,2.584444
27949,1.5312,2.580037
28624,1.533329,2.582881
51841,1.642937,2.816176
152276,0.92786,2.283045
196158,0.340463,0.82674
262105,2.311379,3.477219
39607,2.663281,3.67666
249504,1.006276,2.684066
16536,0.291001,1.98848
24816,1.059869,1.742138
154894,0,0.401209
153530,1.706915,3.056483
153531,1.846445,3.326125
153532,1.812034,3.324648
27047,0.969035,2.577727
186724,0.990966,1.899045
6325,1.190389,1.941554
183450,0.583472,2.615565
182762,1.852211,3.205185
201256,1.74343,3.094581
8150,0,0.704067
22382,2.844583,4.408661
80212,1.506324,2.327236
15073,3.992089,5.255107
16619,0.438061,1.897664
60780,2.669027,3.626665
16806,1.344467,2.311968
811,2.463354,3.449759
93377,2.963973,4.024318
202214,0,0.786542
31485,2.060232,3.067772
416646,1.258374,3.06127
16537,0,0.272722
2276,1.164549,2.635832
415748,0.52757,2.461844
40754,2.265587,3.239417
280293,2.090259,3.551723
109298,0.910207,2.869078
245905,2.634574,3.858736
25548,2.878254,3.949102
84567,0.499622,1.654853
86488,2.501461,3.461541
16172,3.542993,4.955299
150387,2.815701,4.370724
59760,2.626579,4.16267
81851,2.615763,4.150921
2147,0.815647,1.409277
163230,0.919749,1.760334
60507,2.248129,3.777146
67522,0.165199,1.030737
20293,1.858912,3.226257
109190,2.954389,4.379073
8212,2.73956,3.655414
61399,2.766158,3.750211
249505,0.856587,2.688331
2355,2.975228,4.127111
81387,1.92067,3.109918
30711,0.795811,1.715161
30712,2.791759,3.863811
61427,2.931446,3.92422
61429,2.839268,3.827344
88135,1.659764,3.212888
35339,0.306897,1.194502
62643,1.318663,2.655455
74540,2.764889,4.441753
75595,1.138392,1.877791
154716,2.566803,4.14472
54078,2.17638,2.976862
23600,1.016477,1.612516
170845,3.399954,4.445105
22215,0.661181,1.659627
15206,1.506325,2.883884
90847,2.139301,3.607856
27119,1.436319,2.191559
24193,2.781953,4.270271
241176,2.198487,3.683734
16388,2.917356,4.250332
601,2.885001,4.218074
14242,2.571967,4.0208
2886,2.761895,3.534887
29359,2.941221,3.802091
72285,2.013363,3.064957
32684,2.320107,3.248668
156236,1.79576,2.564567
240868,2.179332,3.255189
23776,2.970852,3.857279
418459,2.99826,3.960505
79410,2.113471,3.000838
92317,2.218088,3.326853
59109,2.805157,3.550067
89432,0,0
415451,0,0
73974,0,0
421341,0,0
410665,0,0
8011,0.574508,1.967012
172558,0,0
290597,0,0
26521,0,0
76968,0.169338,1.745002
59924,0,0
24038,0,0
20749,0,0
23651,4.623514,6.453673
164633,0,-0.3649660000
33255,3.859971,5.796717
30538,5.892402,7.891542
150277,0,0
245565,0,0
32630,2.173756,3.469397
188422,5.684895,7.305842
166331,6.185576,8.026439
166337,6.284339,8.087956
166345,6.332935,8.140839
173078,6.136453,7.988102
36340,0,0
164048,5.394428,7.309835
164049,5.394273,7.297219
164050,5.590672,7.506938
181006,6.169857,8.096884
181008,6.21108,8.048023
26830,5.891191,7.809505
152758,3.208544,4.587367
151883,3.655775,5.255521
170772,3.158464,4.855104
180175,3.629658,5.238612
23815,4.631346,6.335719
28288,6.152662,8.011434
16229,4.896463,6.558049
42697,4.753634,6.414903
22216,4.902418,6.636605
79404,3.881323,5.535433
24078,3.39865,4.868773
27100,3.561742,5.206369
99420,5.587732,7.346558
159272,4.966083,6.91905
262932,5.597504,7.450351
417475,5.424111,7.208303
418006,5.626477,7.480158
93121,0,0
97546,5.474514,7.293085
33885,4.188737,5.694378
67676,3.257509,4.744214
38029,4.946424,6.673267
21080,3.929675,5.480182
62095,6.130839,7.980456
172780,5.01015,6.666806
172781,4.874168,6.797024
201750,3.483559,5.34879
157186,4.994645,6.785732
24766,5.138224,6.893978
30119,4.206662,5.974825
33532,3.884295,5.035648
160296,4.150297,5.788763
185709,4.54803,5.985132
100395,4.998391,6.828885
100450,4.958796,6.814403
167293,5.446113,7.375783
18204,3.846206,5.124649
14270,4.053173,5.758751
2817,3.759541,5.458269
34803,3.249339,4.783942
167316,4.947751,6.674441
74607,4.568016,6.295984
245370,3.941468,5.432838
181883,0,0
412392,3.371378,4.945521
16514,3.82947,5.758533
200229,3.826513,5.738276
423937,3.021095,4.873908
50673,2.968504,4.831459
155917,4.111082,6.993539
202862,3.383016,5.197929
75927,4.157311,6.043998
16762,3.648107,4.777555
413150,3.847343,5.127894
37187,3.515236,4.630348
31879,4.58472,6.289312
23316,3.051796,4.300801
29534,3.292106,5.105147
2887,3.220539,5.003832
202249,3.322757,4.487642
187098,0.168997,0
420296,3.24508,5.013541
420297,3.526982,5.352765
10400,3.690532,4.711199
248274,4.015177,5.101905
420295,4.039163,5.924329
14327,3.260817,5.149174
413151,3.066499,4.214945
82092,0,0
411864,0,0
411333,0.558785,1.564499
2641,3.299117,4.461295
59849,5.485543,7.233285
61354,6.528319,8.388584
15383,4.548173,6.343239
200891,5.358479,7.09595
9105,5.250463,7.039469
100015,5.268122,7.05359
44162,5.265501,7.05728
402404,3.390472,4.938013
20097,6.042639,7.806291
30282,5.224012,6.934597
280076,4.764238,6.458952
419180,3.605118,5.386334
417031,4.489594,6.215421
24656,5.149179,6.991214
79721,5.098989,6.941816
24036,5.170164,6.99626
203226,4.963573,6.658985
155112,3.601329,5.019564
409942,5.728678,7.513431
423027,5.546402,7.29965
15967,4.454754,6.156281
91545,4.553384,6.223742
84855,4.259603,5.493321
419469,6.471796,8.285959
412710,6.327821,8.475414
14361,3.993664,5.810452
412659,5.728075,7.548705
2833,4.757963,6.396489
185672,4.207923,5.549713
249206,3.582874,4.764721
27404,7.121015,9.034399
424545,5.210312,7.014961
68475,5.672291,7.381211
99049,4.929618,6.610038
69163,0,0
172759,0,0
40287,4.325766,5.909878
66035,3.90997,5.403711
158389,4.403424,6.182024
166091,4.393441,6.237686
261703,3.229909,4.933727
2751,2.665147,4.048379
79628,2.51471,3.941353
88592,2.640922,4.028405
92180,2.666068,4.05103
40285,5.270758,7.025116
85054,0,0
195973,0,0
60660,3.091382,4.982752
23276,3.301365,4.516332
173889,0,0
43799,0,0
75994,0,0
50275,0,0
66344,0,0
30660,2.222387,1.361396
72269,0,0
94312,0.249462,0.669468
15520,0,0
160287,0,0
172175,0,0.091153
172176,0,0
6245,4.539245,6.133302
27049,0.325554,1.883683
97459,3.127463,4.620328
23743,4.492593,6.066554
33730,5.951653,7.785113
155511,4.585224,6.059343
166845,3.261728,4.757762
15486,4.766867,6.388706
2394,5.438068,7.277815
80067,4.354034,6.071903
68714,0,0
189053,0,0
54725,0,0
202750,0,0
100313,4.765202,6.40298
28476,4.623598,6.20885
81849,2.427259,3.914833
39707,3.103825,4.603107
159409,0,0
72480,3.319247,4.726492
95193,4.667362,6.160752
37069,3.222398,4.377228
79810,0,0
100791,0,0
100792,0,0
1449,3.471282,4.896896
69450,5.223787,6.922389
100689,3.326391,4.740928
87118,3.407647,4.799136
391435,4.1527,5.420508
166900,4.006647,5.478863
166901,4.043707,5.50777
16028,3.009771,4.292534
74686,0,0
50445,6.068525,7.885094
15362,4.146132,5.743063
100404,5.852689,7.734014
1291,6.023349,7.929191
33808,3.095574,4.53287
26179,4.108437,5.672513
65247,3.69012,5.275405
181885,0,0
62479,0,0
419606,0,0
423915,0,0
24096,3.113753,4.304606
261432,0,0
407294,3.217038,4.333456
263051,0,0
10481,0,0
181425,0,0
89453,2.722783,3.895156
94334,2.175446,3.396097
9622,0,0
163387,0,0
155234,3.489883,4.797294
167074,3.888214,5.108673
74769,4.124665,5.539006
73299,3.035697,5.068573
34105,4.692424,5.991469
74767,3.82052,5.200373
15222,3.057398,5.093367
1302,4.41882,6.068606
74768,3.977724,5.377755
76966,3.369817,4.716495
419384,4.257597,5.724544
61158,4.218755,5.812752
67264,4.339291,5.792249
418452,4.197583,5.506428
150,5.009342,7.193598
161818,4.251967,6.225013
18164,5.020215,7.038747
280991,4.17331,6.140544
52152,4.174402,6.145955
83607,4.955496,6.934297
33662,0,0
14156,3.164576,4.786999
662,3.703349,5.436568
66943,3.604241,5.321961
96486,3.724427,5.70511
245388,4.357432,6.094499
245392,4.178562,5.835367
245393,5.070461,6.8235
245394,5.160866,6.940127
245395,3.055863,4.515537
245396,4.361731,6.025204
245397,4.787026,6.387643
245398,4.654853,6.332092
245399,5.105558,6.886262
245400,5.997108,7.83229
245401,5.81235,7.646001
245402,5.426503,7.188804
245403,5.451503,7.242393
245404,4.768009,6.393563
245405,5.067059,6.826563
156763,4.957943,7.002078
94588,4.963731,7.007739
281361,3.97652,5.778527
81004,3.593749,5.39764
173985,3.419349,4.628469
247489,3.325542,4.766286
36554,3.358389,4.788219
14155,3.265929,4.950881
414122,3.089319,4.758826
202793,4.440762,6.378756
100679,4.127429,5.794846
91714,0,0
246004,3.100153,4.890446
170029,3.289605,5.080124
165560,4.152704,5.88665
414408,5.305642,7.425898
401780,4.360374,6.962193
173993,3.778398,5.558917
171458,3.366499,5.219704
190774,3.326235,4.446033
163580,4.248675,6.008583
109665,3.511141,4.82258
74196,4.003483,5.347772
260404,3.351132,4.678543
59895,3.446733,4.523923
403086,3.254857,4.965834
64951,4.46859,6.250176
159026,0,0
159031,0,0
246082,0,0
51202,0,0
18306,3.653422,5.05703
173278,1.346225,3.038901
159880,4.242455,5.670152
201537,4.849597,6.542884
40658,3.48192,5.34895
87694,4.718238,6.374717
98727,4.737697,6.410598
151593,2.345512,3.752803
27777,0,0
29204,2.946553,4.520539
260238,3.210981,4.424235
56094,3.37256,4.933837
97463,4.06366,5.680671
6159,0,0
159702,5.953616,7.754818
171053,5.986033,7.895298
171054,5.51525,7.444511
79527,5.695543,7.487003
15869,3.925264,5.386751
87498,4.801041,6.624408
260041,3.333087,4.584126
173459,3.482539,5.15663
16616,4.723387,6.427085
166637,4.223901,5.845773
22225,5.523617,7.288699
156409,0,0
54155,3.425819,4.739369
81100,3.309273,4.757694
16362,3.306753,4.925307
262323,3.112039,4.473272
200202,5.538789,7.293927
4442,4.759016,6.434898
418946,5.290593,6.835076
15989,2.8786,4.404655
262711,2.082175,3.456688
33667,0,0
28954,0.934908,2.470591
67911,2.889732,4.236386
71028,1.384981,3.11178
20873,1.002749,2.544966
260975,4.241905,6.124979
200743,4.371931,6.231378
69297,0.376999,1.760535
155761,0,0
75605,2.025959,3.53344
180008,0,0
280951,3.09886,4.693807
412069,0,0
28931,0,0
78536,2.702689,4.070767
9100,0,0
33566,5.343389,7.177193
63364,5.488647,7.398375
16690,5.550238,7.24461
26408,5.483974,7.174123
9483,5.176079,6.841591
33562,5.132977,6.951158
35111,5.513371,7.508905
165579,5.770557,7.890247
26684,5.616187,7.420055
172567,5.217192,7.218352
200405,5.451376,7.450437
33567,4.484292,6.232289
60586,5.101185,6.529515
10283,5.293663,6.954858
416751,3.365298,4.666058
76434,4.343913,5.679408
33565,5.196275,7.019754
63363,5.45299,7.411086
33564,4.60958,6.277995
2137,0.255031,1.229878
261619,5.263352,7.35875
33289,3.832534,5.273818
54028,5.556041,7.102827
30292,0,0
24029,2.632872,3.552903
40286,4.312954,5.799177
61157,5.230796,6.988163
12111,0,0
54027,5.568402,7.110505
71444,5.559235,7.10094
71445,5.55351,7.099759
23492,0,0
85053,0,0
30204,3.23437,4.395651
163255,0.833351,2.680285
23971,0,0
56285,0,0
64754,3.060801,4.579209
88581,3.159714,4.241109
97758,3.05611,4.554903
159511,3.230285,4.044436
193886,0,0
108903,0,0
238834,0,0
30224,3.153297,4.311483
173875,0,0
245595,0,0
36213,0,0
65219,0,0
246081,0,0
6132,3.015439,4.446787
290592,2.555695,4.000919
93212,0,0
85055,0,0
155503,0,0
155506,0,0
155504,0,0
183639,0,0
491,0,0
280909,4.973855,6.476317
72817,4.109212,5.438318
74505,4.247803,5.593516
365,3.645695,4.935947
72634,0,0
9278,4.317896,5.708115
280066,3.122002,4.491543
67345,3.957917,5.416939
66115,5.048889,6.753777
66526,3.798252,5.655735
200866,5.109562,6.643183
26895,0,0
26726,3.51781,5.847903
281354,3.771232,5.144258
161678,3.574792,5.056972
411665,3.195338,4.638801
80751,0,0
71683,0,0
68676,0,0
184010,5.117924,6.693778
422562,4.760836,6.323964
45512,4.17898,5.736839
15159,3.604344,5.070315
99545,4.519081,6.359198
47193,6.147086,8.035883
20263,3.991547,5.484606
162004,3.155027,4.689532
245138,3.147572,4.682836
109332,3.047241,4.148779
99495,3.510512,5.098122
63681,3.164705,5.974662
24382,6.728887,8.843573
411510,3.175126,5.105525
19019,3.247069,4.323286
21099,3.296432,4.448437
100562,4.581796,6.453499
184004,4.97828,6.617633
76426,5.03711,6.569742
32568,7.077876,9.210899
48148,5.244339,6.985567
12110,3.989108,5.395264
88415,4.233715,5.631489
62968,5.88472,7.951292
82162,3.357276,4.618034
66514,5.590634,7.625622
4076,3.520468,4.761555
415421,3.394928,4.855536
415424,3.333319,4.85993
32569,7.388466,9.586921
16867,3.552602,5.17023
248122,5.583747,7.527292
67157,3.814638,4.967542
28345,0,0
171656,0.75296,0
78850,0,0
78849,0,0
109150,0,0
409671,3.23279,4.916473
420004,3.334893,5.023403
153307,3.379569,5.298993
153308,3.454002,5.130833
51036,3.448873,5.128773
76047,0,0
18152,3.080138,4.687925
28388,3.722872,5.405412
18187,3.650565,5.127992
201775,4.233086,6.153432
97550,4.232347,6.129398
155086,3.559911,5.115929
81106,2.71327,4.132557
261175,3.773706,5.10277
202080,3.85366,5.702578
100403,3.393571,5.153388
65177,3.962265,5.725166
65175,3.390682,5.082356
171825,2.344619,4.021693
200415,3.515757,5.254905
41415,3.221034,4.978068
56382,3.378143,5.066766
68382,2.578335,3.974943
29262,3.823902,5.63139
422883,3.510297,5.177404
260278,3.824761,5.226928
74876,3.713703,5.689953
240989,3.587484,5.344988
421470,3.156883,4.437193
201282,3.455177,4.974889
34888,4.565254,6.251276
41231,3.375909,5.144081
61046,3.123119,4.733418
169980,0,0
79031,4.698168,6.587781
95472,4.196127,5.957753
95471,4.284791,6.028548
95470,4.527071,6.281964
95469,4.369108,6.113886
15167,4.323896,6.063422
15008,0,0
20285,0,0
50447,3.811916,5.012873
47114,4.809578,6.518217
35155,5.167741,6.965554
74567,4.759424,6.499422
47115,4.667203,6.321304
95473,4.255474,5.998309
15366,4.560675,6.367211
203206,0,0
95474,4.590523,6.347566
75244,6.172899,7.91872
174106,2.708635,3.789172
161594,3.784445,5.266355
161595,3.706539,5.194205
161597,4.046407,5.542522
162930,4.223419,5.740775
164621,4.132945,5.622763
84280,4.148555,5.65834
89384,3.969615,5.454908
89385,4.040156,5.523998
89386,3.716634,5.191914
187732,5.402324,7.156631
31177,5.252355,6.998844
180185,4.416084,5.969425
180186,3.260373,4.620475
159794,0,0
14344,3.559212,4.898802
201817,3.611446,5.056714
202679,3.636465,4.939306
33664,0,0
76967,0,0
409896,3.312673,4.412862
417355,3.39878,4.7845
418336,3.066455,4.357274
417477,3.467301,4.779809
417479,3.311418,4.71284
415821,3.166501,4.423203
100695,3.091121,4.635599
72569,3.424497,4.962099
63570,0,0
245005,0,0
61217,0,0
261371,0,0
45974,0,0
27001,3.847757,5.266709
68533,0,0
73807,0,0
2462,3.103803,4.503415
26148,4.786315,6.507008
72501,3.915632,5.257772
61,3.427465,4.721091
155495,0,0
160698,0,0
419880,0,0
150842,4.011964,5.414679
16870,3.083453,4.458856
61378,0,0
60762,4.876836,6.227372
425886,3.892272,5.272449
65640,3.585932,4.782383
16264,3.600927,5.029359
27956,3.482577,5.389963
79781,5.147626,6.918712
81691,3.601573,5.482238
150840,4.705261,6.226413
16701,3.163005,4.430777
82843,5.251281,6.851202
8200,3.548823,4.988631
34169,5.169627,7.052792
54024,3.507162,5.879967
31201,4.601517,6.375368
279579,3.354457,4.461089
158801,3.904954,5.486434
245610,0,0
14024,3.249995,4.608876
2155,4.401792,6.022034
418250,3.184621,5.278762
17064,3.410646,4.933091
37138,4.004869,5.542548
67714,0,0
55721,3.229838,4.501545
27331,3.359208,4.90524
93099,0,0
75569,0,0
99538,4.178267,5.830488
28908,0,0
98416,0,0.962002
419666,4.804087,6.312262
79340,0,0
202189,0,0
31640,3.112527,4.223572
62134,3.00231,4.583393
280203,3.522201,4.930193
249209,0,0
10104,0,0
109059,3.430389,4.845651
173372,0,0
100099,0,0
22207,0,0
100098,0,0
151917,0,0
81237,3.409216,4.837955
68494,3.25448,4.371033
165326,0,0
165327,0,0
67981,3.070138,5.121975
94492,3.410136,4.839172
164853,0,0
48007,0,0
45511,4.210603,5.734791
35012,0,0
24051,2.139107,3.781714
84226,3.720552,5.15465
9129,1.211642,2.191405
1318,3.30125,4.664442
181879,0,0
181880,0,0
181884,0,0
100402,5.147177,6.915768
94893,3.896903,5.48854
153806,6.049584,7.993071
23723,6.086697,7.939452
14196,3.613002,4.971805
280481,5.197232,6.940156
69300,5.289911,7.054144
245516,5.253704,7.00682
1897,3.404657,4.770669
75264,3.770904,5.196598
10257,5.910264,7.737136
20208,5.821542,7.631078
279592,3.0658,4.697408
108819,3.447874,4.793903
62137,4.331626,5.680391
73835,4.092501,5.690593
15631,3.5117,5.215334
74950,4.356664,5.861042
65176,4.559378,6.228002
28131,3.863361,5.518054
20418,3.373451,4.728087
494,4.014669,5.413408
156592,5.466983,7.378653
26489,4.632965,6.417606
31176,5.826185,7.744494
34163,4.655411,6.481109
80669,4.535436,6.356036
16759,5.514582,7.471116
27130,5.555635,7.51302
109068,3.116595,5.085113
22357,3.213169,4.585423
402917,3.023157,4.198969
40345,1.01319,2.62272
162406,4.782838,6.649855
30962,4.665413,6.434435
81132,4.619461,6.403424
20295,5.340664,7.211041
31005,5.125138,6.921284
9849,5.197936,7.032677
91748,3.443076,4.968539
65301,4.169374,5.765929
62801,1.799916,2.648623
51014,3.051496,3.799092
166514,0,0
151971,3.737974,5.143526
44523,4.095353,5.500386
174205,0,0
174206,0,0
174207,0,0
183199,4.256198,5.662978
24904,4.120976,5.525132
23700,3.436357,4.821624
152123,0,0
48213,3.094007,4.467417
414554,3.619185,4.992961
280130,1.62015,2.77324
40962,0,0
92839,0,0
66540,5.18078,6.416405
247311,2.38758,3.700369
28152,3.097357,4.499973
170347,0,0
2740,4.293624,5.839123
15440,5.017518,6.821603
174021,5.16247,6.986907
88375,2.643443,3.959161
245608,0,0
185930,0,0
78831,3.285764,4.588813
172608,0,0
31816,4.899327,6.37962
15476,4.11629,5.520046
37094,4.265681,5.723002
89638,4.132682,5.45703
24664,4.203995,5.878543
100458,5.088081,6.900578
27955,5.182372,6.935973
28056,5.096241,6.908939
81504,5.13952,7.001731
150706,3.32354,5.23145
44524,5.021369,6.518239
34669,4.491834,6.175313
34688,4.512611,6.207136
80378,4.464715,6.176892
88662,4.499109,6.184385
98564,4.49721,6.187997
413049,5.153455,7.070075
81134,4.766489,6.575659
171374,3.539065,5.928828
85063,3.42757,4.826581
16743,4.622666,6.374023
49746,0,0
411442,3.016256,4.52045
85551,4.508485,6.278296
200854,3.445952,4.908201
88723,0,0
109191,3.377883,4.903716
100176,3.455891,4.950549
51144,3.293002,4.827401
51147,3.133788,4.677054
36290,3.224891,4.71011
36277,0,0
71859,0,0
74998,0,0
71964,0,0
93507,0,0
191794,0,0
23487,0,0
16691,3.25389,4.544161
15809,0,0
74996,0,0
100642,3.786206,4.667121
30433,4.029194,5.141984
247303,0,0
29055,0,0
153160,3.815684,4.771795
79704,3.500759,4.858957
56798,3.178281,4.31952
411220,5.791577,7.669511
90939,4.374078,5.843686
62593,3.984354,5.338817
78983,3.195806,4.546625
71299,0,0
154582,3.051898,4.239566
16629,5.086686,6.828312
30993,3.255266,4.387204
35360,3.719349,4.93563
109078,0,0
162045,1.60434,2.764814
262090,1.535356,2.584738
31961,0.285517,1.983074
96419,0,0
96420,0,0
96421,0,0
2301,3.511059,4.916427
78627,0,0.292042
82981,0,0
86940,0,0
159881,3.677109,4.974393
419386,3.805856,5.100624
163221,3.764247,5.059131
61341,4.227697,5.594003
261228,3.886398,5.54182
158515,4.317127,5.743519
158516,4.233955,5.655154
1861,4.19203,5.704297
424825,1.719512,3.072174
27118,0,0
183451,0,-0.0565280000
183452,0,0
183453,0,0
74396,3.332872,4.529656
650,3.797373,5.380021
89355,3.599175,5.134038
89356,3.74623,5.278011
89365,3.382063,4.904946
16937,3.568397,4.760535
20903,0,0.769515
161677,3.892504,5.460327
62977,4.006465,5.26749
263049,0,0
82204,0,0
100625,4.200505,5.563416
4418,1.344232,2.31173
30076,0,0
78846,0,0
73298,4.05359,5.412505
203159,4.936878,6.6816
60929,3.845179,5.756272
183200,4.699938,6.214593
75152,0,0
245904,3.757809,4.953228
245906,4.272705,5.492107
92608,5.917283,7.791115
59944,3.903282,5.231287
16748,4.616436,6.370519
2456,4.954839,6.816588
109192,3.98201,5.552778
47004,3.504805,5.452107
99383,3.271716,4.616268
99384,3.284046,4.589963
35667,4.349112,5.97755
36041,4.475036,6.123288
187838,3.643928,5.01959
187839,3.331122,4.827481
9147,3.459265,4.839738
9582,4.744622,6.542942
84245,2.809907,4.359342
2840,3.387461,4.361441
71325,0.178368,1.042863
155425,4.28502,5.752691
20265,4.009665,5.53295
55442,0,0
201743,2.513955,0
203048,0,0
35757,3.165839,4.38314
35101,3.31615,4.349603
171567,4.11109,5.978758
23444,0,0
157435,0,0
161127,0,0
280041,5.421249,7.245385
36040,5.222263,7.231699
48205,0,0
15308,0,0
63639,2.941886,3.937095
51023,0,0
245796,0,0
36165,0,0
154717,3.015705,4.430917
262843,3.112813,4.480923
240875,3.107944,3.595295
26532,3.242703,4.592772
19047,5.466156,7.517107
423437,4.950619,7.008443
30583,3.319204,5.205814
170847,3.335556,4.070979
24153,4.485321,5.896712
51095,4.352592,5.978066
411664,3.321768,4.843582
83189,0,0
172017,0,0
164148,4.717548,6.414055
28004,4.613684,6.298291
33721,5.146206,6.869337
74778,5.149029,6.872194
84805,2.779241,4.266131
23731,3.266581,4.774369
174069,3.450889,4.901012
42702,2.572134,4.020701
966,3.265037,4.241504
184780,5.697923,7.508948
27554,4.187769,5.760761
32677,4.365369,6.011012
38271,4.613506,6.257164
