material_id,formula,spacegroup,eps_total_petousis,eps_elec_petousis,n_petousis,eps_total_exp,diel_ref,n_exp,n_ref,polycrystalline,n_sites,n_elems,bandgap_mp,eps_electronic_mp,eps_total_mp,n_mp,diel_elec_mp,diel_total_mp,diel_total_petousis,diel_elec_petousis,diel_total_exp,series,doi,wyckoff
mp-665,SnSe2,"['P-3m1', 164]","5.42,20.91","5.18,10.22",2.92,"9.97,21.47",[1],3.07,[1],False,3,2,0.8,"[[9.7701, 1.5971e-16, 0.0], [1.5971e-16, 9.7701, 0.0], [0.0, 0.0, 4.6526]]","[[20.2725, 3.3139e-16, 0.0], [3.3139e-16, 20.2725, 0.0], [0.0, 0.0, 4.8516]]",2.8398,8.0643,15.1323,10.5833,6.86,13.8033,Petousis 2017,10.1038/sdata.2016.134,A2B_hP3_164_d_a:Se-Sn
mp-3953,CaCO3,"['R-3c', 167]","7.34,9.07","2.31,2.92",1.65,8.00 ,[2],1.56,[2],True,10,3,5.05,"[[2.9238, 7.7075e-07, 2.8043e-07], [7.7075e-07, 2.9238, 7.7705e-08], [2.8043e-07, 7.7705e-08, 2.3161]]","[[9.0009, 2.3727e-06, 8.8710e-07], [2.3727e-06, 9.0009, 2.3921e-07], [8.8710e-07, 2.3921e-07, 7.3266]]",1.6496,2.7212,8.4428,7.9167,2.5133,8.0,Petousis 2017,10.1038/sdata.2016.134,ABC3_hR30_167_a_b_e:C-Ca-O
mp-672,CdS,"['P6_3mc', 186]","9.75,10.40","6.07,6.12",2.47,"8.70,9.25",[3],2.54,[4],False,4,2,1.1162,"[[6.0495, -5.5145e-17, 0.0], [-5.5145e-17, 6.0495, 0.0], [0.0, 0.0, 6.1252]]","[[9.7578, -8.8949e-17, -1.1293e-21], [-8.8949e-17, 9.7577, -1.1293e-21], [-1.1293e-21, -1.1293e-21, 10.4314]]",2.4647,6.0748,9.9823,9.9667,6.0867,8.8833,Petousis 2017,10.1038/sdata.2016.134,AB_hP4_186_b_b:Cd-S
mp-1572,GaSe,"['P-6m2', 187]","4.59,10.62","4.40,7.52",2.55,"7.55,8.62",[2],2.81,[5],False,8,2,1.2567,"[[7.5460, -1.6306e-06, 0.0], [-1.6306e-06, 7.5460, 0.0], [0.0, 0.0, 4.3912]]","[[10.6996, -2.3121e-06, 0.0], [-2.3121e-06, 10.6996, 0.0], [0.0, 0.0, 4.5760]]",2.5484,6.4944,8.6584,6.6,5.44,7.9067,Petousis 2017,10.1038/sdata.2016.134,AB_hP8_187_gh_gi:Ga-Se
mp-4431,Ag3AsS3,"['R3c', 161]","9.10,22.29","6.77,8.45",2.81,"20.85,21.10",[2],2.94,[2],False,14,3,1.4941,,,,,,13.4967,7.33,20.9333,Petousis 2017,10.1038/sdata.2016.134,A3BC3_hR42_161_b_a_b:Ag-As-S
mp-2172,AlAs,"['F-43m', 216]",11.58,9.54,3.09,10.06,[6],3.1,[6],True,2,2,1.6871,"[[9.5107, 0.0, 0.0], [0.0, 9.5107, 0.0], [0.0, 0.0, 9.5107]]","[[11.5379, 0.0, 0.0], [0.0, 11.5379, 0.0], [0.0, 0.0, 11.5379]]",3.084,9.5108,11.5379,11.58,9.54,10.06,Petousis 2017,10.1038/sdata.2016.134,AB_cF8_216_a_c:Al-As
mp-20194,CeO2,"['Fm-3m', 225]",31.54,7.96,2.82,26.00,[3],2.4,[7],True,3,2,1.8797,,,,,,31.54,7.96,26.0,Petousis 2017,10.1038/sdata.2016.134,AB2_cF12_225_a_c:Ce-O
mp-3731,LiNbO3,"['R3c', 161]","23.58,41.22","5.19,5.54",2.33,"26.20,64.55",[2],2.25,[2],False,10,3,3.3768,"[[5.5422, 2.5161e-08, 3.9542e-25], [2.5161e-08, 5.5422, 5.4748e-18], [3.9542e-25, 5.4748e-18, 5.1939]]","[[41.4970, 1.8839e-07, 2.9606e-24], [1.8839e-07, 41.4970, 2.8151e-16], [2.9606e-24, 2.8151e-16, 23.5837]]",2.3294,5.4262,35.5259,29.46,5.3067,38.9833,Petousis 2017,10.1038/sdata.2016.134,ABC3_hR30_161_a_a_b:Li-Nb-O
mp-361,Cu2O,"['Pn-3m', 224]",9.63,8.79,2.96,7.30 ,[8],2.55,[9],True,6,2,0.5127,"[[8.7765, -7.0980e-27, -2.7517e-22], [-7.0980e-27, 8.7743, 0.0004], [-2.7517e-22, 0.0004, 8.7743]]","[[9.6205, -5.3052e-27, -2.0567e-22], [-5.3052e-27, 9.6181, 0.0004], [-2.0567e-22, 0.0004, 9.6181]]",2.9623,8.7751,9.6189,9.63,8.79,7.3,Petousis 2017,10.1038/sdata.2016.134,A2B_cP6_224_b_a:Cu-O
mp-5246,KNbO3,"['Amm2', 38]","6.19,16.41,24.04","4.80,5.28,6.16",2.33,"39.50,98.50,890.00",[2],2.26,[10],False,5,3,2.1256,"[[5.9061, 0.0, 0.0], [0.0, 4.8014, 0.0], [0.0, 0.0, 6.1535]]","[[13.0814, 0.0, 0.0], [0.0, 16.3956, 0.0], [0.0, 0.0, 6.1539]]",2.3707,5.6204,11.8771,15.5467,5.4133,342.6667,Petousis 2017,10.1038/sdata.2016.134,ABC3_mC10_38_a_b_ae:K-Nb-O
mp-10695,ZnS,"['F-43m', 216]",9.27,5.89,2.43,8.60,[2],2.35,[11],False,2,2,2.3504,"[[5.9035, 0.0, 0.0], [0.0, 5.9035, 0.0], [0.0, 0.0, 5.9035]]","[[9.3642, 0.0, 0.0], [0.0, 9.3642, 0.0], [0.0, 0.0, 9.3642]]",2.4297,5.9036,9.3643,9.27,5.89,8.6,Petousis 2017,10.1038/sdata.2016.134,AB_cF8_216_a_c:S-Zn
mp-886,Ga2O3,"['C2/m', 12]","11.27,11.39,13.75","4.08,4.18,4.20",2.04,10.05,[12],1.86,[12],True,10,2,2.0406,"[[4.0778, -4.1571e-07, 0.0212], [-4.1571e-07, 4.1704, -9.8829e-08], [0.0212, -9.8829e-08, 4.1900]]","[[11.3245, -1.1530e-06, -0.0042], [-1.1530e-06, 11.5128, -3.1837e-07], [-0.0042, -3.1837e-07, 13.8186]]",2.0362,4.1461,12.2187,12.1367,4.1533,10.05,Petousis 2017,10.1038/sdata.2016.134,A2B3_mC20_12_2i_3i:Ga-O
mp-2895,Mg2SiO4,"['Pnma', 62]","7.08,7.25,7.79","2.80,2.85,2.92",1.69,"6.74,6.87,7.39",[13],1.65,[14],False,28,3,5.1786,,,,,,7.3733,2.8567,7.0,Petousis 2017,10.1038/sdata.2016.134,A2B4C_mP28_62_ac_2cd_c:Mg-O-Si
mp-5342,GaAgS2,"['I-42d', 122]","10.29,10.50","7.12,7.20",2.67,"10.00,14.00",[2],2.25,[15],False,8,3,0.9622,"[[7.1767, 0.0, 0.0], [0.0, 7.1767, 0.0], [0.0, 0.0, 6.9662]]","[[10.3053, 0.0, 0.0], [0.0, 10.3053, 0.0], [0.0, 0.0, 10.4472]]",2.6658,7.1066,10.3526,10.36,7.1467,11.3333,Petousis 2017,10.1038/sdata.2016.134,ABC2_tI16_122_a_b_d:Ag-Ga-S
mp-408,Mg2Ge,"['Fm-3m', 225]",25.73,17.82,4.22,21.70,[16],5.0,[16],True,3,2,0.2505,,,,,,25.73,17.82,21.7,Petousis 2017,10.1038/sdata.2016.134,AB2_cF12_225_a_c:Ge-Mg
mp-315,PbF2,"['Fm-3m', 225]",33.01,3.29,1.81,28.35,[17],1.77,[18],True,3,2,4.44,"[[3.2894, -1.0983e-07, -6.6603e-07], [-1.0983e-07, 3.2894, -4.4928e-07], [-6.6603e-07, -4.4928e-07, 3.2894]]","[[33.2905, -1.1115e-06, -6.7406e-06], [-1.1115e-06, 33.2905, -4.5469e-06], [-6.7406e-06, -4.5469e-06, 33.2905]]",1.8137,3.2894,33.2905,33.01,3.29,28.35,Petousis 2017,10.1038/sdata.2016.134,A2B_cF12_225_c_a:F-Pb
mp-23251,KBr,"['Fm-3m', 225]",5.63,2.49,1.58,4.90 ,[3],1.56,[19],True,2,2,4.5151,"[[2.4929, 3.8684e-07, -1.3829e-07], [3.8684e-07, 2.4929, 2.0741e-07], [-1.3829e-07, 2.0741e-07, 2.4929]]","[[5.6790, 8.8126e-07, -3.1504e-07], [8.8126e-07, 5.6790, 4.7251e-07], [-3.1504e-07, 4.7251e-07, 5.6790]]",1.5789,2.4929,5.679,5.63,2.49,4.9,Petousis 2017,10.1038/sdata.2016.134,AB_cF8_225_a_b:Br-K
mp-22905,LiCl,"['Fm-3m', 225]",13.26,2.94,1.72,11.95,[3],1.66,[19],True,2,2,6.3951,,,,,,13.26,2.94,11.95,Petousis 2017,10.1038/sdata.2016.134,AB_cF8_225_a_b:Cl-Li
mp-470,GeO2,"['P4_2/mnm', 136]","11.55,17.30","4.43,4.56",2.13,"12.20,14.50",[20],2.02,[20],False,6,2,1.9072,,,,,,13.4667,4.4733,12.9667,Petousis 2017,10.1038/sdata.2016.134,AB2_tP6_136_a_f:Ge-O
mp-23703,LiH,"['Fm-3m', 225]",14.16,4.37,2.09,12.90,[3],1.98,[21],True,2,2,3.1751,"[[4.3634, -1.8278e-06, -1.2433e-06], [-1.8278e-06, 4.3634, 1.0587e-06], [-1.2433e-06, 1.0587e-06, 4.3634]]","[[14.2596, -5.9733e-06, -4.0631e-06], [-5.9733e-06, 14.2596, 3.4599e-06], [-4.0631e-06, 3.4599e-06, 14.2596]]",2.0889,4.3634,14.2596,14.16,4.37,12.9,Petousis 2017,10.1038/sdata.2016.134,AB_cF8_225_a_b:H-Li
mp-1550,AlP,"['F-43m', 216]",10.42,8.14,2.85,9.80,[22],2.88,[22],True,2,2,1.8232,"[[8.1426, 0.0, 0.0], [0.0, 8.1426, 0.0], [0.0, 0.0, 8.1426]]","[[10.4124, 0.0, 0.0], [0.0, 10.4124, 0.0], [0.0, 0.0, 10.4124]]",2.8535,8.1426,10.4125,10.42,8.14,9.8,Petousis 2017,10.1038/sdata.2016.134,AB_cF8_216_a_c:Al-P
mp-5229,SrTiO3,"['Pm-3m', 221]",8.63,6.43,2.54,300.00,[2],2.39,[23],False,5,3,1.8274,,,,,,8.63,6.43,300.0,Petousis 2017,10.1038/sdata.2016.134,A3BC_cP5_221_c_a_b:O-Sr-Ti
mp-14568,BaMgF4,"['Cmc2_1', 36]","8.38,8.45,19.48","2.20,2.27,2.30",1.5,"8.12,8.45,14.38",[2],1.46,[2],False,12,3,6.9487,"[[2.2693, 0.0, 0.0], [0.0, 2.3156, 0.0], [0.0, 0.0, 2.2992]]","[[8.4809, 0.0, 0.0], [0.0, 62.0879, 0.0], [0.0, 0.0, 8.3328]]",1.5148,2.2948,26.3006,12.1033,2.2567,10.3167,Petousis 2017,10.1038/sdata.2016.134,AB4C_mC24_36_a_4a_a:Ba-F-Mg
mp-19717,TePb,"['Fm-3m', 225]",335.37,26.51,5.15,414.00 ,[24],5.9,[24],True,2,2,1.0582,"[[26.2181, 0.0, 0.0], [0.0, 26.2181, 0.0], [0.0, 0.0, 26.2181]]","[[379.8380, 0.0, 0.0], [0.0, 379.8380, 0.0], [0.0, 0.0, 379.8380]]",5.1204,26.2181,379.8381,335.37,26.51,414.0,Petousis 2017,10.1038/sdata.2016.134,AB_cF8_225_a_b:Pb-Te
mp-22914,CuCl,"['F-43m', 216]",8.91,5.25,2.29,8.75,[2],1.97,[25],False,2,2,0.8018,"[[5.1084, -0.0023, 0.0023], [-0.0023, 5.1084, 0.0023], [0.0023, 0.0023, 5.1084]]","[[9.2781, -0.0043, 0.0043], [-0.0043, 9.2781, 0.0043], [0.0043, 0.0043, 9.2781]]",2.2602,5.1084,9.2782,8.91,5.25,8.75,Petousis 2017,10.1038/sdata.2016.134,AB_cF8_216_a_c:Cl-Cu
mp-691,SnSe,"['Pnma', 62]","27.93,37.91,56.64","16.44,18.33,20.06",4.28,"42.00,45.00,62.00",[1],4.1,[26],False,8,2,1.3338,"[[16.9372, 0.0, 0.0], [0.0, 15.2714, 0.0], [0.0, 0.0, 18.6711]]","[[32.3257, 0.0, 0.0], [0.0, 27.1293, 0.0], [0.0, 0.0, 46.3035]]",4.1182,16.9599,35.2528,40.8267,18.2767,49.6667,Petousis 2017,10.1038/sdata.2016.134,AB_mP8_62_c_c:Se-Sn
mp-1265,MgO,"['Fm-3m', 225]",10.68,3.21,1.79,9.20,[27],1.74,[28],False,2,2,4.638,"[[3.2083, 0.0, 0.0], [0.0, 3.2083, 0.0], [0.0, 0.0, 3.2083]]","[[10.7720, 0.0, 0.0], [0.0, 10.7720, 0.0], [0.0, 0.0, 10.7720]]",1.7912,3.2084,10.7721,10.68,3.21,9.2,Petousis 2017,10.1038/sdata.2016.134,AB_cF8_225_a_b:Mg-O
mp-684580,AgI,"['I-4m2', 119]","7.22,7.47","4.89,5.10",2.24,7.00,[29],2.2,[30],True,2,2,1.9047,"[[5.1029, 0.0, 0.0], [0.0, 5.1029, 0.0], [0.0, 0.0, 4.8906]]","[[7.4975, 0.0, 0.0], [0.0, 7.4975, 0.0], [0.0, 0.0, 7.2513]]",2.2433,5.0322,7.4155,7.3033,4.96,7.0,Petousis 2017,10.1038/sdata.2016.134,AB_tI4_119_a_c:Ag-I
mp-1138,LiF,"['Fm-3m', 225]",8.62,2.03,1.43,9.10,[2],1.39,[2],False,2,2,8.7195,"[[2.0356, -6.9598e-07, 7.1508e-07], [-6.9598e-07, 2.0356, 3.3637e-07], [7.1508e-07, 3.3637e-07, 2.0356]]","[[8.6891, -2.9707e-06, 3.0523e-06], [-2.9707e-06, 8.6891, 1.4358e-06], [3.0523e-06, 1.4358e-06, 8.6891]]",1.4268,2.0357,8.6891,8.62,2.03,9.1,Petousis 2017,10.1038/sdata.2016.134,AB_cF8_225_a_b:F-Li
mp-5238,GaCuS2,"['I-42d', 122]","11.16,12.05","8.76,8.89",2.97,"9.30,10.00",[2],2.77,[31],False,8,3,0.7026,"[[8.6518, 0.0, 0.0], [0.0, 8.6518, -9.1608e-19], [0.0, -9.1608e-19, 8.6409]]","[[11.0488, 0.0, 0.0], [0.0, 11.0488, 6.5363e-17], [0.0, 6.5363e-17, 11.8301]]",2.9408,8.6482,11.3093,11.4567,8.8033,9.5333,Petousis 2017,10.1038/sdata.2016.134,ABC2_tI16_122_a_b_d:Cu-Ga-S
mp-557,TeO2,"['P4_12_12', 92]","22.83,27.66","5.39,6.12",2.37,"22.80,24.80",[2],2.33,[32],False,12,2,2.8956,"[[5.3859, 0.0, 0.0], [0.0, 5.3859, 0.0], [0.0, 0.0, 6.1184]]","[[22.8166, 0.0, 0.0], [0.0, 22.8166, 0.0], [0.0, 0.0, 27.7647]]",2.3728,5.6301,24.466,24.44,5.6333,23.4667,Petousis 2017,10.1038/sdata.2016.134,A2B_tP12_92_b_a:O-Te
mp-23197,TlI,"['Pm-3m', 221]",154.71,6.60,2.57,29.60,[33],,,False,2,2,2.2503,,,,,,154.71,6.6,29.6,Petousis 2017,10.1038/sdata.2016.134,AB_cP2_221_a_b:I-Tl
mp-22862,NaCl,"['Fm-3m', 225]",6.28,2.49,1.58,5.90,[2],1.54,[19],False,2,2,5.1451,"[[2.4881, 0.0, 0.0], [0.0, 2.4881, 0.0], [0.0, 0.0, 2.4881]]","[[6.5302, 0.0, 0.0], [0.0, 6.5302, 0.0], [0.0, 0.0, 6.5302]]",1.5774,2.4881,6.5303,6.28,2.49,5.9,Petousis 2017,10.1038/sdata.2016.134,AB_cF8_225_a_b:Cl-Na
mp-2605,CaO,"['Fm-3m', 225]",16.45,3.78,1.94,12.10,[34],1.83,[35],True,2,2,3.6919,"[[3.7840, 2.0200e-07, -9.0419e-07], [2.0200e-07, 3.7840, 3.1131e-07], [-9.0419e-07, 3.1131e-07, 3.7840]]","[[16.4713, 8.7931e-07, -3.9358e-06], [8.7931e-07, 16.4713, 1.3551e-06], [-3.9358e-06, 1.3551e-06, 16.4713]]",1.9453,3.784,16.4714,16.45,3.78,12.1,Petousis 2017,10.1038/sdata.2016.134,AB_cF8_225_a_b:Ca-O
mp-981,SrF2,"['Fm-3m', 225]",7.59,2.21,1.49,7.69,[2],1.44,[2],False,3,2,6.7761,"[[2.2170, -7.4331e-07, -3.2662e-07], [-7.4331e-07, 2.2170, 1.4903e-07], [-3.2662e-07, 1.4903e-07, 2.2170]]","[[7.5432, -2.5290e-06, -1.1113e-06], [-2.5290e-06, 7.5432, 5.0708e-07], [-1.1113e-06, 5.0708e-07, 7.5432]]",1.489,2.217,7.5433,7.59,2.21,7.69,Petousis 2017,10.1038/sdata.2016.134,A2B_cF12_225_c_a:F-Sr
mp-682,NaF,"['Fm-3m', 225]",5.47,1.87,1.37,6.00,[2],1.32,[19],False,2,2,6.0951,"[[1.8669, -2.2779e-07, 2.2779e-07], [-2.2779e-07, 1.8669, 5.3165e-07], [2.2779e-07, 5.3165e-07, 1.8669]]","[[5.4609, -6.6631e-07, 6.6631e-07], [-6.6631e-07, 5.4609, 1.5550e-06], [6.6631e-07, 1.5550e-06, 5.4609]]",1.3664,1.867,5.4609,5.47,1.87,6.0,Petousis 2017,10.1038/sdata.2016.134,AB_cF8_225_a_b:F-Na
mp-4820,ZrSiO4,"['I4_1/amd', 141]","12.46,13.37","4.13,4.25",2.05,"10.69,11.25",[27],1.9,[36],False,12,3,4.4579,"[[4.3773, 6.1102e-08, 2.6724e-07], [6.1102e-08, 4.1249, -2.0265e-07], [2.6724e-07, -2.0265e-07, 4.1249]]","[[12.4069, 1.9675e-07, 8.6056e-07], [1.9675e-07, 13.2824, -6.5257e-07], [8.6056e-07, -6.5257e-07, 13.2824]]",2.0516,4.2091,12.9906,12.7633,4.17,10.8767,Petousis 2017,10.1038/sdata.2016.134,A4BC_tI24_141_h_a_b:O-Si-Zr
mp-2964,NaNO2,"['Imm2', 44]","3.95,4.97,6.99","1.82,2.12,2.72",1.49,"4.59,5.35,7.70",[2],1.52,[37],False,4,3,2.4755,"[[2.7146, 0.0, 0.0], [0.0, 2.1123, 0.0], [0.0, 0.0, 1.8160]]","[[7.0106, 0.0, 0.0], [0.0, 3.9806, 0.0], [0.0, 0.0, 4.9752]]",1.4881,2.2144,5.3222,5.3033,2.22,5.88,Petousis 2017,10.1038/sdata.2016.134,ABC2_mI8_44_a_a_c:N-Na-O
mp-804,GaN,"['P6_3mc', 186]","10.46,11.63","5.90,6.07",2.44,"9.50,10.40",[38],2.41,[39],False,4,2,1.7376,"[[5.8838, 8.1784e-17, 0.0], [8.1784e-17, 5.8838, 0.0], [0.0, 0.0, 6.0709]]","[[10.4634, 1.4544e-16, -5.6468e-22], [1.4544e-16, 10.4634, 2.8234e-22], [-5.6468e-22, 2.8234e-22, 11.6536]]",2.4385,5.9462,10.8602,10.85,5.9567,9.8,Petousis 2017,10.1038/sdata.2016.134,AB_hP4_186_b_b:Ga-N
mp-23193,KCl,"['Fm-3m', 225]",5.64,2.28,1.51,5.90 ,[3],1.49,[19],True,2,2,5.0448,"[[2.2807, -5.5789e-07, 5.3076e-08], [-5.5789e-07, 2.2807, 1.8999e-07], [5.3076e-08, 1.8999e-07, 2.2807]]","[[5.5774, -1.3642e-06, 1.2979e-07], [-1.3642e-06, 5.5774, 4.6461e-07], [1.2979e-07, 4.6461e-07, 5.5774]]",1.5102,2.2808,5.5775,5.64,2.28,5.9,Petousis 2017,10.1038/sdata.2016.134,AB_cF8_225_a_b:Cl-K
mp-149,Si,"['Fd-3m', 227]",13.07,13.07,3.62,11.50,[2],3.42,[2],False,2,1,0.8527,"[[13.0033, 0.0, 0.0], [0.0, 13.0033, 0.0], [0.0, 0.0, 13.0033]]","[[13.0033, 0.0, 0.0], [0.0, 13.0033, 0.0], [0.0, 0.0, 13.0033]]",3.606,13.0034,13.0034,13.07,13.07,11.5,Petousis 2017,10.1038/sdata.2016.134,A_cF8_227_a:Si
mp-1029,BaF2,"['Fm-3m', 225]",8.31,2.32,1.52,7.33,[2],1.47,[2],False,3,2,6.6235,"[[2.3178, 3.0240e-07, -2.1954e-07], [3.0240e-07, 2.3178, -2.7365e-07], [-2.1954e-07, -2.7365e-07, 2.3178]]","[[8.3361, 1.0876e-06, -7.8961e-07], [1.0876e-06, 8.3361, -9.8420e-07], [-7.8961e-07, -9.8420e-07, 8.3361]]",1.5224,2.3178,8.3362,8.31,2.32,7.33,Petousis 2017,10.1038/sdata.2016.134,AB2_cF12_225_a_c:Ba-F
mp-4515,Ag3SbS3,"['R3c', 161]","10.01,19.61","7.67,8.92",2.92,"21.70,24.70",[2],2.77,[40],False,14,3,1.3701,,,,,,13.21,8.0867,22.7,Petousis 2017,10.1038/sdata.2016.134,A3B3C_hR42_161_b_b_a:Ag-S-Sb
mp-2242,GeS,"['Pnma', 62]","18.02,18.41,22.34","11.08,11.38,11.75",3.38,"25.10,29.50,30.00",[1],3.89,[1],False,8,2,1.237,"[[10.8442, 0.0, 0.0], [0.0, 10.6045, 0.0], [0.0, 0.0, 11.5106]]","[[17.9692, 0.0, 0.0], [0.0, 16.3338, 0.0], [0.0, 0.0, 22.0142]]",3.3146,10.9865,18.7724,19.59,11.4033,28.2,Petousis 2017,10.1038/sdata.2016.134,AB_mP8_62_c_c:Ge-S
mp-1190,ZnSe,"['F-43m', 216]",10.68,7.35,2.71,9.12,[2],2.55,[41],False,2,2,1.6143,"[[7.3219, 0.0, 0.0], [0.0, 7.3219, 0.0], [0.0, 0.0, 7.3219]]","[[10.7149, 0.0, 0.0], [0.0, 10.7149, 0.0], [0.0, 0.0, 10.7149]]",2.7059,7.3219,10.7149,10.68,7.35,9.12,Petousis 2017,10.1038/sdata.2016.134,AB_cF8_216_a_c:Se-Zn
mp-22922,AgCl,"['Fm-3m', 225]",14.77,4.87,2.21,11.15,[42],2.07,[42],False,2,2,1.2003,"[[4.8743, -7.1334e-07, 7.1334e-07], [-7.1334e-07, 4.8743, 3.8892e-07], [7.1334e-07, 3.8892e-07, 4.8743]]","[[14.9205, -2.1835e-06, 2.1835e-06], [-2.1835e-06, 14.9205, 1.1904e-06], [2.1835e-06, 1.1904e-06, 14.9205]]",2.2078,4.8744,14.9205,14.77,4.87,11.15,Petousis 2017,10.1038/sdata.2016.134,AB_cF8_225_a_b:Ag-Cl
mp-22875,TlBr,"['Pm-3m', 221]",180.17,5.69,2.39,30.60,[43],2.27,[44],True,2,2,2.3615,,,,,,180.17,5.69,30.6,Petousis 2017,10.1038/sdata.2016.134,AB_cP2_221_a_b:Br-Tl
mp-22898,KI,"['Fm-3m', 225]",5.86,2.80,1.67,5.60,[2],1.67,[19],False,2,2,4.0433,"[[2.7953, 2.1832e-07, -7.6815e-07], [2.1832e-07, 2.7953, 8.7715e-08], [-7.6815e-07, 8.7715e-08, 2.7953]]","[[5.8913, 4.6012e-07, -1.6189e-06], [4.6012e-07, 5.8913, 1.8486e-07], [-1.6189e-06, 1.8486e-07, 5.8913]]",1.6719,2.7953,5.8914,5.86,2.8,5.6,Petousis 2017,10.1038/sdata.2016.134,AB_cF8_225_a_b:I-K
mp-8016,AlCuSe2,"['I-42d', 122]","10.29, 10.64","8.11, 8.15",2.85,"6.67, 8.28",[45],2.78,[45],False,8,3,0.8932,"[[8.0908, 0.0, 0.0], [0.0, 8.0908, 0.0], [0.0, 0.0, 8.0645]]","[[10.0173, 0.0, 0.0], [0.0, 10.0173, 0.0], [0.0, 0.0, 10.3424]]",2.8429,8.0821,10.1257,10.4067,8.1233,7.2067,Petousis 2017,10.1038/sdata.2016.134,ABC2_tI16_122_a_b_d:Al-Cu-Se
mp-571102,TlI,"['Fm-3m', 225]",21.47,5.49,2.34,20.80,[33],,,True,2,2,2.4361,"[[5.5145, 6.2928e-07, 4.6460e-07], [6.2928e-07, 5.5145, 8.3041e-07], [4.6460e-07, 8.3041e-07, 5.5145]]","[[21.1723, 2.4160e-06, 1.7838e-06], [2.4160e-06, 21.1723, 3.1882e-06], [1.7838e-06, 3.1882e-06, 21.1723]]",2.3483,5.5145,21.1723,21.47,5.49,20.8,Petousis 2017,10.1038/sdata.2016.134,AB_cF8_225_a_b:I-Tl
mp-22913,CuBr,"['F-43m', 216]",9.18,6.39,2.53,7.90,[2],2.15,[2],True,2,2,0.4871,"[[6.2591, 0.0, 0.0], [0.0, 6.2591, 0.0], [0.0, 0.0, 6.2591]]","[[9.0869, 0.0, 0.0], [0.0, 9.0869, 0.0], [0.0, 0.0, 9.0869]]",2.5018,6.2592,9.087,9.18,6.39,7.9,Petousis 2017,10.1038/sdata.2016.134,AB_cF8_216_a_c:Br-Cu
mp-3955,AlPO4,"['P3_221', 154]","4.55, 4.60","2.34, 2.37",1.53,"4.62, 4.73",[2],1.52,[2],False,18,3,5.6177,,,,,,4.5667,2.35,4.6567,Petousis 2017,10.1038/sdata.2016.134,AB4C_hP18_154_a_2c_b:Al-O-P
mp-23259,LiBr,"['Fm-3m', 225]",15.60,3.41,1.85,13.20,[3],1.78,[19],True,2,2,5.09,,,,,,15.6,3.41,13.2,Petousis 2017,10.1038/sdata.2016.134,AB_cF8_225_a_b:Br-Li
mp-5986,BaTiO3,"['P4mm', 99]","7.59, 19.44","5.74, 6.28",2.43,"138.50, 2445.00",[2],2.41,[46],False,5,3,1.8298,"[[6.2675, 0.0, 0.0], [0.0, 6.2675, 0.0], [0.0, 0.0, 5.1638]]","[[7.6526, 0.0, 0.0], [0.0, 7.6526, 1.3552e-20], [0.0, 1.3552e-20, 19.2430]]",2.4289,5.8997,11.5161,11.54,5.92,907.3333,Petousis 2017,10.1038/sdata.2016.134,AB3C_tP5_99_b_ac_a:Ba-O-Ti
mp-700,GeSe,"['Pnma', 62]","19.56, 20.87, 26.95","13.96, 14.45, 15.49",3.82,"21.90, 25.80, 30.40",[1],,,False,8,2,0.8969,"[[14.2685, 0.0, 0.0], [0.0, 12.2563, 0.0], [0.0, 0.0, 15.2149]]","[[20.5300, 0.0, 0.0], [0.0, 16.7316, 0.0], [0.0, 0.0, 26.9888]]",3.7301,13.9133,21.4168,22.46,14.6333,26.0333,Petousis 2017,10.1038/sdata.2016.134,AB_mP8_62_c_c:Ge-Se
mp-2133,ZnO,"['P6_3mc', 186]","10.58, 11.33","5.51, 5.57",2.35,"7.80, 8.75",[47],2.01,[2],False,4,2,0.7316,"[[5.3954, -5.2480e-17, 0.0], [-5.2480e-17, 5.3955, 0.0], [0.0, 0.0, 5.3800]]","[[10.5335, -1.0245e-16, 5.6468e-22], [-1.0245e-16, 10.5335, -1.1293e-21], [5.6468e-22, -1.1293e-21, 11.4387]]",2.3217,5.3904,10.8353,10.83,5.53,8.1167,Petousis 2017,10.1038/sdata.2016.134,AB_hP4_186_b_b:O-Zn
mp-1249,MgF2,"['P4_2/mnm', 136]","2.05, 5.72","2.01, 2.03",1.42,"4.87, 5.85",[2],1.38,[2],False,6,2,6.832,"[[2.0147, 0.0, 0.0], [0.0, 1.9771, 0.0], [0.0, 0.0, 1.9782]]","[[4.8658, 0.0, 0.0], [0.0, 5.6621, 0.0], [0.0, 0.0, 5.6654]]",1.4107,1.99,5.3978,3.2733,2.0167,5.1967,Petousis 2017,10.1038/sdata.2016.134,A2B_tP6_136_f_a:F-Mg
mp-634,HgS,"['P3_121', 152]","10.84, 14.64","5.82, 7.91",2.55,"14.50, 25.50",[2],2.6,[2],False,6,2,1.7241,"[[5.8114, -2.6049e-07, 0.0], [-2.6049e-07, 5.8114, 0.0], [0.0, 0.0, 7.9025]]","[[10.7089, -4.8002e-07, -7.8245e-21], [-4.8002e-07, 10.7089, 4.5175e-21], [-7.8245e-21, 4.5175e-21, 14.4715]]",2.5512,6.5085,11.9631,12.1067,6.5167,18.1667,Petousis 2017,10.1038/sdata.2016.134,AB_hP6_152_a_b:Hg-S
mp-3666,LiTaO3,"['R3c', 161]","37.24, 43.23","5.03, 5.07",2.25,"43.10, 48.10",[2],2.14,[2],False,10,3,3.7746,"[[5.0366, -5.3160e-07, -6.7758e-23], [-5.3160e-07, 5.0366, -9.5327e-18], [-6.7758e-23, -9.5327e-18, 5.1114]]","[[43.6558, -4.6077e-06, -5.8730e-22], [-4.6077e-06, 43.6558, 8.1528e-16], [-5.8730e-22, 8.1528e-16, 37.2593]]",2.2498,5.0616,41.5237,39.2367,5.0433,44.7667,Petousis 2017,10.1038/sdata.2016.134,AB3C_hR30_161_a_b_a:Li-O-Ta
mp-22895,CuI,"['F-43m', 216]",7.81,6.37,2.52,6.50,[2],2.38,[2],False,2,2,1.1763,"[[6.3521, 0.0, 0.0], [0.0, 6.3521, 0.0], [0.0, 0.0, 6.3521]]","[[7.7918, 0.0, 0.0], [0.0, 7.7918, 0.0], [0.0, 0.0, 7.7918]]",2.5203,6.3521,7.7919,7.81,6.37,6.5,Petousis 2017,10.1038/sdata.2016.134,AB_cF8_216_a_c:Cu-I
mp-573697,CsCl,"['Fm-3m', 225]",6.42,2.37,1.54,7.20,[3],1.64,[19],True,2,2,5.0172,"[[2.3611, 1.9090e-07, 1.9090e-07], [1.9090e-07, 2.3611, 5.0483e-07], [1.9090e-07, 5.0483e-07, 2.3611]]","[[6.1815, 4.9979e-07, 4.9979e-07], [4.9979e-07, 6.1815, 1.3216e-06], [4.9979e-07, 1.3216e-06, 6.1815]]",1.5366,2.3611,6.1816,6.42,2.37,7.2,Petousis 2017,10.1038/sdata.2016.134,AB_cF8_225_a_b:Cl-Cs
mp-661,AlN,"['P6_3mc', 186]","8.24, 9.75","4.47, 4.69",2.13,9.14,[48],1.96,[49],True,4,2,4.0536,"[[4.4686, 7.4056e-18, 0.0], [7.4056e-18, 4.4686, 0.0], [0.0, 0.0, 4.6902]]","[[8.2265, 1.3633e-17, 1.4117e-22], [1.3633e-17, 8.2265, 0.0], [1.4117e-22, 0.0, 9.7426]]",2.1313,4.5425,8.7319,8.7433,4.5433,9.14,Petousis 2017,10.1038/sdata.2016.134,AB_hP4_186_b_b:Al-N
mp-19,Te,"['P3_121', 152]","50.86, 71.96","35.09, 57.92",6.53,"33.00, 53.00",[2],5.47,[50],False,3,1,0.5752,"[[36.1917, -3.8869e-06, 0.0], [-3.8869e-06, 36.1917, 0.0], [0.0, 0.0, 58.4899]]","[[51.9602, -5.5804e-06, 0.0], [-5.5804e-06, 51.9602, 0.0], [0.0, 0.0, 72.8921]]",6.6049,43.6245,58.9375,57.8933,42.7,39.6667,Petousis 2017,10.1038/sdata.2016.134,A_hP3_152_a:Te
mp-1367,Mg2Si,"['Fm-3m', 225]",23.72,15.80,3.98,19.40,[51],4.9,[51],True,3,2,0.2935,,,,,,23.72,15.8,19.4,Petousis 2017,10.1038/sdata.2016.134,A2B_cF12_225_c_a:Mg-Si
mp-856,SnO2,"['P4_2/mnm', 136]","10.50, 13.51","4.70, 4.80",2.18,"9.58, 13.5",[?],2.1,[?],False,6,2,1.4068,"[[4.8988, 0.0, 0.0], [0.0, 4.6462, 0.0], [0.0, 0.0, 4.6485]]","[[10.4976, 0.0, 0.0], [0.0, 13.6362, 0.0], [0.0, 0.0, 13.6428]]",2.1751,4.7312,12.5922,11.5033,4.7333,10.8867,Petousis 2017,10.1038/sdata.2016.134,A2B_tP6_136_f_a:O-Sn
mp-2542,BeO,"['P6_3mc', 186]","7.00, 7.85","3.08, 3.14",1.76,"6.82, 7.62",[2],1.72,[40],False,4,2,7.4631,"[[3.0807, -3.4590e-17, 0.0], [-3.4590e-17, 3.0807, 0.0], [0.0, 0.0, 3.1455]]","[[7.0579, -5.7706e-17, -5.6468e-22], [-5.7706e-17, 7.0579, -5.6468e-22], [-5.6468e-22, -5.6468e-22, 7.9304]]",1.7613,3.1023,7.3488,7.2833,3.1,7.0867,Petousis 2017,10.1038/sdata.2016.134,AB_hP4_186_b_b:Be-O
mp-406,CdTe,"['F-43m', 216]",13.04,9.53,3.09,11.00,[2],3.12,[2],False,2,2,1.2285,"[[9.3092, 0.0, 0.0], [0.0, 9.3092, 0.0], [0.0, 0.0, 9.3092]]","[[12.8201, 0.0, 0.0], [0.0, 12.8201, 0.0], [0.0, 0.0, 12.8201]]",3.0511,9.3093,12.8202,13.04,9.53,11.0,Petousis 2017,10.1038/sdata.2016.134,AB_cF8_216_a_c:Cd-Te
mp-2176,ZnTe,"['F-43m', 216]",11.98,9.07,3.01,10.10,[2],3.0,[41],False,2,2,1.0782,"[[9.0172, 0.0, 0.0], [0.0, 9.0172, 0.0], [0.0, 0.0, 9.0172]]","[[11.9755, 0.0, 0.0], [0.0, 11.9755, 0.0], [0.0, 0.0, 11.9755]]",3.0029,9.0172,11.9756,11.98,9.07,10.1,Petousis 2017,10.1038/sdata.2016.134,AB_cF8_216_a_c:Te-Zn
mp-3792,YAlO3,"['Pnma', 62]","17.24, 17.83, 18.98","4.07, 4.15, 4.22",2.04,18.00,[2],1.94,[52],True,20,3,5.54,,,,,,18.0167,4.1467,18.0,Petousis 2017,10.1038/sdata.2016.134,AB3C_mP20_62_a_cd_c:Al-O-Y
mp-5854,LiGaO2,"['Pna2_1', 33]","6.46, 7.06, 7.54","3.20, 3.33, 3.34",1.81,"6.09, 7.09, 8.54",[2],1.77,[2],False,16,3,3.2018,"[[3.3391, 0.0, 0.0], [0.0, 3.2073, 0.0], [0.0, 0.0, 3.3321]]","[[7.1680, 0.0, 0.0], [0.0, 6.5531, 0.0], [0.0, 0.0, 7.6812]]",1.8146,3.2929,7.1342,7.02,3.29,7.24,Petousis 2017,10.1038/sdata.2016.134,ABC2_mP16_33_a_a_2a:Ga-Li-O
mp-2624,AlSb,"['F-43m', 216]",13.44,12.12,3.48,12.04,[53],4.01,[53],True,2,2,1.2605,"[[12.0099, 0.0, 0.0], [0.0, 12.0099, 0.0], [0.0, 0.0, 12.0099]]","[[13.3256, 0.0, 0.0], [0.0, 13.3256, 0.0], [0.0, 0.0, 13.3256]]",3.4655,12.0099,13.3256,13.44,12.12,12.04,Petousis 2017,10.1038/sdata.2016.134,AB_cF8_216_a_c:Al-Sb
mp-1143,Al2O3,"['R-3c', 167]","10.00, 12.29","3.25, 3.27",1.8,"9.34, 11.54",[3],1.76,[40],False,10,2,6.0436,,,,,,10.7633,3.2567,10.0733,Petousis 2017,10.1038/sdata.2016.134,A2B3_hR30_167_c_e:Al-O
mp-2490,GaP,"['F-43m', 216]",12.92,10.64,3.26,11.11,[2],3.26,[2],False,2,2,1.6843,"[[10.5871, 0.0, 0.0], [0.0, 10.5871, 0.0], [0.0, 0.0, 10.5871]]","[[12.8730, 0.0, 0.0], [0.0, 12.8730, 0.0], [0.0, 0.0, 12.8730]]",3.2538,10.5872,12.8731,12.92,10.64,11.11,Petousis 2017,10.1038/sdata.2016.134,AB_cF8_216_a_c:Ga-P
mp-7631,SiC,"['P6_3mc', 186]","10.35, 10.82","7.04, 7.26",2.67,"9.66, 10.03",[54],2.67,[55],False,12,2,2.1121,"[[7.0424, -1.1536e-16, 0.0], [-1.1536e-16, 7.0424, 0.0], [0.0, 0.0, 7.2678]]","[[10.3399, -1.3707e-16, -5.6468e-22], [-1.3707e-16, 10.3399, -1.1293e-21], [-5.6468e-22, -1.1293e-21, 10.8138]]",2.6679,7.1176,10.4979,10.5067,7.1133,9.7833,Petousis 2017,10.1038/sdata.2016.134,AB_hP12_186_a2b_a2b:C-Si
mp-2201,PbSe,"['Fm-3m', 225]",364.75,19.76,4.45,210.00,[56],4.9,[56],True,2,2,0.9081,"[[19.7143, 0.0, 0.0], [0.0, 19.7143, 0.0], [0.0, 0.0, 19.7143]]","[[356.2772, 0.0, 0.0], [0.0, 356.2772, 0.0], [0.0, 0.0, 356.2772]]",4.4401,19.7143,356.2772,364.75,19.76,210.0,Petousis 2017,10.1038/sdata.2016.134,AB_cF8_225_a_b:Pb-Se
mp-1070,CdSe,"['P6_3mc', 186]","12.08, 12.54","8.41, 8.49",2.9,"9.62, 10.43",[2],2.55,[40],False,4,2,0.5589,"[[8.7750, 5.0970e-16, 0.0], [5.0970e-16, 8.7750, 0.0], [0.0, 0.0, 8.7301]]","[[12.4136, 6.1723e-16, 0.0], [6.1723e-16, 12.4136, 1.6940e-21], [0.0, 1.6940e-21, 13.0122]]",2.9597,8.7601,12.6132,12.2333,8.4367,9.89,Petousis 2017,10.1038/sdata.2016.134,AB_hP4_186_b_b:Cd-Se
mp-2741,CaF2,"['Fm-3m', 225]",8.39,2.25,1.5,7.40,[2],1.43,[2],False,3,2,7.2479,"[[2.2540, -3.5937e-07, -2.1892e-07], [-3.5937e-07, 2.2540, 3.7347e-07], [-2.1892e-07, 3.7347e-07, 2.2540]]","[[8.3879, -1.3373e-06, -8.1466e-07], [-1.3373e-06, 8.3879, 1.3897e-06], [-8.1466e-07, 1.3897e-06, 8.3879]]",1.5014,2.2541,8.3879,8.39,2.25,7.4,Petousis 2017,10.1038/sdata.2016.134,AB2_cF12_225_a_c:Ca-F
mp-1639,BN,"['F-43m', 216]",6.95,4.60,2.15,7.10,[57],2.12,[57],False,2,2,4.6482,"[[4.6166, 0.0, 0.0], [0.0, 4.6166, 0.0], [0.0, 0.0, 4.6166]]","[[6.9788, 0.0, 0.0], [0.0, 6.9788, 0.0], [0.0, 0.0, 6.9788]]",2.1486,4.6166,6.9789,6.95,4.6,7.1,Petousis 2017,10.1038/sdata.2016.134,AB_cF8_216_a_c:B-N
mp-23231,AgBr,"['Fm-3m', 225]",16.31,5.79,2.41,12.50,[58],2.26,[58],False,2,2,0.7946,,,,,,16.31,5.79,12.5,Petousis 2017,10.1038/sdata.2016.134,AB_cF8_225_a_b:Ag-Br
mp-21276,PbS,"['Fm-3m', 225]",284.25,15.78,3.97,169.00,[59],4.25,[59],True,2,2,0.9926,"[[16.3913, 2.8598e-06, 6.0650e-07], [2.8598e-06, 16.3913, -1.4297e-06], [6.0650e-07, -1.4297e-06, 16.4032]]","[[323.6779, 5.6472e-05, 1.1976e-05], [5.6472e-05, 323.6780, -2.8232e-05], [1.1976e-05, -2.8232e-05, 323.9128]]",4.0491,16.3953,323.7563,284.25,15.78,169.0,Petousis 2017,10.1038/sdata.2016.134,AB_cF8_225_a_b:Pb-S
mp-568662,BaCl2,"['Fm-3m', 225]",8.06,2.87,1.69,9.81,[3],1.69,[60],True,3,2,5.6116,"[[2.8685, -3.7566e-07, -9.2278e-07], [-3.7566e-07, 2.8685, -2.1452e-07], [-9.2278e-07, -2.1452e-07, 2.8685]]","[[8.0806, -1.0582e-06, -2.5994e-06], [-1.0582e-06, 8.0806, -6.0433e-07], [-2.5994e-06, -6.0433e-07, 8.0806]]",1.6937,2.8685,8.0806,8.06,2.87,9.81,Petousis 2017,10.1038/sdata.2016.134,AB2_cF12_225_a_c:Ba-Cl
mp-1170,SnS2,"['P-3m1', 164]","3.43, 16.03","3.27, 7.04",2.4,"6.19, 17.70",[1],2.5,[1],False,3,2,1.5615,"[[7.0269, -1.8336e-16, 0.0], [-1.8336e-16, 7.0269, 0.0], [0.0, 0.0, 3.2636]]","[[16.1436, -3.7722e-16, 0.0], [-3.7722e-16, 16.1436, 0.0], [0.0, 0.0, 3.4316]]",2.4026,5.7725,11.9063,7.63,4.5267,10.0267,Petousis 2017,10.1038/sdata.2016.134,A2B_hP3_164_d_a:S-Sn
mp-2231,SnS,"['Pnma', 62]","26.36, 27.43, 38.75","12.93, 13.40, 14.49",3.69,"32.00, 48.00",[1],4.1,[1],False,8,2,1.1111,"[[12.6197, 0.0, 0.0], [0.0, 12.6433, 0.0], [0.0, 0.0, 14.1713]]","[[26.6964, 0.0, 0.0], [0.0, 24.4509, 0.0], [0.0, 0.0, 37.6478]]",3.6256,13.1448,29.5984,30.8467,13.6067,37.3333,Petousis 2017,10.1038/sdata.2016.134,AB_mP8_62_c_c:S-Sn
mp-2472,SrO,"['Fm-3m', 225]",20.48,3.80,1.95,14.50,[61],1.87,[61],True,2,2,3.4487,"[[3.8044, 1.6174e-07, 1.6174e-07], [1.6174e-07, 3.8044, -5.0422e-07], [1.6174e-07, -5.0422e-07, 3.8044]]","[[20.3737, 8.6616e-07, 8.6616e-07], [8.6616e-07, 20.3737, -2.7002e-06], [8.6616e-07, -2.7002e-06, 20.3737]]",1.9505,3.8045,20.3738,20.48,3.8,14.5,Petousis 2017,10.1038/sdata.2016.134,AB_cF8_225_a_b:O-Sr
mp-463,KF,"['Fm-3m', 225]",6.37,1.95,1.4,5.46,[3],1.36,[19],True,2,2,6.0694,"[[1.9551, 2.5779e-07, -2.5259e-07], [2.5779e-07, 1.9551, 2.3257e-07], [-2.5259e-07, 2.3257e-07, 1.9551]]","[[6.2907, 8.2944e-07, -8.1272e-07], [8.2944e-07, 6.2907, 7.4830e-07], [-8.1272e-07, 7.4830e-07, 6.2907]]",1.3983,1.9552,6.2907,6.37,1.95,5.46,Petousis 2017,10.1038/sdata.2016.134,AB_cF8_225_a_b:F-K
mp-3834,BaZrO3,"['Pm-3m', 221]",73.02,4.95,2.23,43.00,[3],2.13,[62],True,5,3,3.4102,"[[4.9534, 0.0, 0.0], [0.0, 4.9534, 0.0], [0.0, 0.0, 4.9534]]","[[73.1955, 0.0, 0.0], [0.0, 73.1955, 0.0], [0.0, 0.0, 73.1955]]",2.2256,4.9535,73.1956,73.02,4.95,43.0,Petousis 2017,10.1038/sdata.2016.134,AB3C_cP5_221_a_c_b:Ba-O-Zr
mp-23167,TlCl,"['Pm-3m', 221]",356.49,5.07,2.25,32.70,[63],2.15,[64],True,2,2,2.5887,,,,,,356.49,5.07,32.7,Petousis 2017,10.1038/sdata.2016.134,AB_cP2_221_a_b:Cl-Tl
mp-66,C,"['Fd-3m', 227]",5.83,5.83,2.42,5.50,[2],2.42,[2],False,2,1,4.3387,"[[5.8297, 0.0, 0.0], [0.0, 5.8297, 0.0], [0.0, 0.0, 5.8297]]","[[5.8297, 0.0, 0.0], [0.0, 5.8297, 0.0], [0.0, 0.0, 5.8297]]",2.4145,5.8297,5.8297,5.83,5.83,5.5,Petousis 2017,10.1038/sdata.2016.134,A_cF8_227_a:C
mp-560902,MnF2,"['P4_2/mnm', 136]",,,,,,,,,6,2,2.5363,"[[2.4239, 0.0, 0.0], [0.0, 2.3169, 2.7105e-20], [0.0, -2.7105e-20, 2.3169]]","[[6.4409, -2.7105e-20, -5.4210e-20], [-2.7105e-20, 7.4579, 2.7105e-20], [-5.4210e-20, -2.7105e-20, 7.4579]]",1.5338,2.3527,7.119,7.12,,8.1532,Petousis 2016,10.1103/PhysRevB.93.1151,A2B_tP6_136_f_a:F-Mn
mp-22867,RbBr,"['Fm-3m', 225]",,,,,,,,,2,2,4.3724,"[[2.4529, 3.6757e-07, -1.2603e-07], [3.6757e-07, 2.4530, -2.4745e-07], [-1.2603e-07, -2.4745e-07, 2.4530]]","[[5.6916, 8.5288e-07, -2.9243e-07], [8.5288e-07, 5.6916, -5.7415e-07], [-2.9243e-07, -5.7415e-07, 5.6916]]",1.5662,2.453,5.6917,5.69,,4.9034,Petousis 2016,10.1103/PhysRevB.93.1151,AB_cF8_225_a_b:Br-Rb
mp-984,BN,"['P6_3/mmc', 194]",,,,,,,,,4,2,4.4938,"[[4.2727, 1.9914e-17, 0.0], [1.9914e-17, 4.2727, 0.0], [0.0, 0.0, 2.1816]]","[[5.8314, 3.2182e-17, 0.0], [3.2182e-17, 5.8314, 0.0], [0.0, 0.0, 2.3736]]",1.891,3.5757,4.6789,4.68,,6.3936,Petousis 2016,10.1103/PhysRevB.93.1151,AB_hP4_194_c_d:B-N
mp-1479,BP,"['F-43m', 216]",,,,,,,,,2,2,1.4662,"[[9.1914, 0.0, 0.0], [0.0, 9.1914, 0.0], [0.0, 0.0, 9.1914]]","[[9.2842, 0.0, 0.0], [0.0, 9.2842, 0.0], [0.0, 0.0, 9.2842]]",3.0317,9.1915,9.2842,9.27,,11.0038,Petousis 2016,10.1103/PhysRevB.93.1151,AB_cF8_216_a_c:B-P
mp-559798,NiF2,"['P4_2/mnm', 136]",,,,,,,,,6,2,4.9116,"[[2.5979, 0.0, 0.0], [0.0, 2.4649, 0.0], [0.0, 0.0, 2.4649]]","[[4.929, 0.0, 0.0], [0.0, 5.3409, 0.0], [0.0, 0.0, 5.3409]]",1.5841,2.5093,5.2037,5.2,,5.2039,Petousis 2016,10.1103/PhysRevB.93.1151,A2B_tP6_136_f_a:F-Ni
mp-2815,MoS2,"['P6_3/mmc', 194]",,,,,,,,,6,2,1.4649,"[[12.6280, -2.8165e-16, -3.6140e-20], [-2.8165e-16, 12.6279, 0.0], [-3.6140e-20, 0.0, 3.2670]]","[[13.0000, -2.9032e-16, -3.6140e-20], [-2.9032e-16, 12.9999, 0.0], [-3.6140e-20, 0.0, 3.2720]]",3.0835,9.5077,9.7573,9.76,,12.724,Petousis 2016,10.1103/PhysRevB.93.1151,AB2_hP6_194_c_f:Mo-S
mp-1415,CaSe,"['Fm-3m', 225]",,,,,,,,,2,2,2.1362,"[[5.6170, 3.8607e-07, 3.8607e-07], [3.8607e-07, 5.6169, -6.6463e-08], [3.8607e-07, -6.6463e-08, 5.6169]]","[[12.4703, 8.5711e-07, 8.5711e-07], [8.5711e-07, 12.4703, -1.4755e-07], [8.5711e-07, -1.4755e-07, 12.4703]]",2.37,5.617,12.4703,12.47,,7.8041,Petousis 2016,10.1103/PhysRevB.93.1151,AB_cF8_225_a_b:Ca-Se
mp-1986,ZnO,"['F-43m', 216]",,,,,,,,,2,2,0.6311,"[[5.8040, 0.0, 0.0], [0.0, 5.8040, 0.0], [0.0, 0.0, 5.8040]]","[[11.2999, 0.0, 0.0], [0.0, 11.2999, 0.0], [0.0, 0.0, 11.2999]]",2.4092,5.8041,11.3,11.35,,9.0834,Petousis 2016,10.1103/PhysRevB.93.1151,AB_cF8_216_a_c:O-Zn
mp-7140,SiC,"['P6_3mc', 186]",,,,,,,,,4,2,2.3029,"[[6.9544, 9.8351e-17, 0.0], [9.8351e-17, 6.9544, 0.0], [0.0, 0.0, 7.3193]]","[[10.1731, 1.4387e-16, 2.7484e-38], [1.4387e-16, 10.1731, 5.6468e-22], [2.7484e-38, 5.6468e-22, 11.3201]]",2.6601,7.0761,10.5555,10.58,,9.7844,Petousis 2016,10.1103/PhysRevB.93.1151,AB_hP4_186_b_b:C-Si
mp-1634,MoSe2,"['P6_3/mmc', 194]",,,,,,,,,6,2,1.4176,"[[14.1055, -2.4478e-06, 0.0], [-2.4478e-06, 14.1054, 0.0], [0.0, 0.0, 3.7699]]","[[15.7070, -2.7257e-06, 0.0], [-2.7257e-06, 15.7069, 0.0], [0.0, 0.0, 3.7849]]",3.265,10.6603,11.733,11.73,,18.0045,Petousis 2016,10.1103/PhysRevB.93.1151,AB2_hP6_194_c_f:Mo-Se
mp-560588,ZnS,"['P6_3mc', 186]",,,,,,,,,4,2,2.0776,"[[5.7979, 6.4525e-17, 0.0], [6.4525e-17, 5.7979, 0.0], [0.0, 0.0, 5.9101]]","[[9.0097, 1.0026e-16, 1.1293e-21], [1.0026e-16, 9.0097, -5.6468e-22], [1.1293e-21, -5.6468e-22, 9.6325]]",2.4157,5.8354,9.2173,9.1,,8.3246,Petousis 2016,10.1103/PhysRevB.93.1151,AB_hP4_186_b_b:S-Zn
mp-1340,Ga2Se3,"['Cc', 9]",,,,,,,,,10,2,1.6844,"[[7.6964, 0.0, 0.0535], [0.0, 7.4414, 0.0], [0.0535, 0.0, 8.2523]]","[[10.7741, 0.0, 0.0217], [0.0, 11.0110, 0.0], [0.0217, 0.0, 13.8548]]",2.7923,7.7968,11.88,12.03,,10.9548,Petousis 2016,10.1103/PhysRevB.93.1151,A2B3_mC20_9_2a_3a:Ga-Se
mp-28027,AsF3,"['Pna2_1', 33]",,,,,,,,,16,2,5.4005,"[[2.151, 0.0, 0.0], [0.0, 2.193, 0.0], [0.0, 0.0, 2.219]]","[[3.202, 0.0, 0.0], [0.0, 3.4690, 0.0], [0.0, 0.0, 9.0369]]",1.4791,2.1877,5.236,5.24,,5.7034,Petousis 2016,10.1103/PhysRevB.93.1151,AB3_mP16_33_a_3a:As-F
mp-27529,PI3,"['P6_3', 173]",,,,,,,,,8,2,2.3551,"[[4.0167, -1.1000e-05, 0.0], [1.0999e-05, 4.0167, 0.0], [0.0, 0.0, 2.8879]]","[[4.6784, -1.1000e-05, 0.0], [1.0999e-05, 4.6784, 0.0], [0.0, 0.0, 2.9617]]",1.908,3.6405,4.1062,4.11,,3.665,Petousis 2016,10.1103/PhysRevB.93.1151,A3B_hP8_173_c_b:I-P
mp-2758,SrSe,"['Fm-3m', 225]",,,,,,,,,2,2,2.2914,"[[5.1769, 4.6043e-07, 4.6043e-07], [4.6043e-07, 5.1770, -5.7658e-07], [4.6043e-07, -5.7658e-07, 5.1770]]","[[11.8866, 1.0571e-06, 1.0571e-06], [1.0571e-06, 11.8866, -1.3238e-06], [1.0571e-06, -1.3238e-06, 11.8866]]",2.2753,5.177,11.8867,11.89,,8.5041,Petousis 2016,10.1103/PhysRevB.93.1151,AB_cF8_225_a_b:Se-Sr
mp-909,As2Se3,"['P2_1/c', 14]",,,,,,,,,20,2,1.5414,"[[10.4531, 0.0, 0.0714], [0.0, 5.281, 0.0], [0.0714, 0.0, 8.5028]]","[[13.6803, 0.0, 0.1541], [0.0, 5.4559, 0.0], [0.1541, 0.0, 12.0906]]",2.8424,8.079,10.409,10.41,,13.4052,Petousis 2016,10.1103/PhysRevB.93.1151,A2B3_mP20_14_2e_3e:As-Se
mp-22691,InSe,"['R3m', 160]",,,,,,,,,4,2,0.8635,"[[7.6255, -8.3740e-07, 7.5567e-23], [-8.3740e-07, 7.6255, -7.2272e-17], [7.5567e-23, -7.2272e-17, 6.8246]]","[[11.2007, -1.2300e-06, 1.1099e-22], [-1.2300e-06, 11.2007, -3.6034e-16], [1.1099e-22, -3.6034e-16, 7.2076]]",2.7127,7.3586,9.8697,9.68,,7.5354,Petousis 2016,10.1103/PhysRevB.93.1151,AB_hR12_160_2a_2a:In-Se
mp-558134,TlF,"['Aem2', 39]",,,,,,,,,4,2,3.0179,"[[4.0179, 0.0, 0.0], [0.0, 3.9317, 0.0], [0.0, 0.0, 4.0390]]","[[48.3276, 0.0, 0.0], [0.0, 8.3190, 0.0], [0.0, 0.0, 61.7661]]",1.9991,3.9962,39.4709,39.49,,35.0056,Petousis 2016,10.1103/PhysRevB.93.1151,AB_mC8_39_c_c:F-Tl
mp-3448,KMgF3,"['Pm-3m', 221]",,,,,,,,,5,3,6.9537,"[[2.0570, 0.0, 0.0], [0.0, 2.0570, 0.0], [0.0, 0.0, 2.0570]]","[[6.9280, 0.0, 0.0], [0.0, 6.9280, 0.0], [0.0, 0.0, 6.9280]]",1.4342,2.057,6.928,6.88,,6.9758,Petousis 2016,10.1103/PhysRevB.93.1151,A3BC_cP5_221_c_a_b:F-K-Mg
mp-555123,KMnF3,"['Pm-3m', 221]",,,,,,,,,5,3,3.1383,"[[2.2249, 0.0, 0.0], [0.0, 2.2249, 0.0], [0.0, 0.0, 2.2249]]","[[13.3911, 0.0, 0.0], [0.0, 13.3911, 0.0], [0.0, 0.0, 13.3911]]",1.4916,2.225,13.3911,13.39,,9.7558,Petousis 2016,10.1103/PhysRevB.93.1151,A3BC_cP5_221_c_a_b:F-K-Mn
mp-4979,AlCuS2,"['I-42d', 122]",,,,,,,,,8,3,1.6756,"[[6.6353, 0.0, 0.0], [0.0, 6.6353, 0.0], [0.0, 0.0, 6.5377]]","[[8.5592, 0.0, 0.0], [0.0, 8.5592, 0.0], [0.0, 0.0, 8.8339]]",2.5696,6.6028,8.6508,8.68,,7.7859,Petousis 2016,10.1103/PhysRevB.93.1151,ABC2_tI16_122_a_b_d:Al-Cu-S
mp-4763,ZnSiP2,"['I-42d', 122]",,,,,,,,,8,3,1.3641,"[[10.4707, 0.0, 0.0], [0.0, 10.4707, 1.1644e-17], [0.0, 1.1644e-17, 10.6088]]","[[12.3964, 0.0, 0.0], [0.0, 12.3964, 4.1032e-18], [0.0, 4.1032e-18, 12.4451]]",3.243,10.5168,12.4127,12.42,,11.526,Petousis 2016,10.1103/PhysRevB.93.1151,A2BC_tI16_122_d_a_b:P-Si-Zn
mp-5238,GaCuS2,"['I-42d', 122]",,,,,,,,,8,3,0.7026,"[[8.6518, 0.0, 0.0], [0.0, 8.6518, -9.1608e-19], [0.0, -9.1608e-19, 8.6409]]","[[11.0488, 0.0, 0.0], [0.0, 11.0488, 6.5363e-17], [0.0, 6.5363e-17, 11.8301]]",2.9408,8.6482,11.3093,11.55,,9.5361,Petousis 2016,10.1103/PhysRevB.93.1151,ABC2_tI16_122_a_b_d:Cu-Ga-S
mp-3163,BaSnO3,"['Pm-3m', 221]",,,,,,,,,5,3,0.3949,"[[5.4676, 0.0, 0.0], [0.0, 5.4676, 0.0], [0.0, 0.0, 5.4676]]","[[22.5096, 0.0, 0.0], [0.0, 22.5096, 0.0], [0.0, 0.0, 22.5096]]",2.3383,5.4677,22.5097,22.51,,18.0034,Petousis 2016,10.1103/PhysRevB.93.1151,AB3C_cP5_221_a_c_b:Ba-O-Sn
mp-2964,NaNO2,"['Imm2', 44]",,,,,,,,,4,3,2.4755,"[[2.7146, 0.0, 0.0], [0.0, 2.1123, 0.0], [0.0, 0.0, 1.8160]]","[[7.0106, 0.0, 0.0], [0.0, 3.9806, 0.0], [0.0, 0.0, 4.9752]]",1.4881,2.2144,5.3222,5.27,,6.3562,Petousis 2016,10.1103/PhysRevB.93.1151,ABC2_mI8_44_a_a_c:N-Na-O
mp-22965,BiTeI,"['P3m1', 156]",,,,,,,,,3,3,1.3295,"[[11.9698, -1.5670e-06, 0.0], [-1.5670e-06, 11.9698, 0.0], [0.0, 0.0, 6.0036]]","[[32.5411, -4.2601e-06, -5.6468e-22], [-4.2601e-06, 32.5411, -9.7806e-22], [-5.6468e-22, -9.7806e-22, 6.6652]]",3.1593,9.9811,23.9159,23.74,,14.506,Petousis 2016,10.1103/PhysRevB.93.1151,ABC_hP3_156_a_b_c:Bi-I-Te
mp-22894,AgI,"['P6_3mc', 186]",,,,,,,,,4,2,1.3955,"[[4.9759, -1.6351e-16, 0.0], [-1.6351e-16, 4.9759, 0.0], [0.0, 0.0, 4.9528]]","[[7.0683, -2.1964e-16, -1.1293e-21], [-2.1964e-16, 7.0683, -4.2315e-39], [-1.1293e-21, -4.2315e-39, 7.4292]]",2.229,4.9683,7.1886,7.16,,7.0033,Petousis 2016,10.1103/PhysRevB.93.1151,AB_hP4_186_b_b:Ag-I
mp-2251,Li3N,"['P6/mmm', 191]",,,,,,,,,4,2,0.9986,"[[6.1610, -2.3464e-16, 0.0], [-2.3464e-16, 6.1609, 0.0], [0.0, 0.0, 5.6839]]","[[12.5805, -6.2094e-16, 0.0], [-6.2094e-16, 12.5804, 0.0], [0.0, 0.0, 6.9199]]",2.4499,6.002,10.6937,10.69,,10.5035,Petousis 2016,10.1103/PhysRevB.93.1151,A3B_hP4_191_bc_a:Li-N
mp-830,GaN,"['F-43m', 216]",,,,,,,,,2,2,1.9046,"[[6.0745, 0.0, 0.0], [0.0, 6.0745, 0.0], [0.0, 0.0, 6.0745]]","[[10.9714, 0.0, 0.0], [0.0, 10.9714, 0.0], [0.0, 0.0, 10.9714]]",2.4647,6.0746,10.9715,10.96,,9.8037,Petousis 2016,10.1103/PhysRevB.93.1151,AB_cF8_216_a_c:Ga-N
mp-22925,AgI,"['F-43m', 216]",,,,,,,,,2,2,1.7236,"[[5.0266, 0.0, 0.0], [0.0, 5.0266, 0.0], [0.0, 0.0, 5.0266]]","[[7.3620, 0.0, 0.0], [0.0, 7.3620, 0.0], [0.0, 0.0, 7.3620]]",2.242,5.0266,7.362,7.32,,7.0033,Petousis 2016,10.1103/PhysRevB.93.1151,AB_cF8_216_a_c:Ag-I
mp-22903,RbI,"['Fm-3m', 225]",,,,,,,,,2,2,3.9541,"[[2.7089, 5.3659e-07, -2.4949e-08], [5.3659e-07, 2.7090, -2.9158e-07], [-2.4949e-08, -2.9158e-07, 2.7090]]","[[5.6886, 1.1267e-06, -5.2391e-08], [1.1267e-06, 5.6886, -6.1230e-07], [-5.2391e-08, -6.1230e-07, 5.6886]]",1.6459,2.709,5.6887,5.69,,4.9434,Petousis 2016,10.1103/PhysRevB.93.1151,AB_cF8_225_a_b:I-Rb
mp-23295,RbCl,"['Fm-3m', 225]",,,,,,,,,2,2,5.0162,"[[2.2809, -2.1396e-08, 2.1396e-08], [-2.1396e-08, 2.2810, 2.3631e-07], [2.1396e-08, 2.3631e-07, 2.2810]]","[[5.6519, -5.3018e-08, 5.3018e-08], [-5.3018e-08, 5.6520, 5.8556e-07], [5.3018e-08, 5.8556e-07, 5.6520]]",1.5103,2.281,5.652,5.65,,4.9134,Petousis 2016,10.1103/PhysRevB.93.1151,AB_cF8_225_a_b:Cl-Rb
mp-827,KN3,"['I4/mcm', 140]",,,,,,,,,8,2,4.2019,"[[2.7042, -1.9743e-07, -1.5844e-07], [-1.9743e-07, 2.7042, 7.7890e-08], [-1.5844e-07, 7.7890e-08, 2.0134]]","[[6.5579, -4.7878e-07, -4.3352e-07], [-4.7878e-07, 6.5579, 1.8888e-07], [-4.3352e-07, 1.8888e-07, 5.5091]]",1.5729,2.474,6.2083,6.21,,6.8542,Petousis 2016,10.1103/PhysRevB.93.1151,AB3_tI16_140_a_dh:K-N
mp-9252,HgS,"['P3_221', 154]",,,,,,,,,6,2,1.7038,"[[5.8775, -4.1819e-07, 0.0], [-4.1819e-07, 5.8775, 0.0], [0.0, 0.0, 7.9561]]","[[10.9129, -7.7646e-07, 0.0], [-7.7646e-07, 10.9129, 0.0], [0.0, 0.0, 14.7543]]",2.5633,6.5704,12.1934,12.33,,18.2043,Petousis 2016,10.1103/PhysRevB.93.1151,AB_hP6_154_a_b:Hg-S
mp-8884,ZnTe,"['P6_3mc', 186]",,,,,,,,,4,2,1.1003,"[[8.7796, -1.3010e-17, 0.0], [-1.3010e-17, 8.7796, 0.0], [0.0, 0.0, 8.8864]]","[[11.4563, -1.6976e-17, -1.1293e-21], [-1.6976e-17, 11.4563, -1.4117e-22], [-1.1293e-21, -1.4117e-22, 12.0083]]",2.969,8.8153,11.6404,11.52,,10.1043,Petousis 2016,10.1103/PhysRevB.93.1151,AB_hP4_186_b_b:Te-Zn
mp-1873,ZnF2,"['P4_2/mnm', 136]",,,,,,,,,6,2,3.4773,"[[2.5910, 0.0, 0.0], [0.0, 2.5370, 0.0], [0.0, 0.0, 2.537]]","[[6.7449, 0.0, 0.0], [0.0, 8.83, 0.0], [0.0, 0.0, 8.8299]]",1.5984,2.555,8.135,8.14,,7.4039,Petousis 2016,10.1103/PhysRevB.93.1151,A2B_tP6_136_f_a:F-Zn
mp-22896,LaCl3,"['P6_3/m', 176]",,,,,,,,,8,2,3.6699,"[[3.6149, -0.0010, 0.0], [0.0009, 3.6150, 0.0], [0.0, 0.0, 3.991]]","[[9.1159, -0.0010, 0.0], [0.0009, 9.1160, 0.0], [0.0, 0.0, 12.4159]]",1.934,3.7403,10.216,10.22,,8.5647,Petousis 2016,10.1103/PhysRevB.93.1151,A3B_hP8_176_h_c:Cl-La
mp-19399,Cr2O3,"['R-3c', 167]",,,,,,,,,10,2,2.4343,"[[6.2338, 3.5432e-07, 2.8509e-07], [3.5432e-07, 6.2338, -3.9661e-07], [2.8509e-07, -3.9661e-07, 6.4872]]","[[10.4799, 5.9566e-07, 5.3567e-07], [5.9566e-07, 10.4799, -6.6675e-07], [5.3567e-07, -6.6675e-07, 12.1890]]",2.5136,6.3183,11.0497,11.05,,12.8334,Petousis 2016,10.1103/PhysRevB.93.1151,A2B3_hR30_167_c_e:Cr-O
mp-9984,SnS2,"['P6_3mc', 186]",,,,,,,,,6,2,1.491,"[[7.3330, -1.5550e-16, 0.0], [-1.5550e-16, 7.3329, 0.0], [0.0, 0.0, 3.7060]]","[[16.7520, -1.6527e-16, 1.8070e-20], [-1.6527e-16, 16.7519, 0.0], [1.8070e-20, 0.0, 3.9240]]",2.4747,6.124,12.476,12.48,,13.8649,Petousis 2016,10.1103/PhysRevB.93.1151,A2B_hP6_186_ab_b:S-Sn
mp-1253,BaSe,"['Fm-3m', 225]",,,,,,,,,2,2,2.2121,"[[5.2939, -7.8219e-07, 3.3747e-07], [-7.8219e-07, 5.2940, 6.0382e-07], [3.3747e-07, 6.0382e-07, 5.2940]]","[[14.1293, -2.0876e-06, 9.0070e-07], [-2.0876e-06, 14.1293, 1.6115e-06], [9.0070e-07, 1.6115e-06, 14.1293]]",2.3009,5.294,14.1293,14.13,,10.7041,Petousis 2016,10.1103/PhysRevB.93.1151,AB_cF8_225_a_b:Ba-Se
mp-2507,GaS,"['P6_3/mmc', 194]",,,,,,,,,8,2,2.0109,"[[6.2569, -9.9601e-07, 3.6140e-20], [-9.9601e-07, 6.2570, 5.4210e-20], [3.6140e-20, 5.4210e-20, 3.6880]]","[[9.3969, -1.4958e-06, 3.6140e-20], [-1.4958e-06, 9.3970, 5.4210e-20], [3.6140e-20, 5.4210e-20, 3.9180]]",2.3239,5.4007,7.5707,7.57,,8.6351,Petousis 2016,10.1103/PhysRevB.93.1151,AB_hP8_194_f_f:Ga-S
mp-11714,SiC,"['P6_3mc', 186]",,,,,,,,,8,2,2.3298,"[[7.0257, 1.7371e-16, 0.0], [1.7371e-16, 7.0257, 0.0], [0.0, 0.0, 7.3184]]","[[10.3004, 2.5970e-16, -5.6468e-22], [2.5970e-16, 10.3004, 0.0], [-5.6468e-22, 0.0, 10.9712]]",2.669,7.1233,10.5241,10.54,,9.7053,Petousis 2016,10.1103/PhysRevB.93.1151,AB_hP8_186_ab_ab:C-Si
mp-632326,HCl,"['Cmc2_1', 36]",,,,,,,,,4,2,5.9709,"[[2.2003, 0.0, 0.0], [0.0, 2.0670, 0.0], [0.0, 0.0, 2.0580]]","[[3.5818, 0.0, 0.0], [0.0, 2.0677, 0.0], [0.0, 0.0, 2.6196]]",1.4521,2.1085,2.7564,2.77,,4.0055,Petousis 2016,10.1103/PhysRevB.93.1151,AB_mC8_36_a_a:Cl-H
mp-226,FeS2,"['Pa-3', 205]",,,,,,,,,12,2,0.4573,"[[21.2010, 0.0, 0.0], [0.0, 21.2010, 0.0], [0.0, 0.0, 21.2010]]","[[28.2273, 0.0, 0.0], [0.0, 28.2273, 0.0], [0.0, 0.0, 28.2273]]",4.6045,21.201,28.2273,28.24,,24.1157,Petousis 2016,10.1103/PhysRevB.93.1151,AB2_cP12_205_a_c:Fe-S
mp-22958,KBrO3,"['R3m', 160]",,,,,,,,,5,3,4.0763,"[[2.8928, 4.0361e-07, -6.6798e-23], [4.0361e-07, 2.8928, -7.6432e-17], [-6.6798e-23, -7.6432e-17, 2.4310]]","[[7.6242, 1.0637e-06, -5.0207e-22], [1.0637e-06, 7.6242, -3.6119e-16], [-5.0207e-22, -3.6119e-16, 5.4418]]",1.655,2.7389,6.8968,7.12,,7.3034,Petousis 2016,10.1103/PhysRevB.93.1151,ABC3_hR15_160_a_a_b:Br-K-O
mp-555359,KMnF3,"['I4/mcm', 140]",,,,,,,,,10,3,2.1006,"[[2.2284, -1.8724e-07, 2.6973e-08], [-1.8724e-07, 2.2284, 1.6141e-07], [2.6973e-08, 1.6141e-07, 2.2398]]","[[10.5879, -8.8961e-07, 1.0489e-07], [-8.8961e-07, 10.5879, 7.6691e-07], [1.0489e-07, 7.6691e-07, 8.7106]]",1.4941,2.2323,9.9622,9.96,,9.7558,Petousis 2016,10.1103/PhysRevB.93.1151,A3BC_tI20_140_ah_b_c:F-K-Mn
mp-4452,Cd(GaS2)2,"['I-4', 82]",,,,,,,,,7,3,2.122,"[[5.7989, 0.0, 0.0], [0.0, 5.7989, 1.2258e-18], [0.0, 1.2258e-18, 5.8132]]","[[9.4425, 0.0, 0.0], [0.0, 9.4425, 1.7470e-17], [0.0, 1.7470e-17, 9.6465]]",2.4091,5.8037,9.5106,9.52,,11.406,Petousis 2016,10.1103/PhysRevB.93.1151,AB2C4_tI14_82_a_bc_g:Cd-Ga-S
mp-7848,AlPO4,"['I-4', 82]",,,,,,,,,6,3,5.8209,"[[2.1332, 0.0, 0.0], [0.0, 2.1332, -1.0676e-18], [0.0, -1.0676e-18, 2.1422]]","[[3.7317, 0.0, 0.0], [0.0, 3.7317, -1.4445e-17], [0.0, -1.4445e-17, 3.8529]]",1.4616,2.1363,3.7722,3.78,,6.0534,Petousis 2016,10.1103/PhysRevB.93.1151,AB4C_tI12_82_a_g_c:Al-O-P
mp-4175,ZnSnP2,"['I-42d', 122]",,,,,,,,,8,3,0.7059,"[[12.3287, 0.0, 0.0], [0.0, 12.3287, 4.1025e-18], [0.0, 4.1025e-18, 12.3815]]","[[14.7524, 0.0, 0.0], [0.0, 14.7524, 1.8965e-17], [0.0, 1.8965e-17, 14.9966]]",3.5137,12.3463,14.8339,15.58,,10.006,Petousis 2016,10.1103/PhysRevB.93.1151,A2BC_tI16_122_d_a_b:P-Sn-Zn
mp-3772,Cd(GaSe2)2,"['I-4', 82]",,,,,,,,,7,3,1.3487,"[[7.3529, 0.0, 0.0], [0.0, 7.3529, 0.0], [0.0, 0.0, 7.4468]]","[[10.9026, 0.0, 0.0], [0.0, 10.9026, 0.0], [0.0, 0.0, 11.1696]]",2.7174,7.3842,10.9917,11.06,,9.206,Petousis 2016,10.1103/PhysRevB.93.1151,AB2C4_tI14_82_a_bc_g:Cd-Ga-Se
mp-5342,GaAgS2,"['I-42d', 122]",,,,,,,,,8,3,0.9622,"[[7.1767, 0.0, 0.0], [0.0, 7.1767, 0.0], [0.0, 0.0, 6.9662]]","[[10.3053, 0.0, 0.0], [0.0, 10.3053, 0.0], [0.0, 0.0, 10.4472]]",2.6658,7.1066,10.3526,10.49,,8.416,Petousis 2016,10.1103/PhysRevB.93.1151,ABC2_tI16_122_a_b_d:Ag-Ga-S
