material_id,formula,wyckoff,diel_elec_pred_n0,diel_elec_pred_n1,diel_elec_pred_n2,diel_elec_pred_n3,diel_elec_pred_n4,diel_elec_pred_n5,diel_elec_pred_n6,diel_elec_pred_n7,diel_elec_pred_n8,diel_elec_pred_n9,diel_elec_ale_n0,diel_elec_ale_n1,diel_elec_ale_n2,diel_elec_ale_n3,diel_elec_ale_n4,diel_elec_ale_n5,diel_elec_ale_n6,diel_elec_ale_n7,diel_elec_ale_n8,diel_elec_ale_n9
mp-665,SnSe2,A2B_hP3_164_d_a:Se-Sn,7.4572,8.6826,7.2904,7.226,8.8152,8.5899,8.1405,7.4071,8.2192,7.0964,0.5715,0.3952,0.454,0.3345,1.3342,0.6116,0.6002,0.5301,0.4704,0.4211
mp-3953,CaCO3,ABC3_hR30_167_a_b_e:C-Ca-O,2.5176,2.6502,2.719,2.7132,3.1373,2.785,2.8117,2.9233,3.0799,2.0087,0.2499,0.2563,0.2484,0.2354,0.4962,0.3063,0.3415,0.2764,0.2649,0.2475
mp-672,CdS,AB_hP4_186_b_b:Cd-S,6.2133,6.1904,5.9565,6.2846,6.5761,5.996,6.4532,6.3954,6.4257,5.255,0.3486,0.3024,0.3212,0.3024,0.6276,0.4012,0.3715,0.3482,0.331,0.2857
mp-1572,GaSe,AB_hP8_187_gh_gi:Ga-Se,6.206,6.9684,6.2695,6.1469,7.1925,6.4757,6.6941,6.49,7.1449,5.6569,0.4777,0.4062,0.3472,0.3136,0.8546,0.4384,0.4698,0.339,0.698,0.3027
mp-4431,Ag3AsS3,A3BC3_hR42_161_b_a_b:Ag-As-S,7.607,6.8184,8.0891,8.1096,8.4566,6.5474,7.8218,8.0149,7.2683,7.1712,0.4733,0.3418,0.4134,0.3703,1.0039,0.4049,0.5107,0.4884,0.3463,0.4093
mp-2172,AlAs,AB_cF8_216_a_c:Al-As,9.5478,10.3197,9.2629,9.1003,10.0597,9.6547,9.5308,9.451,9.4248,8.3328,0.5922,0.431,0.434,0.4145,0.9997,0.5587,0.6051,0.5776,0.5858,0.4384
mp-20194,CeO2,AB2_cF12_225_a_c:Ce-O,4.726,4.6193,6.0041,3.9921,5.7387,4.8916,6.9541,6.563,5.2276,4.389,0.3029,0.3679,0.556,0.3198,0.7037,0.5312,0.8497,1.0027,0.3305,0.3066
mp-3731,LiNbO3,ABC3_hR30_161_a_a_b:Li-Nb-O,4.956,5.6764,5.2964,5.3504,6.1372,5.7159,5.5754,5.6844,5.8608,4.3569,0.3048,0.3059,0.322,0.2869,0.6028,0.3654,0.3832,0.3295,0.3257,0.2872
mp-361,Cu2O,A2B_cP6_224_b_a:Cu-O,8.4215,8.464,8.7044,9.0058,8.7377,9.3265,9.2356,8.6834,9.1318,8.4944,0.5009,0.4906,0.5599,0.4617,1.063,0.5755,0.5812,0.4783,0.5187,0.8561
mp-5246,KNbO3,ABC3_mC10_38_a_b_ae:K-Nb-O,5.61,5.6826,5.3936,5.5124,6.2068,5.7774,5.5897,5.6763,6.0018,4.5073,0.3061,0.3145,0.3189,0.2818,0.6172,0.3635,0.3934,0.3389,0.365,0.2903
mp-10695,ZnS,AB_cF8_216_a_c:S-Zn,5.8686,6.1628,5.742,5.8242,6.2417,5.8266,6.308,5.8349,6.1024,5.22,0.4512,0.3315,0.3691,0.2993,0.6347,0.4023,0.4581,0.45,0.4096,0.3489
mp-886,Ga2O3,A2B3_mC20_12_2i_3i:Ga-O,3.9954,4.0949,4.0105,4.1336,4.7469,4.3959,4.3163,3.9277,3.9876,3.1026,0.281,0.2928,0.2761,0.2811,0.5459,0.3263,0.3788,0.3494,0.2798,0.2551
mp-2895,Mg2SiO4,A2B4C_mP28_62_ac_2cd_c:Mg-O-Si,2.7958,3.0178,2.8882,3.2289,3.6163,3.0721,3.05,3.352,3.2687,2.1957,0.2514,0.2702,0.2488,0.2556,0.5289,0.3282,0.3495,0.3091,0.2827,0.2539
mp-5342,GaAgS2,ABC2_tI16_122_a_b_d:Ag-Ga-S,6.8933,7.1672,7.3646,6.7846,7.3416,7.3372,7.208,7.4013,7.0523,6.35,0.3467,0.3346,0.3558,0.2952,0.6661,0.4249,0.4557,0.4052,0.3653,0.3337
mp-408,Mg2Ge,AB2_cF12_225_a_c:Ge-Mg,19.6231,19.3698,15.1775,7.0319,27.7475,18.9264,14.0089,14.0188,40.0656,12.4059,2.5826,3.1863,1.1909,0.5297,4.9393,3.3935,1.084,5.4279,7.3275,0.8176
mp-315,PbF2,A2B_cF12_225_c_a:F-Pb,3.2912,3.167,2.9742,2.9938,3.5327,3.4638,3.4977,3.4373,3.4926,2.8737,0.259,0.277,0.2593,0.2551,0.501,0.3421,0.3535,0.2851,0.2756,0.2584
mp-23251,KBr,AB_cF8_225_a_b:Br-K,2.3201,2.5236,2.4257,2.4476,2.8673,2.605,2.5275,2.6822,2.7226,1.8385,0.2398,0.2492,0.2395,0.2442,0.4821,0.3034,0.34,0.2828,0.276,0.2458
mp-22905,LiCl,AB_cF8_225_a_b:Cl-Li,2.7233,2.8545,2.8712,2.5105,2.9344,2.9655,3.165,2.9937,2.9898,2.36,0.2512,0.2538,0.2474,0.2454,0.4809,0.2979,0.3402,0.2783,0.2738,0.2545
mp-470,GeO2,AB2_tP6_136_a_f:Ge-O,3.8741,3.8621,3.4257,3.5798,4.6441,3.0771,4.1728,4.1405,4.0812,2.7004,0.27,0.291,0.2603,0.2597,0.5817,0.3171,0.4436,0.317,0.2881,0.2812
mp-23703,LiH,AB_cF8_225_a_b:H-Li,4.2516,4.3323,4.3853,4.2661,5.2417,4.2475,4.3676,4.6298,4.293,3.5433,0.2899,0.294,0.2838,0.274,0.6867,0.3657,0.3723,0.3618,0.2951,0.2905
mp-1550,AlP,AB_cF8_216_a_c:Al-P,8.0297,8.6168,7.8462,7.8186,8.6575,7.9939,8.2105,8.0176,7.734,7.2532,0.5241,0.3893,0.3854,0.391,0.8725,0.568,0.5192,0.5541,0.7338,0.3877
mp-5229,SrTiO3,A3BC_cP5_221_c_a_b:O-Sr-Ti,6.3168,5.2022,5.6498,5.1022,5.3983,5.0903,6.8999,5.5986,6.4872,5.1645,0.421,0.4157,0.375,0.4889,0.608,0.37,0.4594,0.3513,0.3758,0.3786
mp-14568,BaMgF4,AB4C_mC24_36_a_4a_a:Ba-F-Mg,2.2665,2.3756,2.1714,2.2273,2.7326,2.3221,2.3255,2.4301,2.5856,1.6356,0.2386,0.2452,0.2284,0.2315,0.4498,0.2956,0.3309,0.2548,0.2577,0.2378
mp-19717,TePb,AB_cF8_225_a_b:Pb-Te,26.2356,28.1008,23.6822,23.2231,26.1492,25.2923,24.8578,25.5934,23.9109,23.6488,3.832,6.5734,2.9507,1.8176,3.931,3.3332,2.1858,2.5491,2.291,1.8262
mp-22914,CuCl,AB_cF8_216_a_c:Cl-Cu,5.1371,5.1528,5.0611,5.0731,5.3739,5.1818,5.6159,5.39,5.8405,4.3325,0.4891,0.3327,0.338,0.3762,0.6413,0.4003,0.4737,0.3821,0.5128,0.4387
mp-691,SnSe,AB_mP8_62_c_c:Se-Sn,16.6878,17.2919,16.3938,16.4363,16.6631,17.6087,17.8553,17.3439,17.5693,14.9599,1.1674,0.8663,0.8855,0.9042,2.0252,1.0193,0.859,1.0104,1.0212,0.873
mp-1265,MgO,AB_cF8_225_a_b:Mg-O,3.1657,3.1489,3.0756,3.2505,3.7919,3.4895,3.3932,3.478,3.4487,2.5534,0.2571,0.2635,0.2611,0.2709,0.4919,0.3144,0.356,0.3294,0.2755,0.2587
mp-684580,AgI,AB_tI4_119_a_c:Ag-I,4.9828,5.2157,4.948,4.7762,5.3562,5.2962,5.3212,5.1119,5.38,4.283,0.3169,0.3005,0.2944,0.2879,0.5762,0.3731,0.4033,0.3549,0.3297,0.2886
mp-1138,LiF,AB_cF8_225_a_b:F-Li,2.1657,2.0134,2.1788,2.1217,2.3968,2.1164,2.1147,2.2917,2.1794,1.5216,0.2351,0.2426,0.2361,0.2358,0.4512,0.2874,0.334,0.2703,0.2642,0.2505
mp-5238,GaCuS2,ABC2_tI16_122_a_b_d:Cu-Ga-S,8.7602,8.5213,8.3885,8.0129,8.4596,9.1974,9.3149,8.8741,8.6103,7.3473,0.4782,0.5627,0.8219,0.3985,0.7754,0.5605,0.8936,0.6921,0.5517,0.4828
mp-557,TeO2,A2B_tP12_92_b_a:O-Te,5.8786,5.7109,5.6859,5.3111,6.2615,6.1154,5.4951,5.2089,6.0979,4.7944,0.32,0.314,0.3528,0.2814,0.6349,0.3772,0.4665,0.335,0.3368,0.3294
mp-23197,TlI,AB_cP2_221_a_b:I-Tl,6.4064,5.8863,5.55,6.0796,6.9223,7.6116,5.4477,6.0683,5.972,4.8288,0.3827,0.3422,0.2998,0.3129,0.6646,0.5082,0.3572,0.3651,0.3335,0.3143
mp-22862,NaCl,AB_cF8_225_a_b:Cl-Na,2.3837,2.4476,2.4893,2.3632,2.825,2.4135,2.4959,2.5508,2.7286,1.9612,0.2425,0.2439,0.2391,0.2351,0.4695,0.297,0.3282,0.2576,0.2613,0.2383
mp-2605,CaO,AB_cF8_225_a_b:Ca-O,3.7036,3.9564,3.556,3.908,4.0988,3.7705,3.9436,3.9763,3.7646,3.0363,0.2696,0.2724,0.263,0.2934,0.5056,0.3118,0.3673,0.3113,0.2763,0.2631
mp-981,SrF2,A2B_cF12_225_c_a:F-Sr,2.1134,2.3594,2.1428,2.2055,2.689,2.4364,2.1891,2.251,2.4768,1.5649,0.2275,0.2557,0.2293,0.2354,0.4502,0.2799,0.3278,0.2537,0.2497,0.2304
mp-682,NaF,AB_cF8_225_a_b:F-Na,1.8273,1.8951,1.8088,1.9678,2.4332,1.9949,1.9266,2.0964,2.0863,1.3259,0.2202,0.2378,0.2349,0.2322,0.444,0.2886,0.3385,0.255,0.2606,0.2368
mp-4820,ZrSiO4,A4BC_tI24_141_h_a_b:O-Si-Zr,4.3574,4.4973,4.184,4.2381,4.6187,4.2341,4.3491,4.328,4.4449,3.3233,0.2787,0.2896,0.2696,0.2663,0.5458,0.3386,0.3709,0.3185,0.2809,0.2738
mp-2964,NaNO2,ABC2_mI8_44_a_a_c:N-Na-O,2.1902,2.285,2.1899,2.3623,2.6363,2.5118,2.2857,2.3669,2.469,1.5416,0.2384,0.2398,0.2398,0.2405,0.4601,0.308,0.3331,0.2546,0.2602,0.2408
mp-804,GaN,AB_hP4_186_b_b:Ga-N,5.6549,6.1408,5.6967,5.8332,6.7046,6.1816,6.2203,6.3025,6.2807,5.0176,0.3208,0.3025,0.3255,0.2826,0.6254,0.3831,0.4029,0.3491,0.3238,0.2779
mp-23193,KCl,AB_cF8_225_a_b:Cl-K,2.1428,2.2243,2.2388,2.2063,2.6799,2.4099,2.3637,2.4705,2.4754,1.6822,0.2341,0.2438,0.2368,0.2358,0.4591,0.2907,0.3348,0.2689,0.257,0.2471
mp-149,Si,A_cF8_227_a:Si,12.5761,13.0274,11.8547,12.5481,14.1765,12.6363,12.7603,12.182,12.7616,12.1179,1.128,0.905,0.6614,0.8546,1.6632,1.2076,0.7559,0.7166,1.0053,0.6672
mp-1029,BaF2,AB2_cF12_225_a_c:Ba-F,2.2117,2.4453,2.2524,2.3225,2.7475,2.5134,2.2562,2.3464,2.6468,1.684,0.2306,0.2564,0.2326,0.2387,0.4517,0.2818,0.3275,0.2537,0.2514,0.2322
mp-4515,Ag3SbS3,A3B3C_hR42_161_b_b_a:Ag-S-Sb,8.1622,7.0155,9.1687,8.8267,9.6782,7.33,8.6328,10.3427,7.3517,9.1491,0.4988,0.3448,0.4594,0.4871,1.2396,0.4387,0.5764,0.7047,0.3566,0.5216
mp-2242,GeS,AB_mP8_62_c_c:Ge-S,10.3559,10.8058,9.5743,10.423,10.8645,11.6899,11.3034,11.3614,11.6445,9.5522,0.625,0.5385,0.5424,0.5777,1.1243,0.8147,0.7566,0.6709,0.6003,0.6072
mp-1190,ZnSe,AB_cF8_216_a_c:Se-Zn,7.3724,8.0544,7.0632,7.2719,7.798,7.1162,7.3627,7.0457,7.9228,6.4942,0.44,0.403,0.4023,0.3789,0.7633,0.4352,0.4483,0.3873,0.4719,0.4118
mp-22922,AgCl,AB_cF8_225_a_b:Ag-Cl,4.7485,4.9129,4.7992,4.489,5.0566,4.7991,5.0968,4.8557,4.9876,4.3742,0.3291,0.3247,0.3942,0.3252,0.7741,0.4525,0.4625,0.4935,0.3442,0.3195
mp-22875,TlBr,AB_cP2_221_a_b:Br-Tl,4.8074,5.4772,4.2824,5.4603,5.8266,5.2286,4.8701,5.1579,5.4045,4.6648,0.3156,0.3511,0.2727,0.3005,0.6204,0.3603,0.3771,0.3379,0.346,0.33
mp-22898,KI,AB_cF8_225_a_b:I-K,2.6501,3.0679,2.7335,2.7352,3.231,3.1193,2.7206,3.0488,2.9834,2.1433,0.248,0.2561,0.2455,0.2466,0.466,0.309,0.3418,0.281,0.2739,0.2488
mp-8016,AlCuSe2,ABC2_tI16_122_a_b_d:Al-Cu-Se,8.2657,8.4458,7.7504,7.9131,8.4674,8.6117,8.0937,8.4516,8.5417,6.827,0.3998,0.3992,0.4047,0.3769,0.7817,0.5255,0.5484,0.6808,0.4589,0.4177
mp-571102,TlI,AB_cF8_225_a_b:I-Tl,5.4911,5.6158,5.4031,5.7142,5.793,5.7162,5.443,5.8206,5.8622,4.5362,0.33,0.3389,0.3032,0.3151,0.649,0.4306,0.3856,0.3681,0.33,0.2943
mp-22913,CuBr,AB_cF8_216_a_c:Br-Cu,6.1102,6.2414,6.0453,6.2719,6.5355,6.2996,6.7366,6.4584,6.684,5.18,0.4333,0.3405,0.3554,0.356,0.7061,0.4573,0.509,0.3775,0.4576,0.3884
mp-3955,AlPO4,AB4C_hP18_154_a_2c_b:Al-O-P,2.52,2.7457,2.3632,2.6479,2.7956,2.7933,2.6666,2.9957,2.9359,1.8357,0.259,0.2592,0.2497,0.2531,0.4979,0.3021,0.3436,0.2832,0.2676,0.244
mp-23259,LiBr,AB_cF8_225_a_b:Br-Li,2.9159,3.0661,3.1952,2.9127,3.3234,3.1427,3.3056,3.3542,3.3371,2.5166,0.2607,0.261,0.2577,0.2626,0.5132,0.3133,0.3376,0.2975,0.3073,0.2553
mp-5986,BaTiO3,AB3C_tP5_99_b_ac_a:Ba-O-Ti,5.8478,6.2369,5.9308,5.9288,6.1537,5.7855,5.8397,5.9956,5.9795,4.9781,0.3381,0.3406,0.3256,0.2828,0.6343,0.3803,0.3984,0.3487,0.3358,0.3095
mp-700,GeSe,AB_mP8_62_c_c:Ge-Se,13.0914,14.3186,12.6241,13.3685,13.8756,14.7164,14.2651,13.6215,14.6839,12.0094,0.9088,0.6895,0.7665,0.7584,1.6768,1.0996,0.8291,0.8506,0.755,0.7189
mp-2133,ZnO,AB_hP4_186_b_b:O-Zn,5.1801,5.4344,5.208,5.525,5.7989,5.5118,5.7536,5.7956,5.6282,4.6859,0.328,0.2957,0.3093,0.3217,0.5911,0.3799,0.3848,0.3842,0.326,0.2807
mp-1249,MgF2,A2B_tP6_136_f_a:F-Mg,1.9747,2.0092,1.8804,2.0808,2.4425,2.2159,2.0612,2.2602,2.3221,1.4881,0.2291,0.2402,0.2284,0.2576,0.5105,0.2865,0.3308,0.2653,0.2598,0.2413
mp-634,HgS,AB_hP6_152_a_b:Hg-S,6.6696,6.9565,6.7581,6.5759,6.7379,6.8218,6.9076,6.7592,6.9399,6.1023,0.3806,0.3377,0.3459,0.2968,0.6406,0.3975,0.4645,0.3616,0.3217,0.3294
mp-3666,LiTaO3,AB3C_hR30_161_a_b_a:Li-O-Ta,4.832,5.2604,5.0745,4.9232,5.842,5.6081,5.1455,5.3637,5.5104,4.1516,0.3069,0.2977,0.3126,0.2773,0.5999,0.3746,0.3777,0.3234,0.3178,0.279
mp-22895,CuI,AB_cF8_216_a_c:Cu-I,6.527,6.4964,6.3379,6.2285,6.5496,6.5915,6.7251,6.4458,6.2774,5.6703,0.5077,0.3592,0.3787,0.3456,0.7252,0.4775,0.4648,0.4445,0.4584,0.4275
mp-573697,CsCl,AB_cF8_225_a_b:Cl-Cs,2.2471,2.2493,2.2562,2.3315,2.8348,2.3963,2.449,2.4642,2.5722,1.8147,0.237,0.2485,0.2326,0.235,0.4638,0.2943,0.3401,0.2592,0.264,0.2408
mp-661,AlN,AB_hP4_186_b_b:Al-N,4.5684,4.8314,4.3356,4.1775,5.1689,4.6531,4.6515,4.857,5.012,3.661,0.2905,0.289,0.2836,0.248,0.5502,0.3582,0.3769,0.317,0.3201,0.2726
mp-19,Te,A_hP3_152_a:Te,43.5906,45.0179,44.416,44.6419,44.7775,46.5185,41.6889,47.6104,45.396,41.968,5.1179,5.4427,4.8535,4.5624,5.3514,6.7514,5.2623,12.8715,4.7155,5.8882
mp-1367,Mg2Si,A2B_cF12_225_c_a:Mg-Si,11.3896,10.98,14.418,6.962,13.5884,13.2435,11.0579,13.0934,18.4485,10.7902,0.7985,0.7047,1.0405,0.4855,1.8128,1.1548,0.6851,2.49,1.6772,0.6067
mp-856,SnO2,A2B_tP6_136_f_a:O-Sn,4.4968,5.0146,4.6371,4.6076,5.1498,4.8378,4.7173,5.1052,4.9658,3.8948,0.2997,0.3194,0.2914,0.2834,0.5805,0.334,0.375,0.3289,0.3356,0.3072
mp-2542,BeO,AB_hP4_186_b_b:Be-O,2.9699,3.0732,2.9203,2.9945,3.5089,3.2519,3.1482,3.2032,3.2574,2.517,0.2521,0.2637,0.2527,0.2506,0.5054,0.321,0.3445,0.2945,0.2759,0.2443
mp-406,CdTe,AB_cF8_216_a_c:Cd-Te,9.4641,10.7975,9.0385,8.9242,9.8513,9.1263,9.57,9.1932,9.7076,9.3843,0.6034,0.5363,0.5801,0.4877,1.052,0.5501,0.6967,0.511,0.6274,0.6327
mp-2176,ZnTe,AB_cF8_216_a_c:Te-Zn,8.8713,9.8224,8.6449,8.6376,9.3884,8.6074,9.151,8.5422,9.4699,8.5144,0.5206,0.4552,0.4528,0.4406,0.9613,0.5039,0.5759,0.5502,0.5778,0.4911
mp-3792,YAlO3,AB3C_mP20_62_a_cd_c:Al-O-Y,3.9664,4.1391,3.6681,3.8405,4.7427,4.0394,3.7534,4.2894,4.3355,3.2788,0.2842,0.2925,0.3246,0.2633,0.6093,0.3193,0.3593,0.3656,0.3054,0.2691
mp-5854,LiGaO2,ABC2_mP16_33_a_a_2a:Ga-Li-O,3.0534,3.3758,3.1836,3.2736,3.607,3.4258,3.3144,3.4966,3.7583,2.6219,0.2627,0.2707,0.2656,0.2674,0.4986,0.3142,0.3409,0.2705,0.2823,0.25
mp-2624,AlSb,AB_cF8_216_a_c:Al-Sb,12.2921,12.2665,11.8887,11.3074,12.2652,11.4906,11.789,12.2456,11.8366,11.4466,1.276,0.5226,0.6218,0.5701,1.2294,0.7121,0.7194,1.1683,0.803,0.6742
mp-1143,Al2O3,A2B3_hR30_167_c_e:Al-O,3.0936,3.6247,3.0606,3.6854,3.1462,4.5553,2.8493,3.0682,3.6419,2.1379,0.2736,0.2589,0.2816,0.2655,0.4884,0.3515,0.355,0.2685,0.358,0.2642
mp-2490,GaP,AB_cF8_216_a_c:Ga-P,10.4389,11.2496,10.5684,10.1389,11.0957,9.9921,10.6071,10.0784,10.2277,9.9432,0.6613,0.4844,0.5864,0.5197,1.0897,0.6481,0.6596,0.6873,0.5778,0.5376
mp-7631,SiC,AB_hP12_186_a2b_a2b:C-Si,6.9338,7.4692,6.9617,6.6786,7.6152,7.453,7.3899,7.6225,7.4392,5.7745,0.4365,0.4445,0.3597,0.4028,0.8648,0.5684,0.5188,0.4274,0.4402,0.3456
mp-2201,PbSe,AB_cF8_225_a_b:Pb-Se,21.1128,20.4259,20.0306,18.3917,19.7181,19.4263,20.3662,20.331,19.1972,18.841,3.1281,3.9743,2.3443,1.3192,3.038,1.9808,1.1283,1.5773,1.2826,1.2696
mp-1070,CdSe,AB_hP4_186_b_b:Cd-Se,8.7384,9.2412,8.3895,8.9579,9.0302,8.5085,8.7426,8.5673,9.4647,7.334,0.4395,0.3795,0.3825,0.4493,0.7832,0.4323,0.4463,0.4068,0.4494,0.3619
mp-2741,CaF2,AB2_cF12_225_a_c:Ca-F,2.0957,2.271,2.1843,2.2028,2.6171,2.3621,2.4028,2.2186,2.4271,1.582,0.2279,0.2537,0.2336,0.2422,0.4711,0.2753,0.3346,0.2585,0.2459,0.2277
mp-1639,BN,AB_cF8_216_a_c:B-N,4.4935,4.9603,4.5662,4.3547,5.3323,4.8051,4.602,4.9983,4.5943,3.7822,0.2901,0.2999,0.2898,0.2576,0.629,0.3753,0.395,0.3453,0.333,0.2833
mp-23231,AgBr,AB_cF8_225_a_b:Ag-Br,5.3345,5.3021,5.2064,4.7251,4.8913,4.8342,5.9293,5.0573,6.376,4.4672,0.3617,0.3165,0.3451,0.3398,0.6851,0.4591,0.4827,0.4339,0.4093,0.3185
mp-21276,PbS,AB_cF8_225_a_b:Pb-S,17.5893,15.7026,18.0221,15.5744,16.4234,15.9893,16.2894,18.6954,16.5014,15.8426,2.296,2.5037,1.99,0.9665,2.9324,1.5824,0.9228,2.426,1.1256,1.264
mp-568662,BaCl2,AB2_cF12_225_a_c:Ba-Cl,2.6874,3.2513,2.6882,2.8177,3.3104,3.0184,3.0861,2.9208,3.0584,2.1941,0.2554,0.3581,0.2361,0.2401,0.4832,0.2928,0.3403,0.2625,0.2637,0.2407
mp-1170,SnS2,A2B_hP3_164_d_a:S-Sn,5.7116,6.0063,5.4898,5.3521,6.0462,5.8188,5.5996,6.0622,5.7738,5.041,0.3373,0.2996,0.3177,0.2655,0.7445,0.3738,0.405,0.3449,0.3111,0.3207
mp-2231,SnS,AB_mP8_62_c_c:S-Sn,12.4665,13.3464,12.3213,12.7053,12.1711,14.3279,14.6744,13.8409,14.2394,11.1871,0.7346,0.6226,0.6371,0.641,1.477,0.8816,0.8532,0.7345,0.7985,0.6279
mp-2472,SrO,AB_cF8_225_a_b:O-Sr,3.6403,3.9432,3.5524,3.9379,4.2458,3.8647,3.8006,4.0468,3.8581,2.9751,0.2683,0.2706,0.2605,0.2872,0.5082,0.3162,0.3572,0.2894,0.2714,0.2595
mp-463,KF,AB_cF8_225_a_b:F-K,1.9322,1.7471,1.9243,1.8503,2.3169,2.0424,1.8311,2.2006,2.152,1.3028,0.2255,0.2371,0.2359,0.2311,0.4316,0.2848,0.3292,0.2639,0.2525,0.2491
mp-3834,BaZrO3,AB3C_cP5_221_a_c_b:Ba-O-Zr,4.9772,5.1162,4.7272,4.958,5.3022,4.9423,5.1893,5.2464,4.9801,4.0907,0.3004,0.3181,0.3094,0.3314,0.5552,0.3434,0.3764,0.3132,0.305,0.288
mp-23167,TlCl,AB_cP2_221_a_b:Cl-Tl,4.3222,4.5525,3.7445,4.8593,5.5131,4.6156,4.2341,4.6392,4.492,4.0169,0.2934,0.3076,0.2591,0.2876,0.5937,0.353,0.3491,0.312,0.3022,0.2932
mp-66,C,A_cF8_227_a:C,6.1388,6.1407,5.5031,5.698,6.7549,6.1763,5.6588,5.9344,5.1926,4.6059,0.5348,0.4048,0.6561,0.4107,1.3067,0.5863,0.5344,0.4782,0.4269,0.3999
mp-560902,MnF2,A2B_tP6_136_f_a:F-Mn,2.2525,2.2752,2.3592,2.4431,2.7453,2.5363,2.5433,2.6216,2.6663,1.8244,0.2899,0.2456,0.2438,0.2518,0.5232,0.296,0.3554,0.2737,0.2786,0.259
mp-22867,RbBr,AB_cF8_225_a_b:Br-Rb,2.2893,2.4166,2.3109,2.4201,2.8783,2.5578,2.475,2.6323,2.6342,1.8442,0.2384,0.2454,0.235,0.2399,0.4677,0.3031,0.3386,0.2643,0.272,0.24
mp-984,BN,AB_hP4_194_c_d:B-N,3.5307,4.1879,3.7922,3.7283,4.3015,4.1589,3.5396,3.8343,3.4269,2.839,0.2678,0.3224,0.3488,0.2824,0.7751,0.4192,0.4311,0.3457,0.3389,0.2649
mp-1479,BP,AB_cF8_216_a_c:B-P,8.8702,9.4447,8.6927,8.8461,9.4804,9.2546,8.992,8.9387,8.6664,8.228,0.5282,0.4165,0.4024,0.5257,0.9385,0.6713,0.5888,0.4595,0.5029,0.4358
mp-559798,NiF2,A2B_tP6_136_f_a:F-Ni,2.3204,2.5999,2.5657,2.6038,2.7378,2.6747,2.7216,2.9296,2.6726,2.0339,0.2793,0.2646,0.2512,0.2486,0.5509,0.3059,0.3849,0.2907,0.2886,0.2634
mp-2815,MoS2,AB2_hP6_194_c_f:Mo-S,8.9928,9.5838,9.558,9.3294,10.1831,9.5485,9.2333,9.9955,9.6372,8.4141,0.4699,0.3986,0.4273,0.4991,0.8798,0.4612,0.5542,0.4694,0.5267,0.4161
mp-1415,CaSe,AB_cF8_225_a_b:Ca-Se,5.796,5.8741,5.2276,5.3377,6.0655,5.1889,5.608,5.7649,5.7362,5.1567,0.3228,0.3024,0.2929,0.3003,0.5947,0.352,0.3854,0.358,0.3072,0.2974
mp-1986,ZnO,AB_cF8_216_a_c:O-Zn,5.3941,5.5167,5.8487,5.7482,5.8143,5.7867,6.3184,5.0355,6.0541,5.1076,0.6912,0.7871,0.559,0.4135,0.6447,0.4519,0.5554,1.5481,0.7633,0.4941
mp-7140,SiC,AB_hP4_186_b_b:C-Si,6.9078,7.5071,6.9781,6.6001,7.6822,7.326,7.4253,7.7704,7.3042,5.7958,0.4524,0.4347,0.36,0.3965,0.8732,0.5534,0.5242,0.4222,0.4052,0.346
mp-1634,MoSe2,AB2_hP6_194_c_f:Mo-Se,10.3067,10.774,10.7372,10.4578,11.2209,10.7858,10.577,10.828,10.6683,9.6281,0.5434,0.4432,0.4912,0.5115,1.0043,0.4931,0.6063,0.4913,0.4683,0.469
mp-560588,ZnS,AB_hP4_186_b_b:S-Zn,5.7141,5.9499,5.6705,5.6472,6.3859,5.7949,6.2466,6.15,6.1874,5.2133,0.3099,0.296,0.3127,0.2808,0.6058,0.3613,0.3812,0.3257,0.3068,0.2852
mp-1340,Ga2Se3,A2B3_mC20_9_2a_3a:Ga-Se,7.5784,8.4983,7.3261,7.9147,8.2496,7.3596,7.3052,7.7152,8.1932,6.7911,0.3888,0.365,0.3641,0.347,0.7174,0.4137,0.443,0.4242,0.3617,0.3598
mp-28027,AsF3,AB3_mP16_33_a_3a:As-F,2.0063,2.0768,2.0604,2.1788,2.537,2.2639,2.366,2.4732,2.4422,1.3852,0.2387,0.2627,0.2373,0.2341,0.4969,0.2796,0.3429,0.2669,0.2584,0.2591
mp-27529,PI3,A3B_hP8_173_c_b:I-P,3.8201,3.5981,3.5408,3.4656,3.9721,3.7718,3.7713,3.9023,3.837,3.0035,0.284,0.264,0.2672,0.2618,0.4996,0.3205,0.3682,0.3015,0.2747,0.2654
mp-2758,SrSe,AB_cF8_225_a_b:Se-Sr,5.3081,5.407,5.0976,5.1619,5.5459,4.9803,5.1066,5.329,5.2421,4.4426,0.3096,0.2999,0.2951,0.2905,0.5774,0.3428,0.3707,0.3224,0.3008,0.2812
mp-909,As2Se3,A2B3_mP20_14_2e_3e:As-Se,7.7496,8.4098,7.2667,7.8587,8.5033,8.3009,7.6659,8.081,8.1543,6.6702,0.4578,0.4043,0.3737,0.4313,0.7408,0.4244,0.6424,0.4919,0.4291,0.395
mp-22691,InSe,AB_hR12_160_2a_2a:In-Se,6.2373,7.9177,6.7393,7.118,8.4866,7.3906,7.7627,4.4071,13.4046,8.2458,0.9764,0.3569,0.3966,0.339,1.7836,0.4768,0.5155,1.8713,11.8401,0.714
mp-558134,TlF,AB_mC8_39_c_c:F-Tl,3.7245,3.9899,3.7962,3.9645,4.1945,3.888,4.1388,4.0507,4.1766,3.2886,0.3337,0.3304,0.2554,0.2828,0.5082,0.3302,0.3696,0.3378,0.2951,0.3252
mp-3448,KMgF3,A3BC_cP5_221_c_a_b:F-K-Mg,1.9342,1.9598,1.9715,1.9839,2.3292,2.1258,2.1488,2.1361,2.2613,1.4205,0.2273,0.2428,0.2253,0.2444,0.4355,0.283,0.329,0.259,0.2611,0.2422
mp-555123,KMnF3,A3BC_cP5_221_c_a_b:F-K-Mn,2.0923,2.1578,2.0766,2.2396,2.6044,2.4495,2.3119,2.4768,2.5037,1.7196,0.2446,0.2407,0.2306,0.2545,0.4797,0.2919,0.357,0.2634,0.2725,0.2486
mp-4979,AlCuS2,ABC2_tI16_122_a_b_d:Al-Cu-S,6.591,6.812,6.5302,6.2766,6.7634,7.0526,6.5899,6.9076,6.7201,5.6776,0.3269,0.3326,0.3703,0.3055,0.6397,0.4371,0.4394,0.4493,0.391,0.3471
mp-4763,ZnSiP2,A2BC_tI16_122_d_a_b:P-Si-Zn,10.4848,10.5871,10.495,10.1328,10.9683,10.6485,10.4594,11.0263,10.3464,9.3742,0.5418,0.4673,0.4784,0.4473,0.9696,0.5111,0.5877,0.4717,0.429,0.4404
mp-5238,GaCuS2,ABC2_tI16_122_a_b_d:Cu-Ga-S,8.7602,8.5213,8.3886,8.0129,8.4596,9.1974,9.3149,8.8741,8.6103,7.3473,0.4782,0.5627,0.8219,0.3985,0.7754,0.5605,0.8936,0.6921,0.5517,0.4828
mp-3163,BaSnO3,AB3C_cP5_221_a_c_b:Ba-O-Sn,5.241,5.715,5.0499,5.3823,5.7496,5.59,5.5766,5.7279,5.3275,4.7311,0.3285,0.3763,0.3765,0.3234,0.5752,0.3794,0.3965,0.3376,0.3402,0.3469
mp-2964,NaNO2,ABC2_mI8_44_a_a_c:N-Na-O,2.1902,2.285,2.1899,2.3623,2.6363,2.5118,2.2857,2.3669,2.469,1.5416,0.2384,0.2398,0.2398,0.2405,0.4601,0.308,0.3331,0.2546,0.2602,0.2408
mp-22965,BiTeI,ABC_hP3_156_a_b_c:Bi-I-Te,10.2553,10.3261,9.5799,9.4163,10.1278,10.5221,10.4035,10.41,10.067,8.9917,0.6493,0.4801,0.544,0.4292,0.9079,0.5692,0.6472,0.5965,0.5373,0.5606
mp-22894,AgI,AB_hP4_186_b_b:Ag-I,4.865,5.278,4.7145,4.6999,5.3383,5.3484,5.3227,5.2877,5.2308,4.4416,0.3126,0.2964,0.2894,0.2736,0.5569,0.3625,0.3838,0.3223,0.3075,0.2797
mp-2251,Li3N,A3B_hP4_191_bc_a:Li-N,5.6753,5.935,6.0018,5.4803,6.4863,5.9358,6.1288,6.4592,6.3234,5.0786,0.3324,0.3066,0.3378,0.3043,0.6995,0.4589,0.4061,0.3927,0.3311,0.3226
mp-830,GaN,AB_cF8_216_a_c:Ga-N,6.0374,6.2342,6.0976,5.9353,6.6421,5.784,6.0486,5.9064,6.1495,5.582,0.4156,0.3467,0.3719,0.318,0.6587,0.3916,0.4371,0.4966,0.4355,0.3653
mp-22925,AgI,AB_cF8_216_a_c:Ag-I,4.8938,5.2968,4.9313,4.8326,5.2071,5.1503,5.2121,5.1799,5.1021,4.1602,0.4805,0.3301,0.3168,0.2998,0.6376,0.4357,0.4679,0.3923,0.3953,0.3474
mp-22903,RbI,AB_cF8_225_a_b:I-Rb,2.5311,2.7418,2.587,2.6857,3.0525,2.8796,2.6248,2.8928,2.8205,2.1332,0.2432,0.2503,0.2392,0.2427,0.4396,0.303,0.3351,0.2736,0.272,0.2424
mp-23295,RbCl,AB_cF8_225_a_b:Cl-Rb,2.1566,2.1867,2.1714,2.3191,2.7528,2.3437,2.2803,2.4073,2.4729,1.7139,0.2321,0.2409,0.2308,0.2349,0.4553,0.2917,0.3268,0.2545,0.26,0.239
mp-827,KN3,AB3_tI16_140_a_dh:K-N,2.5235,2.5946,2.4854,2.5328,3.1219,2.6037,2.6657,2.6151,2.6044,1.7353,0.2425,0.2662,0.2563,0.2493,0.4927,0.3077,0.3374,0.2642,0.2641,0.2542
mp-9252,HgS,AB_hP6_154_a_b:Hg-S,6.6696,6.9565,6.7581,6.5759,6.7379,6.8218,6.9076,6.7592,6.9399,6.1023,0.3806,0.3377,0.3459,0.2968,0.6406,0.3975,0.4645,0.3616,0.3217,0.3294
mp-8884,ZnTe,AB_hP4_186_b_b:Te-Zn,8.6578,9.3355,8.4965,8.2711,9.6666,8.6092,9.086,8.6312,9.2846,7.7524,0.4395,0.3791,0.4004,0.3753,0.8302,0.4473,0.4695,0.4205,0.4149,0.3582
mp-1873,ZnF2,A2B_tP6_136_f_a:F-Zn,2.4369,2.3685,2.3413,2.4144,3.0179,2.6083,3.1187,2.687,2.7585,2.0689,0.2769,0.24,0.2407,0.2511,0.5016,0.2987,0.3741,0.271,0.2674,0.2538
mp-22896,LaCl3,A3B_hP8_176_h_c:Cl-La,3.4342,4.0238,3.607,3.3958,3.796,3.5831,3.785,3.9021,4.2827,3.0141,0.2677,0.2871,0.2622,0.2544,0.4985,0.3164,0.3584,0.2998,0.2839,0.2689
mp-19399,Cr2O3,A2B3_hR30_167_c_e:Cr-O,6.1594,6.4473,6.4872,5.8182,6.4865,6.8877,5.5562,6.8525,7.0927,5.0989,0.3999,0.3523,0.3933,0.3258,0.677,0.4585,0.4515,0.5779,0.4505,0.4457
mp-9984,SnS2,A2B_hP6_186_ab_b:S-Sn,5.8867,6.2794,5.8393,5.8248,6.6863,6.2956,6.5687,6.4023,6.3781,5.4535,0.3168,0.3141,0.3152,0.2698,0.6604,0.3863,0.4006,0.3518,0.3197,0.309
mp-1253,BaSe,AB_cF8_225_a_b:Ba-Se,5.4777,5.5933,5.0733,5.3605,5.6822,5.0283,5.4911,5.2948,5.3952,4.5048,0.3175,0.3124,0.2897,0.3163,0.5815,0.3433,0.3792,0.3344,0.3017,0.2798
mp-2507,GaS,AB_hP8_194_f_f:Ga-S,5.1358,5.5268,5.4598,4.8345,6.2289,5.3488,5.439,5.5681,5.377,4.5832,0.3015,0.2933,0.2912,0.2668,0.5955,0.3556,0.3658,0.3614,0.295,0.2902
mp-11714,SiC,AB_hP8_186_ab_ab:C-Si,7.0658,7.5886,6.9182,6.8592,7.6384,7.5054,7.3228,7.7735,7.4579,5.787,0.4385,0.4588,0.3651,0.4152,0.8614,0.5754,0.5226,0.4409,0.4444,0.3502
mp-632326,HCl,AB_mC8_36_a_a:Cl-H,2.2146,2.0783,2.0485,2.0817,2.6468,2.2393,2.187,2.3375,2.4872,1.5111,0.2443,0.2428,0.2401,0.2425,0.4636,0.2987,0.3353,0.2538,0.2684,0.2551
mp-226,FeS2,AB2_cP12_205_a_c:Fe-S,21.3,21.4032,21.9683,19.0763,20.2175,21.4556,21.1434,22.2179,22.9763,21.3801,2.0105,0.9556,1.1473,0.9324,2.0555,1.9062,1.8585,1.4343,1.3755,1.2682
mp-22958,KBrO3,ABC3_hR15_160_a_a_b:Br-K-O,2.4413,2.5829,2.5543,2.7749,3.071,2.7217,2.836,2.8685,2.9277,2.024,0.2632,0.2584,0.2528,0.2503,0.4802,0.3281,0.3503,0.2723,0.2728,0.2536
mp-555359,KMnF3,A3BC_tI20_140_ah_b_c:F-K-Mn,1.9589,2.1507,2.2557,2.1595,2.6857,2.4155,2.4088,2.297,2.4402,1.5233,0.2659,0.2609,0.2487,0.2431,0.5033,0.3163,0.3769,0.2802,0.2612,0.2488
mp-4452,Cd(GaS2)2,AB2C4_tI14_82_a_bc_g:Cd-Ga-S,5.731,6.0619,5.742,5.8927,6.0688,5.6782,5.9651,6.219,5.8991,5.125,0.3102,0.3016,0.307,0.2768,0.5781,0.3564,0.3802,0.3428,0.3073,0.3035
mp-7848,AlPO4,AB4C_tI12_82_a_g_c:Al-O-P,2.2272,2.167,2.191,2.2744,2.4432,2.4987,2.4216,2.4342,2.5981,1.6391,0.2415,0.2656,0.2423,0.2756,0.5629,0.302,0.3496,0.2688,0.2683,0.2523
mp-4175,ZnSnP2,A2BC_tI16_122_d_a_b:P-Sn-Zn,12.0468,12.3748,12.2858,10.9739,12.6209,12.0331,12.0264,13.0614,12.8705,11.1456,0.6192,0.4912,0.5497,0.453,1.1314,0.5801,0.6474,0.5863,0.5479,0.5176
mp-3772,Cd(GaSe2)2,AB2C4_tI14_82_a_bc_g:Cd-Ga-Se,7.3538,7.8053,7.3749,7.4305,7.6656,7.4159,7.6352,7.7486,7.7023,6.6305,0.3676,0.3306,0.3397,0.3039,0.6519,0.389,0.4189,0.363,0.348,0.3337
mp-5342,GaAgS2,ABC2_tI16_122_a_b_d:Ag-Ga-S,6.8933,7.1672,7.3646,6.7846,7.3416,7.3372,7.208,7.4013,7.0523,6.35,0.3467,0.3346,0.3558,0.2952,0.6661,0.4249,0.4557,0.4052,0.3653,0.3337
